57082
46019
40115
41300
34335
34066
35984
84390
70543
40423
41080
37585
53710
33080
43688
33346
35408
79422
41607
41651
85663
35299
37527
46281
44794
42031
96122
49417
77978
63224
58482
65452
35888
81817
36895
35850
59098
52984
59152
56128
37714
34258
82405
1669
10765
49944
16509
71875
3807
35396
21900
80432
54200
18288
48947
54104
48192
77114
39576
68532
32855
35723
3520
44431
68418
74605
34093
63829
33309
50253
73469
81516
82336
82393
35836
72269
49816
94535
43914
71952
33067
42214
70933
7549
87407
25230
22061
34587
46429
58701
46848
97555
54675
73226
52019
44080
83637
54859
55875
42446
51037
33337
66461
68736
64448
68116
92434
51831
41932
69659
3480
67450
36322
34979
39550
65842
56341
52345
75972
32932
40757
48102
87285
54340
4001
55103
36475
3426
92002
38422
51614
23023
79171
36193
62107
92262
41227
40774
10931
43612
70538
6258
48740
37221
55904
81574
36398
26889
74140
24994
70903
10210
17025
61187
4213
46662
69179
17711
82990
43158
37918
57559
51290
47595
37332
49361
49836
38764
38155
58148
47965
42021
49476
69154
63225
97445
51774
9001
33376
77838
47722
54503
33701
46291
48308
36989
50115
70739
79928
89993
68069
42727
10409
43410
33495
41633
1323
57491
40439
98707
39848
41652
35539
5740
34992
41347
24980
33348
48085
44593
85293
34139
12986
64956
61409
64091
34402
75486
42667
56762
33577
24785
98412
23096
79622
78885
55456
57541
33763
43793
34728
23264
38979
57991
62259
32035
34050
73290
20418
44612
55043
50980
43901
33620
41137
43607
33293
35588
52112
47156
82538
87000
33379
76576
76020
33050
72745
42949
36392
33146
69146
55020
59882
42709
47144
60211
34673
64543
34948
57041
44782
60407
76409
14343
40000
54807
73080
82886
44579
52208
72224
54855
52313
31431
74725
58468
75166
11839
5057
56179
45455
81482
6400
49703
36306
68504
66358
73293
91243
75423
40285
10303
38148
11980
89618
34967
42927
47892
39726
54062
71603
46722
58307
33956
33278
6886
67275
58029
48336
65505
22363
50298
70621
42020
51121
23817
35483
65738
72867
42794
68964
36173
30131
58389
44507
58612
13948
64440
49747
48488
39350
44083
64222
41094
37736
72389
60427
23093
65800
61098
87152
48757
20091
48242
39915
44823
65577
76199
51978
54294
66841
84266
44037
47235
34345
23164
2263
80313
81304
52855
90395
12559
44537
340
55680
43268
23911
39642
46116
47243
51709
72179
81321
37953
73457
37775
38166
68081
45330
34654
39526
83722
66795
59607
54521
77836
44654
70361
13351
33467
58134
78933
55461
2028
38371
74690
41922
34036
15483
36030
95825
60537
41688
6603
56081
37375
50364
74504
34577
55269
83201
53536
46234
38030
51539
55218
36399
42010
59784
37997
64526
37376
59130
33707
61546
39742
50044
98522
90342
76052
11911
26770
38373
55673
63944
45260
45277
69696
36279
99381
50442
60272
63217
40460
57296
44620
92510
57078
91015
38354
72170
17932
1688
72734
50610
96868
61993
44297
36363
21839
37145
43774
60543
49589
55134
20705
39484
55360
35916
36671
77158
40817
41113
34149
42828
66168
30915
43370
9278
59981
43548
40950
27440
48211
33435
27124
47255
51041
32919
74596
66893
54746
51156
33445
68376
59621
38994
83948
31429
40103
63633
40300
66741
82502
43446
16652
40077
34107
50775
54367
35825
69566
50070
32137
37691
77333
66405
61523
32918
49317
19787
35421
64840
18639
35363
46906
36354
54757
14521
72300
5653
23547
12788
46308
45715
44003
22431
50114
47669
57464
35025
37147
36930
14355
11915
46114
32887
69661
46697
90363
34561
47467
70875
82260
55854
59048
45319
48435
49551
76068
49151
40733
63888
40900
32903
75544
76657
14640
64407
80705
37206
55354
33455
65381
39784
49878
46702
65740
50478
84399
20496
53872
42270
56635
33171
89804
26912
47769
39559
63584
53165
4336
40636
44772
14584
44876
40604
56110
42790
54160
10038
45177
46229
44033
41835
50502
56013
86172
15163
58371
40409
37236
59160
92007
45858
61057
81201
53883
42336
50447
32859
81641
52773
53077
40874
34922
91487
67332
42600
34226
95932
32007
77882
87662
79749
46661
70180
42778
37559
26379
63276
77599
39049
90471
59658
33845
70455
94065
51130
60791
67920
72390
76838
53446
47176
34452
98495
45828
44243
73810
30032
7068
27174
26480
78379
18404
54289
55463
39234
65786
65746
83484
66460
70208
46183
37401
36485
58276
28220
6967
42799
71877
84502
9746
42918
44075
49779
35974
57768
52121
37751
42112
55877
40098
59855
56495
17352
47762
40228
19171
33101
35115
31004
39481
49138
33781
60559
4604
43263
31789
68608
36842
38203
87537
46445
70716
71529
98022
48574
48735
36209
94566
53551
40394
90098
52559
22157
52964
90439
36277
42474
37816
2097
38317
42908
39363
34754
94925
59829
59082
32637
46990
20787
65331
69249
64139
44826
44485
66591
65444
56869
69066
3910
35785
39876
42967
46620
54292
12590
20574
71319
80175
11749
27740
27834
59909
59752
10510
78463
56503
36217
84767
37899
35237
10413
45761
37638
46586
61106
7477
42169
47171
64912
52681
70011
39570
35234
21698
18460
89382
47481
75560
72340
9860
69915
67546
95783
43662
50413
21811
85380
53931
33251
46060
49893
50129
58120
36963
5426
13652
44945
23200
45181
58820
43441
5894
927
6831
43554
14146
16537
43951
33550
99150
3325
45157
19433
70564
84338
54498
45993
69347
52840
75021
47412
97363
44291
54996
70486
36336
51313
72275
50148
50378
21485
43489
52792
69960
36387
41115
35303
60276
40777
53347
57910
14685
64905
36993
46232
45803
14662
45596
26118
34125
62278
39914
43656
40939
44737
46071
54012
6170
98783
98977
39791
67352
35036
52694
91757
47325
45745
96903
43219
35923
34130
42481
38718
48094
40780
70332
8024
45961
55279
875
52113
80612
60428
44212
83863
34791
26834
39709
45336
65036
39379
65603
35391
41265
74677
53415
43449
43275
47528
87804
49737
57660
43604
64597
15935
17142
94425
37119
40056
96745
60997
54925
17885
68826
21679
22494
73666
35516
70666
36377
67258
82447
39830
37924
65053
43589
60247
6536
37521
45015
69235
72752
50376
26385
37270
55798
36156
65271
49498
56563
46569
48353
34847
72853
24888
22364
38331
56117
43084
75695
43419
42409
35013
73604
43052
68953
37209
95942
66372
58809
45730
50558
37633
49381
42893
79894
58007
9425
53690
90576
35446
34726
57025
42738
16201
94807
58411
36181
51231
57170
49972
29699
36220
40005
45773
54025
46433
61010
34773
47407
68512
39799
41311
78899
56496
72699
22012
35504
42983
8638
67467
64216
51749
39005
33313
85877
98737
66313
69194
53164
38056
33138
8232
45251
71818
38984
41445
36049
77919
68118
83585
81206
49519
15184
33564
18084
62989
58093
70797
47882
23151
52686
45776
44763
65268
42479
57736
39769
45781
40909
11900
70700
77875
68489
44346
35295
32738
32179
60206
32955
50815
23486
90806
32786
81202
47893
31356
67329
53908
40381
47268
85704
41450
33501
78495
52457
67394
79375
47104
79745
81354
20581
41825
58758
3772
57297
14198
32871
55790
97603
32682
4212
33836
52870
59494
38572
46936
18814
19841
92730
49349
33977
71009
66404
51713
56124
43575
33535
83806
65483
82849
68028
38836
40737
73884
41282
99726
34729
44199
81732
95620
56046
37843
54830
70187
42058
93684
41442
79590
58879
32880
56901
53035
56024
65490
47167
50377
76128
79214
37472
57791
19222
41875
75445
46695
83014
39950
53441
23062
36101
10370
5905
44262
91232
74611
49059
64589
41379
46397
48173
18675
40290
91774
67282
94628
47997
48518
90940
47900
98610
78183
34821
46009
42186
48933
12645
94980
35625
41669
42097
35962
37129
45831
45307
47375
49971
90674
40784
35806
28256
86126
78916
55383
45840
95257
61313
60583
57900
37823
53109
75038
70657
59031
49341
56461
54067
55915
95438
70549
61706
41101
35210
31672
36394
16126
70217
20987
38284
40414
56926
52175
65465
92651
91717
62609
41562
43628
96164
29124
70333
46134
63984
43393
86423
37481
40642
34839
99576
40924
69861
57617
47502
45572
70463
52736
92409
68373
24620
45051
10676
49445
44769
40933
56315
50261
80938
70408
46927
43860
48938
78983
69008
40653
89138
39367
12883
22198
60804
59320
54687
22992
64017
87981
77187
24414
43470
55348
96929
37540
58888
55887
76410
81406
68773
36615
64557
49522
91341
1293
84614
34296
34760
37495
51477
41895
60200
49896
52147
74089
51856
11003
36313
49742
63910
32926
47372
26628
81434
77409
62605
36543
38436
36635
15445
43217
59051
42497
36372
26753
46288
43082
47944
15363
5857
69039
42730
87345
50968
53414
45760
76786
50970
61964
55523
39195
59428
65189
37012
41074
80100
50827
62235
74592
7766
53091
36147
52674
49107
37913
96642
35747
71888
59795
73430
83529
19718
61292
36285
17526
30061
14745
89398
39254
81659
75330
38323
51136
50210
35235
39102
45984
72197
39032
43679
87593
86412
33664
76324
6257
36663
52759
47839
33576
71060
62161
58463
82027
90991
36991
75632
74123
94652
48967
35735
19459
95077
88494
40851
78299
47949
75181
34214
47909
11483
72549
53126
58822
62243
92280
78402
13618
50588
88343
39905
81065
52423
35014
34497
53966
99997
33334
38043
36395
36446
40947
36771
54880
62680
65750
49143
95373
64667
54126
13291
41238
48284
25039
48889
44967
41257
75631
39112
57838
76721
77768
46689
75831
65412
35171
44355
47292
33792
94638
49174
34633
83808
82061
49785
49958
37213
48147
42262
40473
71717
49943
52080
36860
42218
19773
57750
44805
70859
92365
36639
46173
36014
14176
16642
62889
37637
36219
38202
24426
57699
53457
48051
63708
82172
14613
64863
80188
84693
55273
81878
42256
42779
33758
47194
18034
69480
28771
37102
52006
98219
50410
33743
46708
64588
41209
53711
55211
7872
44852
75548
45355
80626
21705
72523
35260
70036
7621
92908
60222
82299
39985
49507
42197
34206
95919
48500
34896
97474
33718
33095
11286
33431
90141
96177
20564
32844
35790
82865
36356
67272
27996
34765
29551
66754
80993
67319
66911
35750
71129
37758
53542
35545
44567
50651
54115
83954
47579
93715
42647
33906
36274
42791
23806
33472
53529
9052
57760
35099
39674
42381
80947
59566
53498
46589
40378
56517
57220
4851
8197
39295
45587
98531
59122
36179
51382
65000
69228
82902
31779
83701
66899
50878
83199
51100
53308
99862
79811
55639
47487
81639
41317
26965
37936
49234
41721
32895
59606
59970
53346
35738
75313
48638
94988
87063
55659
56767
35211
72278
15328
71694
22807
63361
23114
58065
59705
28105
86475
5428
55160
37245
39139
55244
40148
60776
65110
36264
41059
1116
70567
34945
33247
11269
37177
40359
48123
69437
60479
47661
77446
94474
56287
26420
51466
78240
37085
35175
45348
17020
36203
67832
6735
52944
46985
43119
66196
40809
47714
58215
9972
34580
59877
53645
77864
91198
53301
44301
71042
47855
20914
35651
44853
37324
63284
37152
69133
41240
51303
86518
39178
53600
71061
98637
40857
14474
33426
93317
64676
1445
58243
44289
7765
73132
56837
83697
1346
72035
74519
99850
7800
36841
72103
35515
63133
28657
15751
19035
43797
47175
57957
63588
45138
38541
45468
33788
57002
11696
97880
35325
37571
66050
70744
15964
17514
64114
37552
47264
35231
38105
58040
36041
66618
47294
39756
91317
34411
49034
81492
83204
59289
73217
67483
73471
36514
5567
38665
68712
72198
14378
40676
48915
40574
63536
46858
49614
54303
33140
22667
73704
60786
47015
53237
72933
16146
86262
48627
5815
58492
44395
64441
49146
39043
49567
52974
45850
27193
35252
33190
43345
47824
35472
61586
81762
83100
65458
36929
41218
17343
39511
36829
46776
71478
37198
84370
36289
36892
45372
44421
59261
77641
49115
12332
37848
38813
56148
48040
49101
48671
1188
64147
44023
39134
40470
56143
77643
94430
32909
16234
90529
91008
71561
35178
3296
27590
67353
33043
71433
51105
16500
60087
36224
61160
32033
62339
76037
49027
81050
76173
70794
89196
58345
34466
29819
49775
58241
53200
37649
13126
36020
54956
64225
35757
46619
75935
19107
62676
42773
45573
34081
39388
83679
33682
36359
44985
75797
19398
45973
33581
33130
44609
38321
38730
43077
2171
66852
49931
64664
65877
11012
36593
73106
48447
14257
51776
85642
37100
48232
94322
35256
78101
63439
34898
32852
50390
46046
27680
45170
70900
36432
58306
83064
23331
50038
62538
44381
50891
3404
77317
78957
51545
39480
66152
42248
66410
66381
59579
36878
53479
11906
38641
44242
624
42945
20014
95181
89902
14907
86340
11748
33941
30728
5026
63961
46872
88649
65315
87383
45678
69012
68798
27959
51905
1849
1803
46735
30816
34216
40700
33327
25898
33688
46568
34836
57604
89863
65002
32889
42191
44768
33583
46200
45633
38783
39229
35493
32870
82533
38012
38612
52598
63776
87720
80653
36907
68223
55393
8327
32999
41177
49447
83060
59721
52107
16399
21594
72242
44954
18973
71039
77985
44858
70702
64986
36821
44332
72467
36747
59165
37544
92054
69236
87568
72460
56511
70928
40825
49350
46471
66919
36863
64818
61127
97838
38490
38474
42888
60810
61400
80211
59345
33968
76896
61761
93843
29318
63940
86942
82001
35662
37931
80996
45027
57909
53927
54953
49111
34887
45236
19174
59841
57659
43944
97611
80511
39731
86704
34328
84862
51441
55529
46957
17635
18522
35885
37492
87294
37205
57878
32741
45941
87072
6742
27306
60214
40082
94261
66457
74178
38563
67278
12641
62039
58606
65161
50755
29789
80980
33922
37734
67873
58216
86989
4587
52697
89890
85888
53517
51562
35098
19400
96641
51145
86045
38871
39044
65817
37466
35371
57018
35443
34086
45196
76141
77092
60782
5020
16215
67478
60118
36430
10425
37001
40218
47756
24745
55062
74150
62008
51367
41833
73541
34611
99970
10658
68722
64364
46443
38953
36294
59750
55776
36292
39839
67653
67527
63253
48497
33657
47434
41971
55406
36566
42729
44268
66637
24402
79778
79569
36690
45859
34037
55961
21893
81623
32802
75128
16960
67935
38557
24291
54494
35409
72518
83019
12123
68653
93430
8958
45719
32973
90340
39385
33306
55397
61050
60210
42739
70684
14252
57571
39448
91402
74198
35267
17524
90384
5547
53810
99306
39364
19580
98106
79686
33217
78363
44089
36809
58305
47283
42026
71600
21750
60424
37494
47760
73426
39075
37609
7764
80645
33949
48442
80553
61151
46533
2626
84504
45963
40708
48090
35505
39812
9118
40002
32941
66783
47318
35004
84090
61844
39980
55305
63144
57600
50660
42763
46546
68136
41762
37030
34315
53263
64758
43235
45871
43559
48465
38087
36474
97906
40824
33644
34572
38828
81763
16392
22015
36519
91840
84697
35567
52629
38187
34837
53384
86810
41496
55144
60927
48009
70910
56160
96079
78467
98514
10642
40617
52874
42467
41191
82823
63042
41892
20876
34249
43854
46888
12197
45613
52367
40899
60544
44104
8879
53624
51170
72387
2991
43874
48238
7487
32902
48393
51657
94040
68851
82407
39623
80217
66872
34443
33984
43012
47559
49258
51014
42192
93629
79432
89151
78734
61755
70498
35284
44362
43885
74262
15939
36346
37182
23450
34660
52316
35450
38565
34958
34470
54572
35675
37484
99004
40542
79953
44740
32978
74114
50170
40088
42080
33287
78494
69421
55051
7033
91610
94465
43514
75341
38536
59959
44460
34594
43386
70231
38389
62986
56202
33147
53804
41308
62286
60959
10316
19743
51135
49363
19163
60870
65306
33686
47076
34584
4689
21678
34658
66916
49032
96848
94952
76282
45474
74637
20102
42969
92829
48325
69067
40254
39993
39745
35905
50247
33016
92684
41104
31263
37786
32827
96546
71014
74846
41041
35458
88128
24379
46979
70831
28130
36284
41459
87252
69105
75967
30623
47253
59327
49178
88705
66901
40288
74271
57299
41717
47317
96471
26436
15588
33183
36497
70855
81875
94661
23361
33154
77979
50799
45576
34993
25581
40150
72704
74782
61799
46021
32954
50075
39529
44588
93932
51636
87935
55301
22009
35350
57162
61754
75562
52124
25871
34166
53630
56096
71672
52451
36135
8040
58699
56577
76108
13765
45813
67183
33462
70175
67627
36546
32023
45012
86682
67891
44957
54631
34115
69762
83746
36225
1369
48805
39797
28909
63207
36936
45210
57572
92930
8104
78487
46742
59714
44844
71112
87266
95745
19437
36889
22194
71925
30500
8195
94176
48893
55332
98847
60657
43759
37134
39969
36410
61661
44706
44771
40360
64780
54486
51032
13230
36669
10111
75244
49306
42753
14548
58185
55370
31317
51295
45491
61863
55017
46637
64146
37361
49202
70551
47392
54613
88360
36296
42521
22070
76890
33973
41356
34001
49393
76226
2514
38281
49367
49688
65192
50730
55594
36632
52537
57390
45714
51131
23052
52597
37526
12952
61233
47658
42837
48521
80846
57609
60934
57833
19261
36384
41252
78923
35449
43578
41488
59264
74152
99407
76714
72444
55499
41740
44133
64192
55902
35205
60701
34364
41178
75001
62250
95180
56389
98986
64159
63003
42164
33400
60093
56840
38435
64243
61439
76072
63413
47755
52387
56234
55829
73547
45557
13786
76171
10998
62391
44068
43467
66238
54493
63213
52794
45634
59659
39979
89468
79861
60301
71942
33700
98212
48536
39920
59178
76519
43924
45901
62552
51386
69997
32865
51235
42351
51676
28862
45887
35335
3551
68995
76112
47861
58831
38400
38161
48114
77632
47786
66761
48718
88560
43081
40713
36922
41326
76724
52741
36592
87175
73529
2727
97565
16845
37379
399
83163
41428
61672
88015
37104
53638
45671
61232
53264
78439
68930
62594
19420
10218
78888
40529
96290
78279
48672
62907
52419
86438
51129
49500
37503
74189
33181
67977
49322
72478
51243
40390
35751
1673
34932
37501
40544
54952
55225
43236
80335
64762
11274
50157
96352
80289
19980
57888
56339
45407
16451
88763
35520
34441
81781
37207
34531
21335
38581
46101
37141
26635
55599
12082
36452
90855
89048
34004
41437
71929
84876
59319
33395
57913
34783
33164
83176
63192
72127
17055
60253
63304
39300
34977
57047
93458
53177
44601
65703
58765
70712
83196
43731
60330
61265
11363
45987
35972
37480
47785
72692
53482
85998
24345
29572
13638
41378
33842
49973
15330
40550
38664
58484
93452
52553
60028
61022
76782
41531
50557
10788
96922
32957
57752
31131
66206
10489
41563
44032
40203
59410
71419
62315
33481
60878
99011
63201
43384
43350
59900
84831
39883
71940
44062
90434
43359
92168
56426
62599
72167
49397
56747
6087
55191
89186
24003
14715
62441
74920
65811
35265
63365
18320
52126
39637
15495
59227
43372
35914
44748
39518
58602
65258
36146
37127
44555
95138
20364
46696
51232
45097
43740
35593
54679
65093
59546
70973
35947
85926
58062
40553
57555
2567
71666
8579
30060
42299
33744
30133
37228
61750
39365
83047
40536
41944
84419
32809
51707
46685
18493
85759
33958
43917
52662
81598
46164
42302
36918
48655
85135
55258
57879
52296
5861
45055
58615
39538
33801
98039
93443
40868
70892
12616
44662
92238
66628
41885
73800
36686
37385
6330
53504
96051
35949
83430
61091
28148
43855
98059
42335
93861
39053
36319
72645
49310
8793
78074
36973
51584
48179
49305
41582
62449
44786
79095
83683
35454
43423
42724
47165
84481
41363
83931
89884
45388
61467
61753
37873
42723
37442
34157
56612
39832
66240
44287
48366
69557
45910
54642
16921
43696
94660
63311
33820
81100
74575
43506
34690
78058
63463
83481
55410
50627
11530
37399
12785
70229
64563
39902
45939
7596
42411
84779
56376
33375
34228
21388
41878
77941
52863
43421
36743
35945
2195
58605
34252
53322
36692
38978
77316
58269
45864
39099
63397
83067
98035
40463
18371
60672
36722
48008
37793
25792
22060
70826
69391
44681
61912
39292
37249
47383
27183
52403
43290
85196
53176
47530
6193
77880
38685
62535
43582
61454
15490
67664
23175
60030
39323
41289
16462
89507
48628
69963
69834
53833
95353
41754
66765
53278
45918
73192
95032
43110
54143
34343
47151
95750
46248
5061
56067
38662
44503
44257
8532
47639
33429
49484
74679
35105
45092
52800
55237
33925
41523
38631
74815
17929
47417
76167
95145
37612
69106
53115
37804
45806
49950
47056
83580
98359
34341
58568
88735
40209
37021
98119
35460
38101
36541
77895
58590
59482
57676
64369
14792
89663
43218
70298
68492
96597
54707
72526
51304
59187
60699
29088
40210
78824
8887
61785
36547
62440
83996
52228
56822
74993
30080
69590
22076
22990
65650
63405
66580
42902
96578
50536
12732
64471
85828
16028
58314
40129
56158
17122
49994
85887
5689
91960
15533
76149
40208
71436
46781
88970
76157
46161
59777
34385
13093
62377
2852
58711
47033
46813
87419
84738
16283
35201
78233
66846
41065
33233
60974
19907
72607
32965
39109
37202
33613
42366
49886
72306
42680
33218
31010
33339
97731
34438
33874
42142
50818
42620
60554
24787
68587
48523
3692
97680
40848
41643
53695
36061
49920
45187
80560
25185
36070
40198
34208
26808
47470
61017
44999
11636
40742
14938
87900
44038
33041
78812
57036
46989
97845
33616
67709
77910
38103
37621
65010
37456
93488
97851
5309
96919
35005
38609
61647
38173
90720
32983
42802
81270
34965
56714
50094
56429
39467
44523
55283
24901
61700
53197
33446
65591
77064
63611
65327
70286
48950
12979
40952
90663
49749
82827
42650
20080
33747
55295
46032
53396
47901
33374
89742
35077
47761
63570
57071
18082
87584
43260
37187
73619
36123
44060
58651
15128
32994
39434
61412
40415
38496
60335
46665
31971
40372
63299
56544
39687
49992
14667
46191
37628
41000
90416
37999
27776
22528
58697
54072
54478
37546
64632
33840
39732
2658
39548
90551
43337
52362
32813
67368
52914
38808
50105
45305
22167
61892
44728
66232
46840
41983
2607
64685
40920
19343
73130
17959
35084
38788
57398
39083
56515
27282
33174
74736
79975
53213
92762
19837
63309
57444
68453
47169
35770
32696
82691
63784
73616
18071
84549
62846
36937
38620
72529
45212
40413
36502
63210
35385
49902
49431
35138
49719
18468
85875
36704
13001
93986
63018
23684
32928
97981
42871
55612
72371
63798
59703
34334
63239
37524
72153
41159
29683
53238
89312
85859
63263
41081
33270
34305
23534
46111
54312
35160
49025
35658
53664
82020
46939
47293
42404
4224
8384
92919
43588
57453
26089
9280
91690
36227
38894
89270
75106
39255
45826
49424
51772
85812
77819
54393
38869
61097
55095
83840
55695
34841
35486
35183
59074
1593
60323
30838
57925
85388
38027
6964
33816
35016
23543
74107
42384
50453
52739
44450
60654
37242
63550
64271
54629
48782
48200
65153
87449
33985
37720
42041
81583
55139
62393
50697
82912
80512
57927
83675
41037
33182
74430
69773
38134
90153
35009
56088
34978
43839
5281
44219
80177
43424
63577
36409
33754
19319
50929
47297
43535
71087
63465
64454
62587
35286
58493
72475
239
96073
75710
55593
80107
54972
53547
42513
95519
47585
62749
64745
71458
59186
35602
73917
35920
73998
59302
8548
80687
33813
41342
37287
39303
84861
52205
81682
60686
42587
35379
46681
71261
7668
33162
31478
93235
72268
41797
35709
52813
45058
41904
80844
38518
68032
72445
76290
46949
51374
52998
34109
29958
51322
36647
36818
34454
55115
36158
82762
55048
33175
36418
61780
52663
29366
51849
48906
54410
47177
50681
91334
59057
70234
38555
65254
36745
66501
35203
75647
62696
32211
72648
49352
37276
31372
85320
44565
45999
33640
54491
67227
17235
49139
407
60377
75738
66470
67337
2544
82344
53408
44267
39233
36551
49375
36682
35787
49007
19449
87655
1427
73391
37282
21681
86080
19848
20275
38721
91325
47696
81971
56574
18280
58289
26983
20692
67593
74184
17680
33038
36847
25415
61358
39131
73200
85279
41011
13697
42448
49207
30986
56890
33222
34758
47840
22826
46720
40503
8016
66857
56861
86825
87361
69290
86486
54709
48345
63423
38806
39927
33373
77122
20554
60677
67838
37055
27267
8094
65559
34331
65880
70337
70212
43720
74558
41032
36943
41830
44752
75925
47720
67764
27505
90025
56294
34554
71903
63949
66120
39308
40316
57151
46207
88535
18097
49835
57251
55866
49204
58069
53345
84642
42530
57310
24731
15262
67339
63158
75600
48293
95291
73142
36408
50053
6456
41654
19155
67354
65222
33638
82940
35509
52304
35700
33936
8416
49269
88471
50021
15040
33525
38889
37358
36825
58881
49291
45832
39657
69728
95969
53125
41658
79513
87058
66256
42087
45812
92566
66126
80498
64386
61150
6377
39182
56821
33331
32833
45605
62381
87650
47708
57783
81991
89697
38401
55991
60234
47763
37805
33289
24655
33007
18776
77407
47303
74726
45704
43769
47107
22872
57408
41733
49481
41165
54206
90041
37121
37675
43376
73736
29944
21680
29475
86629
46774
12556
64822
30560
74403
33986
66839
41911
44977
71820
75063
50481
35465
73120
39527
42475
50492
87926
58943
28536
14481
59256
45001
33004
54811
42509
54801
27291
59558
72870
44747
33719
42825
47678
79945
39986
59854
46996
64982
65937
43925
40396
71100
53857
51549
77440
81239
4765
40113
78594
39572
36906
32939
72186
49966
55241
54408
54354
96437
42123
49743
56213
99526
37262
13924
43016
38190
10003
99027
45207
46817
53944
45772
16221
56862
47814
65813
9500
56183
88212
82643
61769
71069
34369
22064
43307
60903
61316
47340
15675
36980
54182
62897
81297
41180
98048
34067
91370
10883
42632
52731
39092
5886
46899
49259
45061
69941
48916
46585
37405
44729
42875
40578
36905
69176
66770
80401
63837
83904
39296
86046
58773
16024
40889
51762
42081
60426
96155
54224
51889
40087
53329
98846
50142
35258
42641
73510
4127
60681
11035
82188
47952
16643
38635
41544
61550
49472
68903
38457
20672
46527
88042
49179
44913
45845
77233
97864
49043
41908
84874
54484
64178
3109
35948
68485
35329
38319
7739
33582
40605
88667
39435
40672
46252
47353
84223
44623
50718
34089
36072
58169
41354
61530
69368
38024
69810
25798
32953
46688
42117
37036
48244
80052
58748
33428
57369
45125
53778
80184
67424
95826
75777
43246
87045
33160
41008
56132
59455
54239
47497
77519
48923
45602
39420
48068
55181
92062
39371
2761
54928
43979
77750
37454
41454
51825
35411
85898
46083
73246
74043
48824
34968
63725
3730
17348
59182
64635
14581
60355
36597
57619
82615
52892
96534
33167
49738
58420
33277
746
42482
31645
43228
60665
75888
45510
63747
46196
35638
45283
3609
3173
53052
47621
63942
4580
39699
76374
61906
21471
45947
44988
75829
86552
78198
57795
19775
97036
84007
67888
6431
36075
55333
24460
59010
15207
37122
6021
74054
51751
18593
80592
64995
34097
65822
63993
57821
68428
52005
44316
46590
47521
98876
46966
34490
52004
50429
40069
1120
56254
51198
40863
8900
73611
64348
46784
88680
57282
67522
21977
75010
55679
74531
39196
72484
62767
71409
12341
68213
39198
54839
97669
70288
64075
37035
35672
34302
72794
98067
8695
25821
39754
87696
2590
66939
47828
66581
51137
36244
53903
35428
89041
47333
63505
71782
59776
54908
39568
83473
53321
55438
70869
34448
64731
76904
40870
49908
48269
7259
61914
72697
45362
58752
36479
55189
55793
69296
69774
40556
79862
38122
67539
33715
33119
89943
70268
44114
37672
36843
40435
41891
26929
48343
73796
36442
10791
32995
39858
37434
89919
52429
41888
603
41217
20531
29951
63767
52229
60376
54651
46015
51974
48487
60796
39065
36291
78570
52868
36141
22785
8897
43937
54585
61257
38375
38691
81909
16224
98843
42537
40395
83061
84536
33470
54522
35039
58874
44027
18976
49359
81254
33969
20062
68844
94362
33150
70770
51737
41451
66515
43596
18152
79577
82214
39691
19032
51710
51615
75693
51605
47079
35508
50489
86320
49936
33387
90324
64906
45823
13146
55380
37655
36700
55554
50989
12286
61011
9400
38396
53894
32336
40403
45147
53887
38427
39384
63069
11577
36802
10155
37616
92049
68111
37795
40630
88874
37625
49789
50381
40623
69318
63350
42006
43200
33191
64714
24951
95114
37291
66099
5623
71884
87711
50947
40534
56098
49050
41601
34520
42987
50214
42557
37778
42017
42445
39353
59823
40892
42438
65368
63001
30888
62439
75186
57667
75508
46873
45583
50509
73707
35470
57175
50043
37006
56741
37629
51025
66420
31754
48573
57582
44781
36524
46515
37652
44993
57867
47651
8607
54169
36004
47983
64604
87954
48721
30991
34560
52614
63792
38376
74689
42330
46623
47305
58999
56321
3613
39497
34119
34083
60147
54102
56323
48668
35276
46925
20093
48835
33356
99092
36522
25246
87859
33249
34209
34912
50291
57948
38621
18444
33075
56372
78687
63131
90874
41934
33923
36482
63534
49547
35592
41839
63799
93450
53194
66033
38671
39253
98830
57172
44042
59867
33380
96901
44322
89634
29774
33456
18645
18950
74293
52937
34413
44473
82161
51943
32571
16469
39398
50455
69910
59225
78898
61042
81894
39086
36379
82025
79146
42781
43378
94074
33061
50547
81917
5334
44743
64907
2146
66821
52843
34314
50616
38898
65766
50954
42747
67211
37475
51522
27053
44222
60612
37051
62631
23902
37164
57700
72330
39393
99736
57931
10346
71130
41200
86108
29118
40260
95105
34477
57688
45584
90876
63713
35569
85675
11296
43033
42442
34628
31603
34303
17148
47562
33365
83039
18172
47572
78679
53312
49832
47313
61157
51456
85070
32885
87217
40862
38972
24990
53032
76810
36000
52295
51385
41692
43224
54411
68108
68366
37510
43590
13997
20822
33285
70024
31222
55662
84929
48431
72364
58138
21928
20680
25438
55475
77230
55808
44530
81856
30861
40937
60036
34193
45527
67167
40054
69484
34570
54111
40477
41773
58143
33771
6746
4390
66688
24586
80471
36361
72135
93864
41172
1340
93213
74768
93334
33585
77354
34419
36234
43064
15694
57934
37507
50788
34816
92928
47910
63981
46755
25691
76234
69248
45176
23942
8782
607
93706
45364
65105
36526
42798
34974
10039
40100
6528
38759
55415
36678
51096
36039
95178
55070
67358
57070
36458
36489
10996
20926
70812
87622
51087
67224
64565
38538
75665
28522
46621
22602
51869
40020
54186
56711
55102
10302
35512
52035
91970
14017
65516
97916
39218
41260
36204
8410
44231
77321
44946
41419
19305
42664
20828
73110
40596
76272
63992
50256
56123
68909
52047
35895
38596
22622
41027
3713
48111
32418
72793
34189
66572
11855
53373
33099
39665
51820
63608
53440
39345
39418
14237
47205
90470
37716
38623
87623
39193
42914
38804
7074
46503
41663
30313
1105
16151
58930
40833
47748
10126
50305
12520
51280
43242
33364
80319
34355
47090
68698
91415
10358
33033
33354
86139
60317
34997
63731
34564
41051
46618
55709
39165
64298
94724
40107
56997
54465
45925
66426
44855
69360
35568
37315
45744
40577
43037
42171
2499
38851
26015
47501
73759
66562
72052
52464
9647
95440
24509
95015
76552
79704
33262
54335
47863
84677
47898
88331
77821
37216
36027
38936
48059
58207
29672
56277
44956
45847
36469
40879
36163
5096
49049
40443
66979
63518
39525
35414
45954
41337
34678
32730
32193
26665
71255
46642
29365
94212
70132
60842
60223
66450
51784
79001
70050
69156
46271
50543
57987
28967
38569
7738
49736
79752
64485
35585
98053
36010
43849
38394
35926
82078
47301
93875
58121
38218
17116
73188
33388
56370
38304
8318
46757
48041
40910
13108
11883
47727
21102
36230
33727
19168
47153
80531
15428
15052
37878
57485
42696
44277
80299
38463
32974
34075
49489
41798
57533
82466
36571
82757
37538
94680
40731
45146
89210
33834
81300
35188
53453
35664
34707
69560
83895
53610
72418
51254
37080
47987
37968
3406
37190
5150
26843
33137
34842
44472
34697
47825
34244
32545
97258
65081
25106
35195
42503
77536
53746
52979
33407
28886
47820
18878
37855
42127
91229
85661
35241
78496
52918
60162
66718
40179
42613
8176
66865
40455
62737
34469
93513
54497
47081
39546
75407
51656
49584
33607
54693
35989
46559
57043
74340
43867
33411
75784
60384
31556
5155
48728
44665
95424
46571
49191
86151
85765
53620
51669
72662
45808
38257
34831
36472
37008
40853
74902
32936
39060
56962
56638
58416
11881
41976
62258
72598
37330
64881
7771
56220
88056
41579
27575
49873
77484
36763
78757
58431
57476
21010
33286
36498
36649
63448
35574
37250
54770
12966
56077
46629
66070
57186
39266
36080
51214
78091
41299
42271
47778
41851
18962
32960
53069
5245
34618
36495
41339
38040
87893
33116
76181
46425
67142
35696
32905
72965
73650
48194
47450
39583
54092
46167
40448
63427
25513
43808
44138
36337
44335
33717
62175
62702
74750
95703
27682
85674
70754
34952
32858
53499
7338
86510
42758
6499
41610
20239
27063
55372
26783
78048
48607
62398
11608
46644
24107
74823
31751
48802
59281
56988
51088
75266
87801
53627
48800
12635
49577
73335
59790
61926
70643
70660
71047
137
58132
51144
88883
47630
54265
21695
62052
44911
39230
74509
73866
29016
40065
79487
72115
84027
65896
50146
41555
66854
62694
61247
44489
61696
63560
52177
41920
72770
47704
30239
61788
41757
48065
65083
34953
28380
37894
42215
57765
20492
73196
14354
69284
62523
67571
39763
67876
33152
22096
52238
89450
64658
39952
35321
86630
43716
43767
16014
36796
94070
43900
64901
82389
41026
87747
45472
41036
65197
87169
34656
99683
63537
35003
42434
50141
65925
34671
45554
51377
52106
43776
33872
64707
24694
79603
46668
33595
93274
54129
11214
93682
83453
93742
71465
5947
42631
56970
19233
38283
71696
72795
52884
43941
81093
49582
68411
44377
73481
41371
8756
38133
97058
52762
76991
60604
65016
10601
91738
63085
52250
43447
88900
79452
44884
2483
70023
85993
45562
64890
82053
80936
68206
62228
12022
42734
86371
53667
30519
44509
44283
87762
93350
81467
49344
52236
46141
50077
52224
16794
78468
50731
66576
47232
7118
49605
87538
50712
64045
34465
36393
32952
5148
51917
42009
53233
56786
57874
26664
24417
34741
55855
35426
45191
43987
82453
59389
62362
33709
40812
41890
39199
78920
45530
49559
34802
35872
43140
85220
34134
40756
76784
33443
33761
74994
83156
93659
56944
54761
73819
38425
64613
56985
42451
88475
36779
51406
98691
66177
35288
60668
57686
60740
44157
40527
18177
22142
64429
95003
58290
32770
36251
48061
57691
41114
93211
50443
46851
18085
86878
24495
33516
33909
57598
9095
22892
60835
2998
99160
88696
67812
5471
65257
41660
50916
39808
6351
41884
42624
54269
37400
63678
41520
55943
72469
97923
85699
36888
35918
53420
39259
49379
58041
57169
44026
13300
83295
15389
56451
18160
57754
68583
78244
38008
59193
71788
53669
58387
58096
56481
85669
29950
41031
48474
61984
61468
89225
24751
41517
47345
50726
52353
59802
46007
42413
84690
45380
60936
72354
53057
24358
39585
68399
94105
33097
23076
12422
56045
40942
69493
79857
41022
26971
70555
66185
85995
50961
25741
49278
33236
37290
37465
14417
12448
63171
56034
14413
51036
31045
76539
10742
17340
47548
50181
41545
37719
47054
49313
36706
53683
47223
83731
42194
35822
19917
77396
68238
52394
951
53317
41157
68351
89906
49833
39188
52601
53999
56537
52963
38649
53718
36660
39930
33734
42748
20590
49028
69641
60287
41485
12911
55721
78511
52100
60979
54601
93723
36589
44639
64334
57226
78068
17986
35069
15947
14633
36814
68286
40008
21771
68957
51861
47930
39744
52460
37763
58750
72753
52206
34241
93809
70987
77128
23836
33838
70932
99684
55710
14348
48788
45732
49315
61378
55093
52897
49767
61520
36643
27409
25618
55223
33730
93572
74539
37243
55962
35404
66200
60248
38480
44925
73180
66816
77405
40624
13626
74510
63214
64352
12445
55549
62615
1222
48514
43753
42545
34889
35524
46144
38818
15714
35422
67963
24513
39708
43192
13194
67500
40142
40948
61939
25702
44622
44676
18644
37174
87868
44448
90754
56530
78573
39981
15478
60254
33760
66468
39111
91525
34578
40887
34494
68461
41231
86918
26352
50156
37806
36728
4463
49769
94011
68737
42292
35734
58882
19221
69227
24575
29652
40897
54832
98781
38338
36804
68405
15554
52981
42784
57291
44708
56233
65108
3097
91381
55133
45733
41953
76129
71784
45343
44831
69003
87669
65279
62727
63867
34435
59635
39853
94432
7467
34467
19048
79672
15288
60597
19081
38237
77318
42823
67055
44642
48383
35080
32592
51179
50506
63926
59379
34538
39077
80715
77153
47288
37926
41529
39344
53691
98191
83801
72202
50147
74389
51443
43586
35994
32958
46495
83227
45105
39847
65130
75670
49463
11356
15464
59803
42840
24009
78911
18808
32445
41522
11047
51866
57356
27943
86140
69261
35620
82181
56945
26532
57431
42363
48026
22827
52018
47410
39478
75916
96545
69578
5985
67928
35489
96590
76842
54137
34260
46624
66110
39639
63893
87725
14159
65730
65363
38298
98614
79385
40877
50091
38252
32795
73496
54103
38679
80831
41441
59075
11544
68458
72893
80421
24117
57126
47603
39887
68130
16544
20621
43617
44697
56082
43243
96607
76028
64799
34223
55238
82351
20249
33034
62682
20181
35657
38542
20988
66336
50728
85225
50099
63360
34621
50085
33641
43685
40927
39921
37415
65729
65238
82259
77095
45771
43165
61492
42223
68906
50019
41076
58620
46442
37520
92870
34062
31917
59995
58245
87211
10941
749
35498
61279
33929
52894
44961
52369
33009
78294
49683
57136
40732
49793
35143
94842
3555
93893
19308
67756
84260
95439
88575
16291
53892
88645
53144
91350
46112
40191
54353
69351
38578
67857
83634
15525
7702
96905
80240
53877
79571
38639
92108
23630
60137
52401
21073
45643
29596
84016
88479
70336
98553
50808
41188
32512
52393
59572
72740
88835
86875
44091
60244
93142
35163
43572
48983
63553
65986
35871
36990
33173
40257
26712
33799
37197
97031
67013
41612
19034
79681
9910
61488
6232
60007
46376
39104
86799
32624
94551
38951
71714
36024
62684
49353
71847
38564
36282
39007
68083
31104
61824
93993
36582
46003
36953
32874
51701
42915
96335
79539
47695
56516
81741
76652
54741
78232
64888
80164
50451
41033
65717
46833
64795
32916
51877
95430
43211
49631
63694
45269
57710
44741
21732
29832
35600
99844
55579
35462
15461
82737
89047
42549
58103
40548
36560
90962
35180
81948
33857
4990
69457
45857
45919
54429
49544
39789
63403
57702
81477
55930
34803
48569
38548
36976
67788
86312
73044
66738
8928
99267
50839
43237
83332
80416
53314
75339
36406
77589
35322
41418
37603
40959
93413
72763
61859
3397
50560
80470
64116
59351
61691
69722
55489
68854
41996
75630
33238
16678
35606
77577
58784
77841
79544
49070
38628
58333
55980
40800
57872
58233
37169
94937
49658
36470
40013
69879
68927
33024
68002
48445
55428
62934
36789
50289
80759
18463
66255
34534
44180
52809
50617
40954
69759
57051
81813
40977
50347
34232
32800
52166
93569
51063
15647
10887
70597
46536
58339
57974
85014
61273
59432
59252
30490
61191
38727
86070
16725
91748
24278
39643
136
68552
32733
42024
56382
11043
33410
28545
46918
53599
27465
3202
33263
18340
25304
49158
78862
70804
69917
50496
62011
52459
41855
36972
68357
40317
1647
48377
37004
55155
71225
41615
34762
36154
56954
35776
84328
68218
34540
55390
54625
53783
16059
23284
34893
34869
57269
47186
55704
37073
60684
61902
67601
40283
38486
75843
40545
92492
45113
76966
57785
40086
81248
48187
54214
36826
35847
50857
90696
44602
81588
54853
41004
80226
35259
52675
54051
61502
90781
44959
26774
37281
78149
68931
66823
57348
57379
10001
34002
16363
32947
34222
38895
52366
90075
69413
36683
36645
46337
46239
63815
53806
20888
85422
45096
36977
48246
64198
15172
53928
19248
40031
34711
77552
56757
87967
37482
55006
54487
37768
21273
56309
62127
39432
33972
39201
43558
69727
33981
5372
38077
60607
34622
66931
39770
50104
40687
90612
59325
11471
49008
42410
51578
50516
62073
68570
56353
33802
17056
43818
48970
58520
59822
41804
50737
34661
48240
45962
34070
55126
77254
38877
92144
81153
23935
58529
72878
58976
80000
42287
39147
33180
84956
61935
64642
52257
1209
36654
68482
18392
80812
58354
48195
24184
22980
63881
67515
51005
36884
40011
85123
40493
53904
95897
56835
44811
92739
40859
6405
51654
39500
34771
78132
17663
69117
38022
70827
69817
82221
45108
26637
44439
48258
36085
16994
32791
51504
63810
33028
41471
56763
61351
37579
29267
33392
42136
99063
47743
38292
17877
55856
49376
38505
12135
41064
59808
35713
37458
83980
71575
75109
32976
46274
67658
14233
83923
73525
26190
74527
31903
48303
82375
59865
78078
279
71959
14917
36507
45322
33859
41877
45521
63525
21978
83025
95328
44716
3387
64274
58657
83929
13573
59199
76614
61023
65873
47349
82630
40602
49807
33521
29906
87222
36349
99911
82904
40665
65371
34126
77159
42769
51998
23853
36693
560
34388
90044
63454
88174
51490
59288
9865
11876
63894
37381
38047
80792
28627
39963
70949
49977
60305
51388
44404
84261
40972
93475
74165
40586
22414
58303
36939
37269
93514
22126
52078
38044
16148
91277
44205
33250
62996
45629
33783
17658
56209
41886
78795
22784
77813
84920
15706
81779
48737
15570
50696
49328
92796
21805
64694
40869
54442
62422
33485
38421
38530
69388
83960
53215
39041
52546
34347
58833
51431
197
42948
55227
42304
57270
39891
43333
32877
42966
64958
46458
28785
52216
51278
33630
48828
41503
14910
48440
97389
60711
54981
74766
47577
37429
51670
82815
44371
40486
88863
58690
42022
88138
61096
81519
55120
51527
40595
84455
93630
47326
91900
59071
62908
65478
41283
39366
95374
40432
34111
42820
36637
50925
32781
61559
76033
46648
58610
15442
35669
45976
57981
30989
42044
57862
44285
40275
44158
65237
86468
29145
98473
33022
21106
99026
44365
34308
16909
44056
1044
26812
68890
34583
42838
13641
43801
95210
25541
52659
34179
40037
61953
65015
50279
40940
39860
34500
44214
91252
49420
18019
77112
11655
13557
84037
16677
66178
3505
16461
17487
46272
51359
19236
33298
66289
77686
55568
42485
82010
62350
36832
35274
25383
80136
85513
65335
19436
42833
46218
43368
33575
75259
32769
70131
82725
40417
46680
48997
58426
96762
36596
35690
18562
31594
90627
41836
55868
62454
56265
65097
66909
11389
81629
39070
50041
60151
70931
43496
36316
49225
72727
79625
51828
54148
43417
97274
35376
48974
60385
34220
30470
90629
29757
32900
48305
23587
78516
40016
66926
62796
71156
61453
70155
44843
79183
74706
54934
62221
75443
34589
44904
37418
65612
89476
75399
46846
40752
42815
65981
86570
9751
42385
92975
32655
73000
39758
48895
54764
1755
36447
64996
97776
34073
42443
36552
85703
34939
51458
46484
79845
82915
83810
73294
98160
667
55569
39907
56620
82671
57132
37902
18363
45211
69016
18056
11262
71801
81940
40767
77508
43555
64772
55252
38430
59938
34659
33468
77253
80738
67662
34935
35998
43800
39813
47351
49475
57449
81698
35846
37112
59641
36445
40410
34487
65446
57556
47724
82794
93573
94828
79081
58534
49539
62009
38562
53770
37508
85089
58962
38875
49536
62688
58920
39170
70690
64136
90600
60478
24283
62342
86544
29581
90691
79519
35768
83576
47841
65554
36737
99293
64767
42219
58320
35312
34017
34085
43250
54510
33798
38516
36688
81766
39636
10113
63250
56049
1988
70250
57508
59763
63811
56066
69193
45132
5433
17585
16713
54380
90150
52795
12008
91927
58632
36665
79098
44152
93544
2204
40748
81246
39203
33000
21417
61099
54042
40487
45292
59398
79399
44284
44869
41705
86378
58840
37368
71162
41483
44626
53284
51110
84315
69532
34527
30962
72377
93200
37958
64826
51629
62620
42177
53073
57761
60940
90460
69204
45375
11443
73296
88019
31675
1481
62874
47141
42907
45700
39988
44558
88489
47038
70966
45966
78736
53216
76556
34626
58187
33543
35736
38243
53808
44164
40116
70012
45509
94822
70853
36415
16429
39648
83708
249
3967
37449
91553
49630
47265
34601
60826
37505
56396
86556
57119
17846
72844
38819
39487
79635
49031
68502
56956
10416
27123
39928
56868
79649
37040
44425
47587
6959
75898
44689
38091
37815
15855
33751
35999
58902
46612
37053
23600
5559
40765
4051
76596
92695
33132
48307
50424
38561
41194
83472
61744
82137
41982
37138
14073
33127
79739
41598
49236
55395
25567
87726
92202
35956
51884
41718
33422
700
51502
77015
83614
97650
38248
44870
37337
54710
69292
17537
49596
33957
52371
46451
38810
98828
33549
41197
50738
50113
45376
67351
85944
9086
71511
55268
43543
51095
64853
52780
57053
77170
98222
78848
39153
88048
62880
40143
51723
54370
53138
51988
89366
37588
91142
47395
21682
79338
39122
61271
38848
45019
37130
51103
60990
45638
36762
3848
66960
73575
73799
60477
94774
81635
40660
66843
41962
33370
4263
76389
38959
45755
61345
41744
39180
62761
54750
45077
44722
65622
49340
75424
74599
80944
15324
5588
34956
56651
79473
25317
79737
37132
62152
40149
36794
47114
50512
56120
64038
36076
85658
75526
47271
57799
75368
43406
47247
89734
90462
60092
50385
43842
46759
53382
51899
58952
66205
64171
53828
83573
42084
45224
44532
34426
44793
53214
35868
26762
80872
40186
54402
48237
68762
39782
34246
66491
69884
41929
94656
34901
44670
41881
49970
45445
80128
88352
45118
63712
37451
56199
54766
43744
91615
70628
20536
57200
35551
48201
37109
65388
89150
60361
43911
72012
44162
40066
73887
91675
93688
35173
50782
45897
66965
30307
65674
59258
16491
17667
41957
33085
43063
64665
27939
87644
36248
36074
99392
35051
37539
33452
26471
42973
45882
54760
33510
33451
38074
67041
47540
48253
58329
65170
52038
55876
48649
41748
51420
42816
37366
43196
94515
47535
65726
36357
45523
52086
49678
65073
46736
48657
38745
38198
42407
52949
72473
42054
42506
69359
75708
35293
45088
1721
41420
42581
35047
91896
35208
13608
39453
44444
1364
71809
74967
43697
47771
40867
62021
75883
54565
38132
53280
87073
83421
55743
46283
53243
42343
38884
53900
39683
77410
34528
33860
40646
35224
13826
16245
43609
50133
39524
43302
46954
34934
59794
13396
15592
54835
20912
80751
77737
54109
72063
55693
77667
58023
48803
54331
59474
42580
29006
69051
61591
61141
41132
65988
88338
54207
68193
98348
72614
35648
42085
55243
36938
36898
37081
12702
52443
49694
53203
57046
56457
43863
35468
65782
57929
49394
35843
35388
52982
49421
64812
34365
61970
53941
35523
47397
45004
48288
48902
55787
8572
38381
37453
64542
59037
46441
81351
20751
72288
13556
36653
46088
48103
41852
37170
58162
49235
53680
32881
54940
62997
41427
47943
39689
48827
52090
56935
36868
36983
41040
15601
11349
50863
34080
10390
39696
86206
7491
69244
37623
45151
54951
33942
36926
30213
86035
48145
46270
67741
56961
37577
33342
22350
33281
52797
36684
75022
15682
41583
34272
52958
96428
60829
65035
51216
63583
43907
50848
36124
42386
67480
29324
39893
91061
35530
44120
11414
76123
7416
52169
32935
57703
47859
65827
59903
79002
16787
52402
71967
54253
43157
56964
22392
55339
25238
38807
70190
59927
86706
79676
33769
45722
88923
44849
44084
34715
48716
33386
51505
58497
34
42611
36985
35448
72688
43870
54278
82205
59722
34668
10327
33691
41961
61583
71516
56366
48279
44812
42615
91219
64647
69808
67729
41093
34433
78956
84708
93096
72546
38417
76461
94578
60506
76606
63016
34761
73187
60051
40252
54900
45801
61693
78065
33161
50771
37098
38713
12497
66446
30777
60989
96240
44712
64236
71301
93817
37748
36619
34346
60197
35225
47646
64097
49260
35124
15904
40367
90224
38226
48674
43536
88274
38600
65854
55484
32951
41173
37120
33731
66565
47319
34077
62220
40141
88755
89079
79383
47463
95893
43431
43313
58487
54211
57189
35269
34011
51045
48375
4764
52155
90132
29093
35419
51732
39183
22510
55544
94523
35010
57469
62971
89234
38353
39135
40611
51768
64324
48616
61630
44787
60697
44116
73706
36187
27728
88270
52088
35761
41869
66227
54011
56897
34644
85505
46477
45252
29502
53223
34637
42653
19824
34361
37397
46841
59667
34200
46819
62648
30053
23777
55035
41229
9119
51787
88668
17740
33122
59221
34031
41790
16847
40840
46706
85760
74593
75415
71279
35447
34549
71122
51812
42807
82846
87122
1005
69561
79305
34774
54349
54771
67360
82839
52933
37987
95109
89093
83058
773
74128
79111
54495
49790
78924
78590
84017
78120
21246
55142
44494
44671
66502
42327
42382
86189
79339
42273
89987
43314
54780
23738
42288
35068
69149
16866
8207
40097
36759
74410
73216
52599
93272
41802
34848
87607
69425
53830
66653
4609
64662
43859
66055
75229
34136
50642
39608
41925
19443
23965
823
39013
68904
36164
34543
40375
61521
52290
19714
44144
53609
42023
61457
41947
55667
99269
58616
23153
31666
76876
42221
35743
37117
67726
42951
21206
48617
38476
89222
85538
42339
76373
39743
38883
53406
59650
51847
65808
39728
38213
33546
49857
73691
68297
56528
36062
84934
35694
45247
57841
54983
37642
36459
77192
63374
41727
89802
96474
94443
77876
81837
62818
69993
35598
34871
39006
55124
35226
68530
84062
67230
45734
46753
37789
48643
35845
76528
59796
53279
17031
60922
9624
43916
33477
25660
46317
94457
42137
45454
39019
34664
40343
17011
29292
52411
60139
66511
42245
33649
64350
19089
64460
39228
18182
57922
52650
66537
45642
41313
409
39945
43130
55358
49392
35726
44964
14301
36876
43068
64223
27441
60283
16154
40384
55488
35375
38698
33444
50437
79880
78684
1971
36326
50389
12503
42818
71626
58779
95368
75103
39819
39151
58950
51537
66393
86757
39281
43990
39256
39618
68050
53334
52941
56118
70281
33898
43013
45025
35988
1249
79365
39468
42437
35271
53597
60271
94674
65423
57375
41119
56035
18720
85631
34913
52176
59836
41586
39069
35298
45484
75773
49700
66869
36731
56229
52149
34439
53066
51982
38152
71420
35117
47750
79841
84941
54403
46201
58537
16585
68971
58014
59231
32731
5106
35683
87270
65669
35996
56946
83235
69103
35078
70235
92263
42067
44207
87546
68157
34230
49604
64047
70172
22216
54180
18777
42317
34251
54978
70427
13844
47563
90981
85434
76352
72683
52136
19101
71864
41429
80431
49898
88794
60212
38947
64264
6079
34174
40807
64911
34039
2935
56125
48507
41330
8073
42211
1778
34820
34838
35718
38399
40304
96577
35257
72277
53528
55389
41336
38005
12717
25282
72512
34890
61220
34514
97988
65243
88356
69197
22298
56448
34481
44932
50432
74627
68751
77376
84111
41916
31904
92065
65278
50711
76100
51526
46047
57526
34537
34394
85702
98628
91000
32945
62790
12729
83586
37421
62844
15180
51346
37321
86013
97751
55171
38182
9842
84150
37977
40532
50650
80277
67706
40898
53714
59063
67654
57088
53870
47013
60404
35942
50310
38111
64426
1203
32943
18594
74532
68567
71906
51476
42903
33920
53366
70374
48215
61937
61839
28942
41632
35967
3720
23813
66114
34863
88869
56693
57387
38989
48139
14248
33699
28730
56006
56627
68154
67144
30096
70484
55314
58024
9848
38872
32890
59919
24670
36754
53180
53068
43479
42367
59569
21610
70562
49573
84896
65983
39302
61336
12734
11434
71997
36601
40061
68105
37068
69303
48271
66528
47616
61571
69157
35896
55907
81158
43099
50912
15677
41791
71031
68292
42306
22399
48245
59356
77459
40331
14952
88595
47958
51471
59429
49932
51621
4232
48372
41508
41550
38616
56827
32163
43057
18027
43197
32850
41021
18213
38817
38766
34311
71190
41321
24043
38311
55792
86994
93567
33269
63691
38611
12452
75465
17183
58466
51508
67827
34701
54142
66137
98898
35641
42362
82911
74786
72295
82209
18640
55450
58348
37018
51017
65977
51209
49895
83409
59712
60622
44775
45028
43058
51317
66011
50373
72574
67415
57495
64551
35634
36424
71858
65187
45563
67158
37733
49587
51696
54046
54641
32116
47723
41035
48550
47073
56446
37856
53822
49847
46362
47514
31889
73179
70594
52271
36600
23664
39809
81703
23137
38591
54966
37972
64230
37537
66276
44596
20259
38659
73853
64754
28696
56539
42104
61018
81911
36968
77909
80453
73834
48198
60678
48076
76765
3098
37844
49408
41546
27187
68306
67648
52137
45078
34946
60340
69914
75118
39392
38241
61475
22636
39607
66188
26658
39926
5442
19025
11523
19852
55927
39439
51316
59916
35359
94171
60468
43154
36261
18689
40320
53957
51173
60552
42971
74310
38558
53732
51015
45064
33234
46175
49675
90083
75397
34685
45489
51167
28213
71213
38546
66608
54905
96677
34437
37478
69612
38459
98749
73248
58613
2980
40808
81825
71309
45640
82314
51294
2014
85735
73835
84991
66072
38172
41842
96656
93032
28117
40060
44203
80630
48329
35485
49152
66786
61225
62900
43455
52555
37967
40241
11423
45989
33390
1769
50794
35330
14063
56238
6514
14688
33460
71724
56221
57115
97114
74565
38681
39235
41763
66611
57481
85102
90286
60127
33648
38403
57798
61304
52093
71926
44643
41596
75902
4044
14436
15619
61363
56000
87139
42765
67145
39882
39775
54140
50599
41070
56768
38206
78112
99857
27647
34730
45647
16193
62779
63952
47664
57280
15785
45748
46094
49533
67774
62197
37143
74051
88700
66198
38013
16737
38552
73278
57943
33850
18531
4987
37062
45018
36590
59699
89040
60207
82652
59453
94193
49505
88733
86907
41604
68672
51937
67466
48320
82853
34145
42522
70825
35503
92670
49608
50473
70945
70247
37762
43206
79132
42795
66013
10949
88130
42921
35430
59005
38841
16685
26814
35248
37461
49096
55264
33203
92174
11425
35563
38107
37416
63254
45182
62885
36338
58818
45556
39317
50417
65334
45570
37292
31170
61595
10861
74757
35544
36924
14180
89153
33029
54542
48909
64239
75030
58142
65084
34196
51379
42168
52936
75183
36467
50683
99383
72404
58347
16843
36785
73343
42562
43577
60763
46598
36622
60954
92357
10491
80809
73690
69620
56061
38037
71774
64472
89242
35808
48301
55530
30619
84626
23278
14901
48199
86838
79287
49778
41530
35128
27960
40026
41393
66594
59133
35332
37097
39786
43614
54768
43411
42669
34784
48611
33677
60176
53293
52277
37325
68563
71008
70527
41400
35216
16939
37613
51566
36805
72079
46913
39556
92041
50708
35275
52496
95390
92001
35324
62691
54100
37568
17400
84373
37131
37087
45506
23139
44330
55842
52197
39126
33177
36886
42206
45578
36416
44438
82994
10220
40614
72011
71497
41312
11387
66855
59486
53395
27445
27265
65735
45222
59362
33930
45545
59137
48964
74289
41590
53494
59228
62505
33643
37962
42103
50585
45787
32784
91979
32992
59036
99232
45449
58334
39573
40298
44553
21613
38964
58706
9821
44963
36016
98714
53212
60856
39073
34792
38009
31925
13308
64120
84670
55941
52183
63862
35186
39493
60187
48122
35925
40249
64858
67643
53930
56810
32866
33626
38550
39464
38370
73336
85710
34436
37204
99807
50016
54990
30874
50249
32345
72070
26643
38728
25112
38180
43560
55888
83793
48039
76964
15978
7507
39299
5728
91643
38209
33927
33264
34914
91579
41506
77889
59013
20542
87636
77701
82031
58089
42281
16568
59766
57066
60068
48734
70472
26323
38261
29205
47042
44248
48554
35985
70300
35433
70037
34412
72622
37906
35965
84380
71480
89962
49251
52306
37754
94162
85835
33587
40471
59674
44780
53916
6322
67669
75869
34744
36542
60109
73454
80409
14643
2780
48839
55074
69224
52899
32934
80970
53006
37410
54647
39765
77250
33215
41592
64184
51460
93161
45460
46422
47115
70895
46185
8772
42468
34429
36836
38629
38544
64065
33622
96348
25451
45927
57564
34148
54037
4016
84123
14440
40145
2584
33693
46935
48077
41649
72640
47516
83843
67895
72405
37359
42079
17312
53434
34670
79292
4293
41844
92436
66211
95972
36909
44454
92803
88150
33450
52901
34613
35218
38729
77986
42140
48847
79800
71848
39025
56261
15058
6722
50366
4124
68735
69160
43097
42745
50840
58406
69591
43139
44613
44862
53963
62940
33652
81672
41247
63048
48326
75922
39429
61365
50537
1812
48903
65653
75075
45278
52853
70237
84538
60106
73785
69011
62534
53186
66771
46091
68869
79931
38878
71217
33503
73004
97135
44779
15033
31539
39289
88550
67130
47705
18000
58368
27003
39315
69412
33848
44577
10318
48994
49210
88229
96251
39469
57789
81567
43974
76302
4736
39633
43469
74008
88104
34880
68476
57977
35461
34796
54131
94279
59509
68607
60652
37300
70598
16278
53701
38372
51038
17244
32915
39817
75302
83562
78796
58006
46664
38800
51904
45953
95927
36628
5100
88657
97106
63418
43695
40123
7275
5756
76814
58254
36235
67064
33530
43055
3500
74669
88749
14171
40057
48599
23320
41050
35018
45672
94569
54001
35826
77621
40971
65344
51335
57577
32861
53363
70057
22482
35074
35605
334
69365
63156
42185
36142
52557
17553
37175
34284
15162
52687
46220
48342
38138
5102
74941
41638
55821
36315
66073
28817
69695
61424
47950
34663
65632
31894
90206
40915
15561
34525
45877
44410
29780
41918
47613
68096
66777
61261
35305
97277
10334
46834
53424
36376
45318
5393
85937
42430
10011
88973
64111
93386
70318
17632
34101
79142
15352
3889
40891
34014
18542
33290
40224
80407
37519
38996
83488
63124
44627
86181
73400
98911
98032
16623
36260
46645
52075
42878
50802
46385
57333
20706
42582
93103
58330
14471
40866
47189
74304
96310
68667
54177
41526
80029
44126
54130
32847
23029
37445
43820
47532
40293
75125
41682
61168
33399
33504
57306
34516
41561
43653
36817
9375
31706
2061
34116
35119
28138
87260
41015
44132
34105
66669
9676
54697
3135
41038
81365
46496
56472
73715
53535
64145
14909
92116
44031
33091
50517
39811
44366
35356
83223
26800
72101
19242
8957
33932
51575
36463
17819
37935
79220
54514
70964
20444
92900
92690
64499
56286
37257
64164
45312
31533
98251
19770
10235
64580
39310
85451
42130
9199
47238
66295
34005
69195
51348
41219
38568
69961
86379
61732
56526
44934
40965
83212
83455
48864
43890
41334
33254
53158
57579
2383
41784
32788
7663
33875
35644
34219
39142
55616
53861
49804
97568
58837
79932
49442
65459
75873
78937
39932
39582
76691
76312
87208
66475
71803
40663
39164
42491
30404
40688
52552
33533
85982
48127
4111
46715
23727
32901
52976
61283
61413
98643
37774
62943
51611
70123
60585
49428
26158
47129
47039
23814
32000
63094
70976
9722
35840
34804
42420
78506
38776
75145
46113
26447
92974
12915
7267
54946
44568
55912
67192
83343
51667
10183
96252
69434
44288
61903
79514
47793
60981
97239
45190
91677
29066
38106
45272
4717
45385
37869
62579
86191
71757
38601
19382
59685
82242
42630
3977
80291
63458
57055
39628
25666
39626
34150
20860
87109
41097
38412
50160
61145
59901
54718
62326
47897
39908
77788
39325
39359
35107
46806
43159
90581
57005
36051
99933
34283
10460
41980
68281
64160
67858
36243
51643
52919
90195
33708
47046
81451
44434
38638
61185
52083
33748
59220
97099
62520
85741
45379
93133
39592
34322
33474
3363
19266
48182
43772
43024
42536
38057
34799
42675
62628
38574
42940
37696
54574
50554
93424
28721
45513
53775
54792
81040
39189
3140
48771
86466
55609
51500
34333
33198
55524
54680
57865
42942
36729
23610
52068
62793
56881
66384
64628
67961
49814
48219
51353
40353
97514
47347
71416
28149
40632
98748
5017
49465
43571
49939
39670
49823
67931
74775
52185
56170
33284
37944
34910
90059
58390
53729
50294
63059
34702
33384
37072
15213
53843
42733
80247
50962
42089
77900
64711
81205
87533
37365
64567
88428
52027
21968
29762
42901
56380
10757
25977
40083
5735
37697
8368
40599
60492
53980
95773
33528
38036
18880
77208
56145
67042
99386
47261
91329
88742
67390
59323
115
51166
44324
49169
42571
41946
86660
48859
77214
37039
37517
6930
63628
51399
39488
50757
83685
21358
4095
66208
52031
36053
70040
34616
68808
46679
88465
9513
42610
5141
49433
66969
44194
87408
97303
42707
14373
71402
40547
46946
76259
49117
34043
33184
63863
41993
70277
87265
49583
37651
53507
43414
89152
88501
87473
39412
57097
71161
43935
47108
99448
77852
35540
23256
57199
46342
47393
47219
43663
91660
71943
70154
72995
91816
67355
34291
56320
43485
33345
71819
62881
16816
36558
63485
41417
33645
6243
41273
35560
535
54736
34623
97511
36786
70196
62335
58355
55131
40201
57122
59801
37512
39161
43183
70873
92792
32171
50233
87884
45737
87071
93954
32805
53051
61837
39977
92842
50058
35311
60777
49712
33928
55162
71702
74939
59103
37264
38876
74833
84468
70265
33809
75828
43964
89862
38032
46752
53661
7877
52538
8932
54576
42340
36330
56726
49616
45401
40516
94484
42766
60850
75704
93643
46031
54334
66269
175
38606
40427
45824
86142
33675
69724
27537
47707
80615
32822
89310
40535
56769
94415
40813
51093
48584
68946
66803
96208
83546
93705
45127
16319
33610
57462
69188
72966
68124
33170
82105
27460
62195
36484
62101
43682
19664
65909
75264
47626
36201
77491
46822
42929
65453
49593
75065
37850
16428
29574
66214
90080
38339
36021
67495
59541
46082
60473
47641
13986
61830
40816
51870
64576
63287
44264
65578
43521
43755
42741
37498
41314
74569
45140
42323
20482
48338
60783
44874
17676
16661
48931
95656
15854
48985
74582
33498
51276
7362
18852
78031
47343
34612
38865
43128
57110
40559
36819
65895
62292
79910
47782
84942
53391
34286
36097
55202
62491
57788
58405
91380
63457
52829
16039
49668
58017
73134
35546
65507
33780
71661
55910
69054
49621
39967
75043
11337
40441
35304
39537
38694
37555
40745
29380
64974
14737
43105
58868
41999
34486
48317
74549
23290
30562
57106
52997
81815
52805
41016
76449
37532
47063
68197
55657
42235
50657
24531
74093
55200
90036
70891
90728
42153
64594
47928
47846
44279
39983
41106
5931
2717
47498
90402
68191
76974
33604
71137
33300
23579
48647
74633
64921
64453
53245
44751
67952
37861
42584
74208
85817
19452
39965
59116
82542
34597
69524
73070
71463
42602
65681
10454
83021
65779
29713
52132
16975
82396
72104
39140
88579
31005
62481
64655
48033
51001
36982
38395
17274
71150
44556
68542
86359
22073
52222
45949
98174
68177
40431
37412
66378
14249
78217
57344
26236
75774
67701
40364
17351
13063
37562
94454
88350
47795
37617
7705
36573
71205
45174
60321
37407
46605
81235
73435
13014
81867
4688
58871
2701
43760
96892
66239
56417
52092
77363
49654
28125
89959
41739
41486
36854
26543
54284
42212
55785
68231
52382
47733
47405
52380
35177
63995
85157
35471
25737
47726
57471
73427
99529
52475
63873
42376
20935
54756
40647
12407
39617
64528
37173
44188
74574
71945
66160
31741
78184
72416
36831
14117
42924
52104
39304
18979
39676
83989
15230
76735
88605
50896
31722
59966
33994
14011
80767
48663
17515
60594
52702
51191
66321
62223
57255
33624
54941
50623
21611
49477
49015
23741
58115
86456
74035
3122
43002
72240
70539
40558
39062
33054
60079
85644
47694
63054
68671
59260
36299
32836
21037
14167
55539
46588
34035
65075
36713
82422
53571
77626
80692
60047
37106
52434
38939
39042
16640
55881
37897
50024
68828
34795
42534
94424
9439
33020
67428
22816
35671
60641
49853
35581
59347
49097
52178
87502
42014
9862
36769
52082
52150
51923
46001
77933
41463
91428
43210
58949
35204
22427
47457
58398
22348
52698
51783
37822
80009
54959
43464
48547
60932
36599
46694
39257
55365
70814
36902
45166
37792
41792
33120
58048
48905
46068
62643
41736
33070
7225
38097
80256
69804
66433
39540
89037
45198
83007
82936
34428
708
49656
56851
80613
75150
59171
38825
64015
36995
37157
8624
77974
19996
61948
563
20280
88903
38108
56442
50047
42797
65548
43959
97368
43131
72357
29873
34301
44762
42507
44723
48697
53497
60043
54166
99415
54454
51127
34243
35663
36321
36099
33879
33060
63030
75995
33179
51845
97319
67736
44987
38655
52695
70553
69946
19952
55179
94737
43072
50703
35058
93800
79231
35167
43764
63832
36803
82596
39774
52554
37834
82470
65679
45034
80888
72537
55275
52024
46456
34764
23014
57496
83757
41685
77384
64351
43160
75805
79808
63417
38231
48991
42293
71900
32853
54960
46614
38286
70996
71002
38240
46666
45865
63307
89387
79242
56886
45331
82442
53285
35931
42419
36481
71826
51921
36334
13338
68577
41914
60577
48401
45860
50177
47600
74095
37203
60334
30338
36565
57607
95706
60326
38420
24798
35552
56172
82331
84933
39436
38794
48396
33639
69744
34242
14404
13667
41006
41192
46626
23513
35145
13464
90623
48364
33449
50393
64720
50131
13110
7430
36455
82653
85221
51433
82934
34427
71059
59374
90473
99948
45579
56095
61960
88071
50224
15079
58817
47354
40259
52232
54578
79451
25070
39349
77618
38369
70904
91743
42460
61855
41900
66767
22338
7568
47835
53451
52519
59779
67551
72454
49450
34641
60218
67251
58464
34900
743
43947
75351
62953
37024
2840
8678
37771
92686
91746
34440
80450
49669
34321
10575
58335
46739
88747
74836
54116
28300
36207
99016
15736
38780
47878
55481
43875
44077
39431
58578
53581
56960
86364
51817
58229
74808
40613
45158
8231
53921
51810
40961
58465
74997
29840
65377
50116
74011
35960
33866
34127
33979
78730
71468
46305
248
26094
45279
41007
63105
55298
34320
33326
57859
34022
48580
49979
35334
74335
52339
53270
72056
59162
27356
38811
36055
32485
60034
87912
37772
35731
60437
57809
44143
71188
42891
40104
40966
34318
47225
79490
38803
20667
45435
46594
49850
88275
72272
38531
52643
54471
69671
19607
20526
47460
48422
75998
63183
89939
76611
85569
72046
37970
85290
45957
39174
43190
21113
58815
36429
98337
42952
4176
36441
33473
66412
80154
34248
38736
66209
62725
35277
45537
57770
42417
92914
40202
67379
53736
47558
91868
34938
37836
38881
82427
69295
66778
56356
60510
34338
75870
59117
60521
77516
33725
61143
34942
52336
32839
18969
37746
46257
71794
37608
57774
32734
54628
41572
66571
44785
43461
170
35623
72205
36882
48705
43066
38670
54694
66074
68794
46382
12874
45417
46763
30434
98038
68115
53555
39354
54577
68093
41841
69218
52173
33136
64294
41585
29988
47133
42496
58975
23024
54864
90986
38941
75382
33441
34432
81188
51344
38449
67488
77165
39242
37799
33502
44834
48449
86533
56672
60671
79370
82570
41397
46894
66031
38913
38734
44336
35132
34103
79021
63913
39322
37857
52314
59310
14718
16212
56699
52777
74598
20844
33603
43687
65144
39395
91583
5773
85916
47418
38488
72606
40318
56734
31180
13506
36473
30464
55186
45386
7851
9613
33092
57575
48845
37663
11135
31308
41472
33895
52383
1097
45076
36709
36755
45261
41867
62409
79726
60037
41320
60867
39589
81386
73753
40541
81283
35528
35055
53083
88194
8270
52893
10986
36894
69613
33461
9810
71618
37180
96646
40650
56785
67535
34721
53344
95199
50174
34542
49739
38388
78273
39400
85974
33926
62257
252
70882
67034
57040
76459
37712
4468
58020
42841
44548
42425
53042
964
28829
33517
70184
46865
52262
50675
60264
43576
69783
50654
45543
53153
70519
42073
38414
52886
78986
96278
73778
42391
48695
66284
84257
58262
17573
41656
40772
35889
44293
32904
44174
48071
87909
55368
34691
7578
77633
38280
46916
69523
81983
50269
93549
48146
48260
98538
41780
31165
44926
82120
68296
34034
79121
37079
27812
90976
40111
91805
49165
68190
47665
27496
57673
69334
7058
52567
53254
45830
87664
43257
80295
34907
41829
16927
15860
49120
54957
34431
61361
56227
63765
43809
54257
71871
56415
7336
73906
27546
25343
45440
39437
37661
40139
36216
48944
42740
23230
46991
31051
40956
68471
72696
54714
93880
98434
45725
80991
34430
81401
50704
4822
33815
66769
52404
56262
6413
77431
48472
18866
70565
60298
97982
69422
33753
35646
39720
40187
52575
45216
43173
20565
35655
37463
83010
19220
85467
61024
58576
13970
43651
47827
42717
51440
45229
33414
42831
35083
54527
23195
19429
14891
47231
34076
59527
38001
51808
80124
8973
75320
35681
46059
51627
54519
40398
17410
34823
73286
34501
34805
46130
39917
40982
37682
82843
69014
52440
44307
61380
45427
40295
53832
54569
33839
16240
47277
44535
49168
34464
31471
81113
70935
47122
77046
3626
37727
57207
68805
48078
6134
40683
62090
51794
25375
41915
71242
60431
39562
20792
33048
36492
38236
43098
44423
24711
44668
72881
93253
72204
39321
44315
91367
36931
39502
99543
43045
70637
44141
57482
54240
50106
39947
71004
59254
69638
1282
45526
69584
51949
44508
9675
53402
39501
45257
72232
81350
70561
54511
35228
25648
60257
67997
37645
46878
49052
87050
43784
52510
49753
34234
7859
35941
37483
39692
62330
41331
65266
49334
76454
48513
13509
58850
51169
57327
48213
73159
37316
76531
43122
36500
50122
42555
49824
66558
36094
35812
49137
63939
25114
49597
37654
69243
74273
83411
65851
58118
37983
41862
45160
14255
49975
46838
4107
72802
66690
57565
39040
52847
35191
36679
36822
980
61739
67023
50082
46434
33338
34911
94216
57204
43598
68941
5187
52652
58211
36944
35784
43701
3508
54069
99930
57098
53557
63932
49119
19385
72000
71886
59739
43040
33955
88232
41190
38010
33317
9797
40325
40038
42412
36984
85949
44647
30925
42268
34937
10614
64360
39792
35676
55185
17304
5045
57955
44344
39023
97009
82521
19914
60947
22387
46522
84765
54228
64126
32988
48727
95441
77673
35390
54031
37023
51912
35778
75855
43369
69928
15838
48505
90709
66294
71713
37994
48018
35028
33126
36766
79738
79459
61282
73982
34748
47043
39000
34518
98019
44659
66425
31105
22762
46016
41750
98457
58722
88100
60132
59657
82729
40785
61592
63637
57818
87364
51590
44658
54421
39291
34295
97686
70841
13356
79717
57153
65428
7239
61924
55016
25063
80020
38227
95406
71086
56573
19623
65050
25583
35366
34853
95811
33223
45237
64486
53496
34814
8714
83502
36732
69983
82125
40539
53803
38357
94594
31867
42038
58451
50330
79236
1495
14121
52876
38140
57905
45822
35172
56416
55184
39801
34052
63075
92939
37319
40482
41092
44896
72214
73722
30198
54609
49345
33301
7824
51424
42597
68036
36696
38752
67507
55239
52846
95798
94253
32574
40342
75323
18498
63173
57484
34640
15087
47523
37547
53061
94278
8839
86618
76546
50524
36835
47437
14088
69044
76557
71704
38824
74253
82667
89213
90568
45705
39824
14636
4654
33998
54374
53863
69185
15512
37737
45193
38928
33907
40754
58742
8612
31986
40063
60500
51554
57662
55130
70883
45888
44304
63827
65433
38130
93752
38066
56925
41713
44828
61602
38334
55786
36544
42355
33651
30114
70503
36508
9580
88500
50168
58715
59898
57045
71296
71892
72462
38341
63344
51663
56655
39609
60982
13473
52968
37154
67681
68325
61076
63607
31259
37288
19022
67416
60021
43356
75591
90372
39807
21082
81343
82434
57904
93903
48843
14969
39442
51699
49268
49913
67016
51381
20048
95657
26623
46372
54453
15616
62630
35799
41513
40941
67870
34238
44039
54409
43113
45093
90182
36626
60448
75889
61860
53712
81098
37824
63839
59317
61155
37151
52363
36462
68350
37493
16270
23
79445
44183
56966
35087
51161
63998
42852
61464
51258
37586
76266
58694
33159
44982
38038
46054
42824
39085
79475
23318
43229
49018
3481
44187
81338
88884
49474
40238
17205
82764
38276
60588
37158
65912
33447
76366
45980
43507
19430
35814
33571
68880
38489
76872
98724
35745
40970
38503
98075
41861
10179
57357
93984
15820
56412
10356
36107
18990
89656
90824
33358
46771
84966
53349
37351
63684
14496
34068
10782
76169
53779
47731
91258
82459
35035
56905
25356
76679
35714
75230
18912
55135
33806
47578
43746
51543
68560
62812
53362
57674
44661
44687
58912
36171
91126
75498
46075
64692
35596
87040
51115
41969
42544
79464
49662
36655
59124
44325
93331
49468
17445
53523
91480
54462
41332
70924
47103
55158
51666
59556
45169
60951
44491
36310
58678
54002
79626
32157
64773
40035
49233
34586
59397
60195
52776
93487
44907
86050
33553
70994
64001
80978
60186
70756
37556
34921
15436
37950
51556
37614
23112
77575
35858
41110
58471
9389
45819
73289
77001
81281
43027
56459
38970
39197
68900
33072
38749
35438
46721
70843
44873
50676
39778
49348
34255
42077
42264
24297
51352
20569
44714
45959
50418
75905
56016
29997
17077
35997
33382
88753
12771
36159
46380
45738
34042
34846
84437
56806
80867
37630
80701
37820
47751
31248
41940
27794
48598
49529
20722
91855
34994
51237
43118
57698
96427
47399
40137
64098
69847
87885
39084
57771
37859
33666
30659
89363
43563
44396
35413
78775
59563
93676
50949
18348
96436
43926
52603
26880
37239
90826
47086
50924
34643
51916
57287
35635
96992
67307
60590
42767
70558
80172
59954
60265
89803
31679
75744
20084
89417
1878
59056
93783
9895
73379
36770
12907
62017
26614
48912
60945
36382
40861
56815
43841
77160
65387
17902
50928
56346
31304
9775
42500
52717
41225
42493
80039
33824
42621
46326
50873
63971
32760
68795
57139
5181
42695
35126
55462
94338
12987
37904
42095
30618
51202
47636
70898
11903
45628
57460
70111
57100
48576
74890
70430
39215
41072
61218
44597
97458
59326
51464
45089
62613
61848
37833
9472
80261
41746
47398
39912
47808
42970
45867
82552
25053
36638
33590
45465
16058
86606
42735
61386
25562
33821
47903
10641
45724
54636
88216
37858
41759
56039
63882
45453
35636
24371
37268
55329
45754
39336
64538
53458
47270
37489
37425
85602
7584
40667
54133
39318
35903
10034
90578
87303
63922
54231
33311
56138
92851
50950
47152
48719
68255
24971
72329
41504
33938
34153
40168
87105
9135
35828
78135
64624
83547
57550
38181
57790
45851
53261
50680
67484
82276
77010
92840
37496
32922
76278
41367
49642
94683
40627
53623
69800
95525
95293
60345
74564
35877
40442
48158
62443
85292
79449
44432
19885
46312
49538
47806
55531
44313
35575
11870
45308
40494
43953
33321
74225
33019
58851
76898
79868
39713
63762
33971
83203
18514
52221
70034
32393
91807
44369
43133
85242
33194
34271
48104
84393
98719
88108
34459
41801
58531
43354
50362
34753
43472
38632
94300
39269
35712
57709
34395
43908
69933
12972
83618
51426
34161
90953
39595
45403
96996
35394
54392
36404
13790
30016
69581
59745
21548
57218
13928
52763
58140
33908
76754
53145
39867
39723
45668
29146
39806
25228
68100
36358
39031
8440
33433
42056
68301
55769
39703
73156
38763
59149
33786
81594
26982
9061
34473
58810
40018
86441
26199
53647
79507
93648
96096
16494
67231
41109
41438
75928
30715
49354
81282
18581
33978
51743
79802
72775
36440
52952
71341
44483
50529
43711
58498
65213
15480
30125
36191
8516
32997
39034
74930
58741
33561
55510
67001
49078
39771
18464
33231
48957
35811
33360
55537
25446
49103
93874
48478
83255
37880
40983
55971
78540
96235
33882
39185
20370
48565
47024
81555
58395
41625
47415
31124
72634
43234
66810
94392
34599
74187
48731
69032
37821
61021
35831
35573
67320
42377
58165
28064
36116
35313
24268
37903
49257
43327
58527
46460
10184
67679
75391
38765
79496
86612
41135
72105
36178
39966
43707
93652
79761
37666
34057
44515
87606
46988
46747
58152
36084
64736
69450
85263
98685
37096
36015
9987
53728
70771
35511
16529
89125
54573
35558
80422
83937
38383
36226
34133
55466
85436
53422
89082
33302
28970
42244
61531
73549
145
51068
49308
37474
33756
34608
33775
71438
34689
56647
33121
59597
22186
52956
39710
49976
21837
79241
44566
76858
70686
59746
41210
70840
36919
78133
1602
39900
49989
88043
82646
61369
47969
51407
23420
9819
64742
42175
47677
53229
38500
51761
62365
94611
34123
97528
34313
66016
45360
15747
50461
50546
44631
85923
70000
41662
76651
43025
43509
76275
12691
12661
51162
38735
34178
36023
20718
33785
50087
70611
81387
7534
1573
73890
31644
67883
69556
46400
58198
84688
57636
40679
38458
18983
73605
55905
84556
59213
34373
83510
43216
40271
24824
40289
63528
44244
45948
60069
44437
46962
11939
62561
7369
3688
50374
44041
73864
35042
40452
34849
48436
62970
39129
57898
7622
58589
36629
41476
78863
58477
49216
23404
38222
63973
66568
65992
52562
44043
66228
62517
6593
47490
65903
61390
41822
12920
46045
95107
43939
42321
46300
35476
55347
55299
39288
47499
35066
71120
57560
59848
56020
34455
55451
31900
47895
40418
44713
35100
59349
34040
84470
69018
41198
36585
40727
41988
32633
63467
48722
48998
65175
33134
67217
41457
35029
44118
45731
80127
49829
52951
45428
18253
48080
61594
40407
52202
97980
43484
37086
58982
44497
73394
38590
47809
9505
63963
78791
90624
62715
4948
42633
54786
49215
38312
35346
52135
77735
45765
4375
47346
9947
77281
36385
90344
84998
6465
42259
77127
40796
4215
91954
32439
79555
88197
39698
41788
15823
23584
42543
46794
40810
27096
46502
51222
79970
41085
48210
40357
52116
46361
41866
44045
77312
91492
49569
55576
44506
92965
12494
62667
66297
50935
42308
47680
49967
48943
36523
35946
75364
2413
72677
81805
40881
72080
97711
41107
50667
43039
83349
81936
32927
42324
40804
82993
26012
73802
66906
53869
61682
52431
89900
56239
8065
33766
7602
43258
67560
39320
35482
77264
30757
90413
58195
70733
80417
50015
81544
39944
36611
66437
47899
21107
88300
39014
95264
48429
56336
3700
38294
74477
10617
67164
92419
56779
21511
33934
53333
11474
68016
45935
41087
2812
51688
48662
20841
69647
35157
57520
7445
47593
41053
77026
34493
56705
52058
68425
39919
42931
60967
38364
54128
36300
15420
47012
40173
37624
38973
62084
71594
53871
43473
40339
16778
42200
37808
14178
52744
46712
82226
22922
20075
69297
2632
61681
39179
67831
33954
71557
47511
42222
70323
62111
63367
49655
527
35281
42879
27817
49395
89430
45632
37491
38724
55219
88769
71728
34819
65690
49056
46419
52160
49425
68423
49343
43812
48786
91590
44498
41005
63919
38528
33723
33663
52701
38831
28316
58144
85012
19920
45024
21119
37679
34984
31164
12876
46970
78453
45635
52318
42129
25414
68230
47868
20150
55895
46251
37732
36864
77481
61041
59125
69273
41112
91059
74428
93838
35491
40673
45928
31748
45320
53106
14094
74457
43570
50761
21533
38350
43022
55689
34468
25556
63391
91476
44090
12165
69579
384
64710
43240
50308
43557
39473
4387
36182
57439
49180
61235
46981
76859
62903
78805
38
79424
60980
37374
25306
43373
37684
55812
48088
74634
45161
43762
49722
38792
47071
40297
34617
45992
55564
36616
36790
18424
76668
48144
37862
44233
64013
63600
68511
46411
9780
36152
59891
58638
42454
40489
18015
13838
50893
71796
53159
63736
69551
9602
58176
71807
61207
32617
87115
39888
63738
50480
43150
36932
77282
85997
33768
35803
53823
95111
35030
50030
63744
44095
82766
53572
46137
35232
52622
53299
46462
65563
67494
60915
21628
47416
24926
41353
35161
45594
37116
43825
38777
88901
18342
37940
13596
26181
37982
58205
46011
58865
49645
99625
37313
74834
6327
66524
73648
78747
88320
57589
37156
35797
36793
73873
20060
42989
39148
42774
80788
42829
48365
71396
39130
52129
47400
42617
42864
35621
65367
44968
53255
46902
65540
43715
47962
33851
47955
50206
38212
5714
94453
18869
79609
40030
81412
53890
37427
35008
50661
99793
35525
55448
51953
91268
58478
84543
41073
41359
13203
58509
43475
45492
51746
51244
33995
53757
10811
36057
61657
51064
37160
92449
43884
35720
74422
21047
52577
33076
33025
57825
34720
77987
35698
34496
55859
34551
40049
45047
88543
52640
55922
53979
32938
41349
38128
36734
33166
65040
41151
46103
40770
77570
35351
38940
35347
71830
80496
94205
33591
78111
21024
87458
55007
69986
50988
83452
82265
42120
62957
35031
42599
18050
54626
95835
71201
13980
82189
33568
50720
44189
39725
53246
73057
63700
64012
38065
43332
41840
44944
59720
37110
44700
38273
57127
49404
32081
38549
22301
17140
92315
25062
54616
45000
74285
37452
43623
35880
49523
3733
61296
46745
34785
16942
62122
82954
66987
50409
32891
41898
50881
38513
87467
43047
60120
70378
37605
65115
63667
47940
40090
56702
72872
45546
64431
39232
74014
95378
5172
52890
69286
59984
86354
46575
68488
16968
76827
28182
32531
60060
29705
43553
36480
8614
63908
46929
35928
38797
78886
36350
29797
36420
34471
40014
80957
78391
60910
41416
41019
46921
62865
48121
56075
20477
35106
19507
59333
76371
13281
42519
42963
23981
80286
88779
88850
6326
98267
44573
69846
33810
50035
65373
90506
44024
14954
34699
41657
35050
42623
48951
45106
60772
99125
67232
41964
38041
65867
39968
33665
43829
64558
49312
47408
39495
68260
44950
89713
39081
74435
27033
45082
42459
68952
38162
52291
36239
44572
34684
80004
24533
43124
33975
77329
42585
42670
57013
32441
84322
83711
72388
51975
37215
300
54927
42968
53697
16651
52392
34703
43445
58853
39571
37988
64634
43095
82553
47314
98227
50005
38945
36548
75455
40055
47237
50111
46284
49413
71237
71785
77517
79217
83319
31268
44650
71023
49659
31381
35591
38579
55534
51902
55718
5099
39755
53582
81091
26858
43439
40709
66885
51736
44990
65684
46789
56464
74650
73644
58126
29259
52512
78222
33437
48034
56256
69078
81907
90403
48398
44745
84814
49890
51077
48761
60386
63015
43278
34843
59578
38322
44151
64545
33114
44131
86445
33221
28483
3790
21590
44087
57315
35037
18662
70028
40506
56884
27531
69742
46719
6508
71056
46565
58088
59690
38423
33483
42188
46177
40847
73328
45134
45825
68372
6342
43385
28475
37426
48703
87416
52692
71921
38654
25557
37344
44888
81606
39411
27639
53463
47269
74220
66138
42900
73527
39057
41679
38332
28791
55634
99735
57985
75920
73579
68812
59053
17960
32317
76099
53515
19799
78104
39675
41497
21354
18784
55871
68725
33953
37142
51573
67534
43225
35777
44474
52265
53621
73807
43060
36659
70600
33861
62891
47365
56175
41832
46099
62689
4677
35480
40474
76941
88790
56579
40597
34342
80170
90900
40266
72100
63196
72150
50579
45294
42982
96635
38114
94614
55795
50074
60808
38640
55511
73606
63058
69958
46039
37841
33427
35270
47052
44806
45651
43734
41305
94022
82154
64345
36270
40702
38954
41270
45289
64156
38238
46534
37506
34875
33372
35406
80735
27067
34548
49441
48309
79981
37267
99899
70835
60112
37801
3955
74108
60831
94079
40786
53086
36956
33601
7104
60391
12740
34181
89762
78712
82498
81602
47543
82350
4935
40162
76794
87156
45295
47551
82692
15585
65293
35940
48582
47027
69042
64411
71311
59212
95420
71825
38795
92028
35680
33328
41532
43970
86879
62120
65472
33265
49134
49368
17442
34569
88092
38070
42279
41268
46085
43020
43522
46821
49627
40032
42933
32782
23646
50927
86811
76031
53008
33219
35717
42568
52954
49436
38630
58227
52520
80777
51939
42964
50505
57519
10433
35110
61977
84777
44169
91450
88022
63520
54844
43978
81938
44364
33352
10901
24254
42561
33762
43111
16192
35217
48463
36866
73609
35763
91602
26680
84443
38935
54861
35323
39694
38770
61526
73830
52751
79783
79258
93205
34312
69823
38864
75176
13232
52200
84576
41327
87863
75555
72672
39545
1657
21638
44108
23369
57887
53227
62976
50328
56546
89106
44594
44441
36396
78951
68151
43162
54243
42416
77176
27605
71534
43392
88406
49414
84312
61961
40333
59035
38715
62728
34446
66697
35944
83993
40743
51448
38185
36986
17834
55819
49964
18921
35572
49083
58812
57329
32812
71933
42352
84383
23100
49347
60418
39446
38465
42428
35543
35921
92047
42685
65375
28140
28532
63866
92979
17665
46265
41689
64484
51213
17284
46657
88810
43898
18345
36913
46329
26698
77539
51919
6450
41837
34666
90418
14509
52753
40223
19687
51907
43129
35202
68514
32771
51022
43702
74754
54023
70142
42897
63092
50862
32166
59646
47332
35500
65349
49124
40760
80517
56601
43346
51872
27529
1964
43331
91567
47849
59070
63841
85891
46136
73259
34950
35079
41576
81818
50773
44416
48877
50578
9941
1576
44734
84655
62508
78291
34442
40821
48468
26696
32819
56825
53700
69338
14124
39543
51228
42229
69094
82123
13259
39652
41810
6709
96759
39020
32911
63006
53102
45768
39841
16007
97050
41047
95976
43641
52266
59439
70489
71741
49826
34317
85778
52039
18773
39262
4707
6361
14328
94203
53586
39063
92750
46131
41146
62116
44625
37669
60623
60993
22138
50428
80563
65436
86756
53848
15620
64716
36122
34563
86087
37575
76334
71946
80890
38508
98594
88496
43403
66790
43488
6354
93341
39095
62762
88129
38186
98642
39121
95844
85241
15691
8551
61200
72661
16872
47752
35821
62950
43334
60972
55727
2133
53567
68375
55804
60157
57068
71890
30441
49094
33046
46339
32252
50349
57539
48920
68416
32898
34650
14733
12672
33401
18886
25521
45911
31064
47036
43639
61156
35678
44774
44652
3820
35611
62932
75882
39338
48817
51970
49768
42090
94044
49290
13119
53147
76902
34781
68324
32798
51738
3216
92228
67863
67438
89588
46489
44767
60844
53579
64449
39224
64893
64318
99692
39960
42025
8552
91445
37867
40244
45539
42920
68569
39955
45990
73403
34676
46654
3704
73783
12521
34657
221
56453
25095
22976
20156
34749
93965
77754
74895
35125
25146
46917
77427
38667
78787
73652
49580
41805
38157
25656
37989
39555
35862
43291
40044
37329
54322
35239
53705
8459
51183
61719
58946
49783
99364
58129
56814
31092
40091
63818
50167
61498
18965
56443
79035
35488
34867
59540
60648
60442
45997
41960
75687
50596
73894
45917
61772
63614
51924
27401
66533
36381
34636
80798
39051
42076
44146
4395
51199
68145
5212
38597
9352
33066
35245
44005
56057
20338
43298
45098
41680
5410
42342
94501
61965
48581
58933
96640
71705
30200
40180
18729
70364
58941
47883
52045
90727
24740
86626
90448
98934
78761
51362
18843
76747
59605
96110
68484
55928
41062
35063
21098
33791
36389
50580
81954
42520
70863
49082
47441
54415
37060
56656
47411
6537
63821
72374
71683
49309
38232
40182
45342
73840
55334
16578
49223
23742
55176
52648
94785
84833
69340
38873
74116
66274
36933
37224
49228
39764
34544
47627
48575
38675
90114
21074
39512
41296
37437
32382
47259
59287
43602
75428
73370
44833
33966
72731
23009
51756
36815
37200
35975
48502
46418
66599
66652
54784
66927
8469
84829
31422
40445
46476
26573
34874
36231
50212
78938
39851
32944
44064
44857
81240
30396
40488
51811
75745
1833
73880
60877
35417
55955
43929
45153
95529
86759
84506
60730
51951
55287
63185
33527
59515
54163
60165
48561
45617
52425
2553
18179
43830
78123
52374
72764
41637
82073
51248
52357
74767
34596
38293
77761
34638
57626
39149
66874
65103
81429
78871
68693
8193
94758
5536
52628
51395
56252
54991
49446
45057
90191
55799
44971
54113
61118
1238
38907
39187
63226
47376
79327
16702
94965
36007
39837
15906
38900
80279
40890
64395
18854
73623
55801
39475
90851
27636
41468
80460
72556
60349
54551
41735
27475
62748
35553
65857
40906
44684
65027
46707
75345
45774
41163
18449
23291
70045
51519
49466
37265
39996
51094
38731
99290
34855
20533
37467
68270
6093
57056
56989
99782
81949
76177
72638
93098
34158
90896
33258
34776
46825
52395
24092
17007
46222
9196
49649
34377
97521
38634
26457
34777
43266
75495
42922
57050
53476
43306
68782
48620
53021
34259
85459
34090
41095
69684
64340
75717
42762
52798
61148
76856
45137
46652
53202
79444
6052
78426
59447
48212
69888
36714
38329
62030
44040
62824
44551
44198
60866
76734
38987
71455
14585
89191
71065
80746
34513
81657
63499
3989
65048
65096
41986
63490
41910
81580
39753
37364
42283
39066
43202
66532
41783
72037
55976
29154
59733
63843
37688
56114
36583
58394
99728
38437
76027
49685
81424
71240
49419
41765
14123
65787
46371
46795
98362
96109
43498
72522
10395
39202
72344
82184
35943
74317
48087
60216
24604
89174
35904
64011
36370
45156
61901
52179
76144
95013
60029
35527
40169
91825
56695
23698
41234
37600
50061
16346
80050
66748
69951
43817
44139
71495
72322
38533
34582
34247
15896
55259
57891
66305
67403
56899
37965
43719
86387
31985
12392
37898
45415
67052
29482
44070
41954
36417
56752
63368
53167
81921
33014
42862
19934
76791
35979
79320
64564
61003
45555
40504
34061
71445
37632
81024
40936
16061
86453
83820
36208
99068
82451
48777
15890
47138
58797
43503
91433
36827
64269
36331
46358
36149
43886
50749
21445
67640
52322
75691
70897
39486
65894
66642
37930
77471
37422
60107
40875
53350
38439
6562
33086
35082
38962
61560
49492
75776
73307
42316
47624
2807
41775
53019
71979
51061
39369
57124
46512
52053
34351
34955
38126
78814
62213
34780
39438
37825
51931
40715
80410
45241
40459
35782
62215
48300
56386
56036
26120
34565
37674
40177
79695
69271
87950
61286
70435
58455
38234
66782
41232
36118
34204
35185
58033
36259
60885
41118
84248
48775
41473
63681
21614
45654
41365
93169
36198
37307
57758
44808
40039
44649
75046
28930
14989
94336
91361
65517
2605
40380
36490
63579
54121
2395
42502
65751
55242
36950
54926
88950
87672
54518
7224
36228
65976
57293
53380
34675
60300
17640
36218
39160
29761
51159
34733
42751
45507
57268
19432
39631
35400
3503
30983
46079
45036
37964
36617
41979
17482
41857
79337
48691
40217
57680
77143
60489
62345
42102
37235
35608
94397
36195
77056
41248
34100
37951
36451
45323
77805
48352
50619
97119
67448
47436
52048
46933
35370
37687
37900
33574
39192
39457
79362
34461
64552
46087
57334
71323
43434
42858
72338
61137
53676
54127
60122
50137
57370
39186
58247
63523
38450
42836
22378
79388
44546
26445
1967
56043
25298
57502
49513
93854
20871
37377
72429
62849
45044
49872
77967
41534
39667
1579
40421
49075
67787
44387
34405
90901
35724
49929
60706
56906
47010
92405
61212
39827
50251
42689
46450
48732
43823
42432
58774
66600
56456
57118
42596
59573
82772
47439
59510
65801
56153
90603
42393
53949
51404
14062
40399
70420
55491
63188
31468
54447
2196
38545
61936
36214
42923
82963
57092
33225
35219
56258
37253
2625
42710
43638
1511
44630
97527
58721
55209
37017
64816
44274
39472
3734
41502
64660
15012
6914
58956
61843
55990
47681
42848
66848
77680
52726
273
49091
58258
50911
50719
37870
444
33096
36241
60690
94460
53161
25457
62746
45150
70448
44193
20073
4693
37387
38956
81286
39271
48634
8338
47089
33772
38701
68023
71543
1431
8757
37394
56317
75769
96117
93725
76227
68885
53905
65398
80207
57480
9574
42143
32824
71170
94400
85180
45677
71706
41672
38039
69056
8659
34873
75789
44385
98885
67422
41449
86002
41048
70532
44569
36160
18909
41761
61004
43358
85013
79335
90360
60446
35189
46811
99406
50756
6971
19239
33110
49647
35587
61162
44766
70230
55730
21433
33084
37653
65301
50548
43171
76478
16309
56829
94972
36650
42172
66434
13748
76803
59033
32966
63517
51520
19470
57720
51421
32986
61482
77004
87243
47328
84472
58884
45366
82406
58558
9195
46572
51795
62078
56468
47951
75577
38167
35033
34176
60310
53606
53230
70809
38522
53486
61044
29032
3781
65913
41806
38822
7583
38456
22587
83072
43030
50854
83668
72213
77567
52076
48467
50515
90256
37641
67933
44917
55561
37252
26794
10911
83205
59850
22708
76417
44130
64295
69487
14696
99033
49885
35953
76436
91915
37146
16668
82694
48714
46092
36468
71941
50717
63328
97316
55823
30571
57016
39402
55023
9000
50823
52906
25072
40675
56040
14021
51071
42045
67297
48530
46401
52988
55078
60994
47984
53615
34941
45009
74958
81221
37957
44928
72282
36738
15991
8200
55067
65520
40358
47776
19189
56560
54227
46526
44632
40902
42578
81524
77857
40282
53922
24007
70536
51217
45926
43244
58726
93661
36707
59454
40176
33863
95446
40183
93634
50124
51585
40306
37694
32993
40335
71126
67017
84784
82011
17237
46230
51558
50267
33308
59629
46393
45878
72716
2103
45891
40634
50211
26241
71562
47682
77125
61747
63297
39705
72754
37126
39804
40820
42427
47404
36959
33706
35578
68134
47058
39516
23980
88027
49298
61687
20535
34008
61548
48543
53793
63722
39094
57544
58294
44389
14557
18111
50979
21552
33082
64930
79743
69801
33168
73812
78032
46963
34474
43861
78621
81335
56765
36364
89127
78844
24715
50187
42556
63014
41854
70749
55346
62269
9966
99544
73143
40565
58806
63770
76549
44952
49842
36081
34380
55939
33877
64396
60688
85957
42919
71585
80951
46871
64962
18940
61758
36960
1513
33694
91883
37985
26095
46508
54059
58325
54777
60523
17810
51498
34649
25242
38021
54868
43739
46041
60327
19754
30054
57372
76398
53190
31625
40644
37161
70805
45014
53011
42394
33484
44900
39372
87051
49721
57965
51579
71462
71172
44007
55308
99121
83033
47491
40120
68078
38885
69102
41738
36280
41921
56008
46170
35301
29693
40012
83113
52242
76000
33439
2645
68714
54553
92763
66444
53307
45220
38217
61659
74097
86611
33888
88038
75306
45367
45041
45624
67586
33615
10054
42776
99596
58579
40430
45431
25880
29041
77180
60809
24468
35883
44170
77426
1961
66753
73474
59161
88580
57738
31150
76575
87372
41013
74414
54532
59706
46127
42728
66633
52133
67007
69870
35550
60568
42743
16708
78588
80946
9778
94992
58299
40341
83789
35631
67954
37910
73752
58666
47802
39690
48549
43348
61976
17950
79200
63714
65634
49209
88912
36325
42486
38594
47564
62029
66334
85083
85403
55882
73603
49925
75213
30442
66184
36572
43902
37373
45470
36879
41358
36086
68772
34592
36011
24060
17987
34604
35835
41458
48095
32762
47105
2151
57400
41256
45524
44263
61418
34160
69703
19613
33523
55375
58346
98436
38445
71927
76201
55997
51832
84852
32107
99642
57463
48999
22672
37764
68963
87108
50605
37917
41812
16447
44974
10824
70638
58754
93550
49253
60348
55571
47485
85980
2682
75815
32576
70416
76511
43730
80369
33239
62167
36242
44496
37761
51208
49611
87496
39052
77259
52065
46854
58604
78979
37386
41807
34256
44525
66907
32729
35193
40686
92590
66668
44373
70156
44490
80454
42625
83662
35165
36114
51301
70121
26494
64673
67121
70937
81650
59223
67978
33631
39816
64280
10217
52928
70718
27692
73398
40156
94896
17092
68965
77817
36510
45922
81765
17538
74742
42558
4991
62951
39740
47803
51863
40064
81506
74251
75573
33739
68097
8353
43265
51933
53152
60687
86037
48996
38214
31329
47050
50995
47310
69429
42060
40750
40606
58521
51834
39635
53709
37232
58858
33759
47197
36555
53378
24676
50942
35140
6620
48555
79462
44707
77913
60925
37657
32772
53137
34382
53509
65210
52678
79363
75660
81025
85368
44085
35467
47537
67900
78034
60025
69301
41966
53885
16636
76318
52240
87621
41381
40140
27603
47429
54783
41301
47096
48870
65666
57717
55277
37583
40664
44341
44072
52920
75281
36735
65756
82153
37779
56435
62150
35158
37199
14606
91305
73487
80545
38324
78375
43123
76928
41162
52142
48539
96636
94527
61941
55261
44933
45100
16903
72765
73459
4258
76468
83022
43295
37884
5741
37842
38932
34121
34826
14610
20213
31561
57411
58878
33814
64783
77862
88691
56701
59530
75200
44905
1954
55122
44428
65280
35393
36421
72458
79727
61486
50254
42993
27346
67199
5118
52288
90999
15167
35749
73517
38955
42906
72737
6772
42715
38832
44406
23301
24667
719
44994
74906
45794
48019
43380
53241
63764
27419
39227
74728
14186
47302
74411
50764
46866
51236
13457
37744
67473
89084
55478
88000
47493
53874
42606
37107
44159
83354
34926
84321
85803
6353
61951
24301
44016
42064
99940
33124
57595
38146
42088
2179
82887
35182
35442
88527
63619
42683
33083
37927
55198
68910
33588
98807
44135
62536
7053
90364
24668
40108
55863
57516
35737
35081
38820
65959
14405
46024
58004
70760
49065
65885
67506
37310
97298
64133
81579
53838
61979
47312
40079
66230
57505
13930
53409
40337
52940
23236
42307
64183
71840
80270
38772
42764
55328
49871
45271
72427
60490
73304
34541
99319
45892
23540
66714
53340
88946
94333
48675
95799
64851
72892
37690
49695
17015
61254
45301
44617
57424
40964
20331
63779
42452
79064
76693
54266
99822
21091
52391
91592
84428
94260
73138
44552
57868
7679
5201
38026
33486
34894
42609
62231
33993
78319
40350
37301
38123
51572
39603
24090
33962
56344
66257
50819
80377
22567
39627
17531
9816
33463
44155
35580
43723
82040
99344
83563
41009
43584
35412
50118
50898
41324
43363
42539
92541
63322
55008
40422
40009
34460
43921
69162
64377
41129
39103
40307
35490
78718
48851
51090
34482
41745
38419
66933
66109
15400
72094
54407
98822
92503
40197
59991
63040
43076
99241
83392
32238
74773
88761
45072
52811
37971
34568
49263
89703
57399
29897
86714
41388
9511
82628
50671
82142
56093
34716
33479
20931
66792
70839
49098
33018
38018
34972
64451
76491
66254
36598
1738
61922
46269
67083
48217
56479
41974
33948
36150
82783
56595
42487
37189
62173
79796
58759
37314
39508
47287
9786
61728
32806
36033
61775
57917
33597
73950
67545
34254
88024
53704
74662
14805
97180
71596
40609
52972
2857
62635
72430
39577
45511
38033
58914
58452
40377
72463
62432
69502
78247
52105
49855
76579
90325
34012
14706
48312
43448
47725
33151
30588
26920
44154
36964
34928
47382
75654
63179
36921
5733
64211
34588
46599
38847
21364
40426
50199
35791
46379
53343
42532
48961
98766
12151
43652
68163
1766
35609
47513
70714
19614
41220
52109
70483
29501
70578
64730
36742
38121
54805
73093
58545
93813
97044
22212
13659
34999
38657
48807
98128
93025
94513
69930
95865
42593
15498
54620
28464
52207
54954
41071
83833
51837
76349
97049
99892
33133
32925
77511
73229
38617
94312
51827
189
34865
67187
33681
35686
72643
35328
85608
53134
25621
38775
37658
75996
47136
53774
36748
88217
60872
22578
62295
10410
43749
54418
35901
62861
43629
55027
42873
7833
69118
72503
26203
45900
64463
47865
60813
37759
39605
81706
53418
81841
39998
51766
48485
37912
66612
48762
67886
42640
51403
83071
47099
63050
40725
22621
32875
43491
61639
73186
43089
61721
43735
91304
14068
12176
38584
7905
76559
45347
46341
77898
83958
36799
35121
34515
35040
51157
55765
67328
39424
37371
37673
61768
33522
28916
24202
90927
44890
43023
52191
39939
59902
49053
84600
56498
54652
53737
46884
91110
56931
40128
88845
28639
49483
45784
17550
61264
50396
35716
36867
76719
87833
38684
83134
39258
4025
52388
48660
39496
58013
43067
44271
61089
51484
77663
56226
47000
38219
74337
34970
60403
38504
99341
38892
22635
56522
33340
44501
38614
22228
43255
49666
57108
53287
63634
42150
29472
44936
44309
45363
46576
73651
59636
60848
79004
47832
39191
55865
38587
32930
14489
62420
11662
66443
36266
38997
55147
16169
59127
59581
35142
36112
37852
55442
56909
34095
96413
50476
53098
40456
68368
44841
55441
71602
45662
41002
81575
58100
43199
47581
62550
36444
54685
63362
36970
37384
4302
57777
40946
21184
40121
33220
33457
44618
42370
85407
83412
88113
50098
33853
48196
33782
82513
45500
66091
49318
44545
47356
34883
45811
43741
72336
34861
44378
70672
70200
82858
71207
57435
77353
12370
87579
55748
69464
44481
55682
80651
49001
28544
39982
40376
36812
38882
36281
31872
45368
36646
44845
58572
75737
90949
41702
39584
95859
7200
95059
57763
20009
68517
36222
36505
43982
46788
80497
76063
57515
53364
57182
33008
41493
61169
52456
62450
52864
74031
23240
46615
36781
40888
51586
73738
65164
64250
74649
40190
46882
11707
33945
47781
58502
38004
47428
64504
39814
57584
77090
68550
34850
49166
89746
70783
52522
59589
36169
64532
71163
15796
44653
83489
48586
87588
51824
44276
33155
35557
49304
38992
80984
68356
45477
39119
35893
46273
45395
86979
35279
49330
43850
41992
56630
47357
92093
35616
66740
33205
34672
41091
4343
39107
25681
29043
37355
60455
45741
47291
56805
60209
40945
41725
44308
38156
81651
91012
37591
93067
38495
76088
59334
1303
42589
80105
52320
51004
82609
1857
50037
39707
34957
42874
73203
72279
52196
33343
17543
96011
51945
90692
46249
37369
14638
56801
64753
44784
36965
28801
44666
37838
67723
62327
13624
34925
36999
57926
83622
24231
23409
84650
47359
36816
96911
41406
83305
36309
75217
41602
34207
71727
22703
35015
45726
49365
46209
47503
54501
9996
36133
53915
25180
43724
55677
59431
39401
38862
35754
45559
32917
54789
77620
66496
73697
57021
33599
46255
17831
20784
8733
49460
59003
51067
85267
53519
60987
44375
67991
94574
43292
19887
42844
45518
47592
91661
39793
93100
64302
83457
55396
92621
36369
59179
59423
78429
53834
25900
39779
47335
49055
34995
65868
44868
49566
23038
33417
65231
18799
8808
47433
35372
49279
46714
75977
43822
34418
39452
539
45485
87484
91152
62428
62482
38367
23048
13879
69482
38506
63502
28443
42579
50633
37990
65547
33830
68183
36312
54889
8234
8662
57319
83316
47198
42148
69767
22656
41767
40216
40638
40798
18882
80392
74534
21279
39166
42934
37043
17762
47422
11147
51533
50284
99657
93375
76241
10993
50375
30712
36232
57553
59493
41453
22118
35815
44878
33676
65487
85668
90650
51195
86559
48532
36557
37348
72847
60629
48831
40084
33818
41275
38931
39283
50241
36206
45717
43782
147
73940
39206
59185
60578
73924
61266
44750
40165
95800
74807
43887
11087
92833
84188
36276
74919
40973
75003
36672
67497
57389
15748
81944
68955
61518
44442
91068
42843
42261
34504
47117
81750
80292
40047
72021
35963
59499
73479
9668
6182
35123
77874
59608
41734
35134
36620
19562
94653
39347
49915
97216
37166
36568
44715
24552
91032
68434
48184
47518
86829
4254
45327
14228
37058
38957
34416
48613
33655
79052
2162
44586
41827
68341
40571
55606
58284
40465
24392
46836
83048
63601
50488
57014
33545
44326
75575
67267
39922
45073
36105
4972
54745
42470
68127
41142
71802
70038
22734
27864
47801
88442
43152
28706
35129
56666
37389
95289
49760
41375
48252
39055
40588
61660
70789
18534
58518
44409
15347
37516
58234
70082
36320
20971
42158
3678
87365
90640
49517
66163
56313
35357
32777
40229
65508
27909
54242
56185
34375
44835
3953
52973
63668
77776
61056
41108
41179
34240
68211
18515
46824
44978
89780
22891
99255
44886
44318
24054
76127
49564
48729
47240
51112
69398
40022
93336
40615
87880
18706
19263
46431
59420
86405
6055
37153
40338
41978
40458
10953
42514
33228
77014
68658
98373
84006
53991
73790
52397
38529
32694
68526
78052
34117
85474
5322
99034
69263
90393
99201
40618
62387
56215
35628
51205
35852
76944
1027
57434
36287
18667
37408
37210
2573
36823
19169
95320
67693
49818
34606
25604
85462
39739
43303
59061
54441
34553
93036
80562
66427
55653
50162
39079
23606
25981
68662
51233
7442
86929
57140
38290
39881
32780
89976
69397
88372
98029
23944
63049
53939
57193
76587
20660
34403
23229
34053
34620
38748
57840
51010
33036
9497
37353
35373
56019
54557
12397
63616
39621
36064
9018
1146
48749
44234
70153
87216
41860
31981
42002
39277
33921
94341
41150
13283
69210
26666
47145
93434
38870
26180
15348
82398
50073
28262
45188
87736
40101
69496
78432
16811
94242
61055
19606
91396
23473
72266
39823
32913
21171
47005
53787
50317
3233
45265
43141
49132
42318
48313
55633
66516
49924
71544
44799
34167
56725
89098
59680
55917
35494
37916
39940
97658
54819
96944
44177
41404
17657
40033
37868
35290
91808
39223
65930
70313
46377
58500
35792
33100
77914
38416
50276
58209
78151
61817
39625
62829
70457
70404
56263
58391
18683
18450
49594
40637
58570
74607
33935
37570
42679
42195
55993
37136
56485
28845
60589
35729
54455
64110
44756
33534
31829
39404
47452
57202
52966
61190
92790
55405
90766
30452
76518
35693
33742
25762
38607
73071
69750
18572
35632
80197
41117
25192
75305
20278
46448
34132
46020
75112
68618
94932
45168
35506
33259
17615
33023
4216
49535
34963
42476
75722
37920
39959
99985
78344
90718
45238
41584
42013
35355
84813
38278
92385
67512
47106
32840
94503
39334
19622
81854
52766
38700
36997
55033
69274
35699
7352
18628
60566
70596
51671
53465
15081
36293
3732
52764
49437
50960
53151
34704
68878
32940
96890
96521
50577
35254
88248
99005
37284
39021
74247
44730
49301
272
84740
46883
72095
95868
60513
69536
53563
52669
54945
53359
42125
39880
14202
39863
51299
95488
81514
33406
17117
58228
47369
33529
36257
33520
41597
34591
63938
96807
54758
57630
72711
55077
46553
37717
50647
39629
45016
59067
21798
2694
30245
93429
324
60540
60402
48233
56285
54112
36037
30851
77562
47085
28668
40194
54221
71358
39406
21289
28000
55282
41360
3366
81423
34811
48688
35624
74547
70147
61216
37227
50132
37042
1643
70740
43779
63683
34151
87698
36145
36155
19905
40124
99036
67713
41795
44929
76401
48558
40344
54870
50607
56842
77458
38816
82201
75449
55321
58670
35399
84044
16426
28684
19050
79930
41357
99962
56471
45184
93657
45565
33053
41838
38088
34131
68052
62354
52359
43684
42547
1343
32876
45950
49357
51240
36477
38526
44382
16228
34279
54749
19002
46073
49493
77799
34750
33556
16339
96281
51256
12413
49211
73491
48512
37395
37541
33690
45571
58617
43717
85101
79288
98028
79460
60094
67901
41246
37238
67930
88734
97482
84180
61197
35813
67927
50613
47533
77368
11692
40992
29642
41153
69789
33055
84253
37038
39132
34099
44909
42298
37797
20184
18699
44051
97860
53926
54846
40926
34605
56952
57912
48535
42161
22851
33778
64623
33720
99242
51695
51358
48993
45709
57522
48052
43283
38374
39407
19742
39898
59695
92429
41474
45074
47448
82818
50597
38192
5842
86975
55782
36059
59308
99900
44838
86580
73344
62801
63796
58720
33650
56664
46845
34639
32857
35800
37598
48733
14389
67193
29420
45391
58340
61376
6892
58689
54123
61636
79934
1446
54053
19813
55949
45162
42455
44405
56101
79381
79557
89074
36172
43220
31056
67728
60259
57236
70656
76487
1607
35971
70168
41475
48891
74658
54896
6104
36194
39961
50958
50351
59874
40311
69567
37128
33557
92317
25742
40993
47037
95735
35214
93827
94315
50343
46428
97610
42116
48267
48862
47342
55756
12714
70501
2335
58182
38328
99159
4190
59700
89014
40625
82856
26765
64661
11695
54217
60836
57448
62092
15744
61729
57073
42217
34319
46673
53995
96053
78833
43802
45713
94075
57648
51888
41174
60548
45255
35650
37587
60408
48706
80354
45560
85113
5865
35741
91532
60944
60600
40858
42885
29919
47128
47643
39866
38165
39394
91151
99690
12202
78326
39022
49390
4520
63364
41467
76846
43195
93158
44129
70664
48984
59952
46080
44628
44487
37593
43367
41266
10769
72303
37212
88253
55503
66674
36311
24032
50745
16547
40552
58992
41410
90257
36453
65528
46710
91989
42433
23650
38184
90526
60451
25047
3567
64687
38861
34003
17544
33093
61685
36318
34536
59395
60158
55404
60184
36727
38193
32854
46006
81367
33144
49461
45032
37946
56014
69985
54785
52625
16019
36400
49733
29729
35019
21813
92735
61166
59998
37981
78574
34857
73794
33596
48136
52067
21923
67248
42528
40262
33418
33741
75569
5599
19843
39673
46671
36196
33659
45400
51285
76018
34392
55003
37726
38958
39441
75160
54931
28525
42252
89265
39171
50327
54336
60116
46479
49607
40802
73957
40323
80568
68185
6464
38717
71663
12765
41386
55108
66589
70588
36511
44598
75748
76504
21899
44846
47744
45199
53286
78404
17710
33589
54066
13545
73498
75719
44804
52704
41847
45231
11995
42358
44534
74230
98582
51717
45481
60044
38998
65768
2542
35049
70205
70041
39455
53123
35209
60912
48529
73001
27043
59304
62977
57751
38716
54338
22576
70044
33253
33668
2479
38164
33291
15249
33200
88795
45912
49014
8639
68657
62333
66617
39599
24114
67819
37767
3954
37790
58377
87455
38233
8243
96249
9585
64977
74258
25938
68783
77623
58159
45913
71351
82128
54979
25663
51941
55425
85019
77591
79310
38272
15557
20182
39668
59089
41448
66051
74892
28753
59000
90023
84519
29303
51266
35929
10239
84853
42526
46287
46562
45797
36046
43708
37430
52835
24927
73963
27479
39312
37773
9044
36304
41556
67797
46078
42290
49112
35618
1227
34063
11390
63677
67442
61614
55226
56865
47249
49870
83051
5729
36308
36604
48419
37730
72709
96886
82382
32778
70112
32977
73969
88704
83605
59749
77534
34257
50280
64908
34602
80262
8383
48202
38003
65535
6148
51838
97790
63758
47053
77059
62346
54070
33598
44599
63578
5499
98860
22686
38866
76131
63060
36448
67421
84816
17159
42396
73082
40681
64007
39768
58374
61911
12086
67793
50713
59687
37905
98855
11134
35122
35807
36127
55386
98920
39313
63838
53706
34218
41484
64691
57338
40572
69034
53155
45960
51653
83682
41753
34862
48551
89471
74790
65637
34006
43086
35613
38151
23447
15123
48099
67762
72114
21343
91708
38068
47091
58259
23772
17314
55671
85666
57445
48150
59155
34398
78950
40135
65195
82042
13807
76697
72314
66338
40466
41995
53339
48570
43903
24416
51799
66275
8880
12137
42811
35590
37646
62361
46023
47956
58802
5104
38175
34140
36746
65831
96893
3981
67431
86211
51506
70572
51168
71916
35990
38689
35146
33602
95978
25709
39913
89460
69000
50587
69361
71639
33828
95431
68744
73621
69625
724
56738
74771
69259
60221
80616
79858
52349
36574
78470
63783
99721
70635
39871
43357
48578
65352
45942
40240
73550
38254
33389
46749
55664
81995
28224
54592
78275
19588
58171
39875
68474
83266
49714
234
53552
36129
34669
46044
69706
40590
33512
57705
72856
28598
37701
430
55587
47767
37333
87815
99193
64005
15634
30673
35249
83357
17301
67510
36623
32845
52541
45967
20313
75277
3375
23077
35255
50931
35907
50699
66340
50332
13062
93481
43289
93162
54523
50792
33057
56109
35707
60171
51030
39466
36512
23209
60091
64681
63933
40199
38263
51165
16328
71044
84281
44029
51563
59188
13745
39263
44251
38980
36739
92926
14241
83442
41591
58873
33156
89792
57474
93056
51602
66875
64161
56587
52784
79648
43247
40724
33933
44704
53707
49311
45940
63195
76197
41536
92366
43079
1862
93384
52844
42003
29569
72010
33797
82701
69990
39865
60088
10412
52822
70017
34316
51118
56629
59800
37891
27521
57093
23507
51684
53640
49081
34407
36288
59972
56615
96760
43670
49806
79234
90290
33831
33537
42826
40109
67704
89440
47992
35139
43913
36383
31813
88877
18646
69473
73105
42854
14850
22717
40092
47386
46726
41970
54275
33243
53952
38868
36961
17836
67377
41981
8023
34539
77146
45902
33989
84823
17377
62043
57806
35112
47273
42387
59342
35046
77195
78939
33037
37272
37067
25855
51211
43017
35362
71104
33509
37760
84783
59757
34088
37195
32815
33229
36893
16721
33323
44113
66277
83648
33436
42505
52023
49892
44724
47753
11930
92451
36012
50732
54739
38092
46608
56343
34450
31786
37443
9700
45402
81561
40928
38706
62338
34524
44241
33275
62789
54298
48129
32814
40368
78953
70511
24643
64346
62813
64721
65732
38409
76604
95648
53017
52029
46256
85452
63786
78167
47554
60984
42295
46286
5845
73816
43301
46982
73587
47380
18033
64746
34444
85575
71509
92030
40567
37298
67637
62942
61923
23555
56192
71053
35342
36726
31093
45707
42575
42515
19020
83825
77827
49244
57697
5907
19818
37911
63082
74213
34930
73089
4974
74256
36115
37831
33241
63720
59444
42005
51858
18512
92126
40267
33674
32892
39225
82200
51813
46321
63039
76500
46172
35900
37362
33536
849
41366
34264
38835
51418
83424
33488
43442
80446
40705
4984
49280
94910
96723
37488
55608
33808
57380
33865
60393
83811
55725
39610
92314
39222
14135
46613
1732
33767
49229
62046
83105
59336
55394
35021
78571
46146
41901
46790
79714
87287
39217
76612
44447
70961
36934
44107
55214
47454
38930
39089
58222
58094
23162
38582
46975
24503
35011
80915
80710
42435
60996
36032
72816
2995
52239
68284
73096
19915
37322
42242
37433
43501
56708
91088
7681
53022
68610
41747
73100
36151
51984
5924
52002
34108
8309
35711
53715
34681
24050
74132
56934
46439
52482
32933
35148
66974
78070
51286
46390
66315
90785
24522
37890
15514
33141
57497
19390
33789
42353
64048
46360
59498
50525
47368
71273
89169
73331
39068
43391
71555
55477
13228
63199
54114
45650
78998
40500
53390
71472
89758
63437
64751
84166
53039
69122
53185
70623
49928
50120
79912
55464
55106
10388
38966
56733
40814
90672
68224
78465
67399
39632
69996
44466
54089
45974
44856
99171
51415
9230
20510
58980
69853
6194
38330
49380
33367
47788
28077
38434
68204
84134
42672
96509
35315
37218
6445
23493
66290
1586
33736
67622
35056
34141
43906
66876
73064
46409
82968
33398
98865
71167
58821
47911
36777
51296
49156
67460
59218
52182
53219
53977
49323
79725
37814
43657
58083
45405
38916
36365
41155
30709
46879
35045
44721
33049
36996
43510
35192
51677
83094
24936
58035
39333
64064
36800
64488
2673
60757
59046
7526
76396
85236
31931
53452
47687
40674
35521
57741
7024
54153
67279
74375
46351
86649
86155
53273
80208
63087
47371
78396
2902
48378
67968
74502
87297
41989
30689
39078
54134
88740
67011
99559
35682
49756
38303
11978
40383
35685
51851
40391
58015
35341
93621
45534
37908
43644
36185
38270
48833
91771
46022
50883
19092
35774
38347
18875
98915
59846
53708
71844
59194
56510
39647
64521
42040
67727
91952
49271
74581
40711
65971
50816
84532
57437
42312
85842
36374
93378
35642
65224
40507
56795
20285
78064
72352
50690
77820
85659
71366
37525
31046
86163
33661
35317
72036
33885
6343
50161
49856
79840
32851
34712
88296
34078
44962
55378
65311
88807
48295
24983
35407
40849
9385
33554
94684
44232
35179
54152
44798
48552
77295
48855
48334
58252
93619
37952
43430
41490
47980
96763
75066
47515
41622
46294
82196
65568
19870
36806
34698
43966
34881
22445
52574
44621
33858
30792
64619
86903
38911
77080
35627
36708
51376
52821
54505
38135
64296
18076
69937
33393
40764
25175
55019
64177
36750
42236
47993
64684
47488
42504
64522
86477
61680
67462
20930
68205
77607
36591
43844
37125
43712
96611
65960
48801
41302
10816
53827
37650
37509
37303
29356
41808
66119
51336
53651
45131
19522
63685
36550
64761
25830
42648
48780
22446
69088
45056
33378
11964
82922
31228
48119
40406
62053
48778
36078
40988
86119
34931
40263
46864
19045
31095
80489
84330
44201
85134
98897
69320
29550
49664
41134
79667
33515
2380
36317
26437
35732
80709
92185
6805
18200
54226
65529
90148
55717
96133
44227
17559
42991
46074
37976
32998
40822
37095
6311
74306
50552
24498
35775
50625
36534
55335
44034
47927
70550
64215
53251
13560
29786
84686
13711
57263
35403
75970
48035
42181
68954
44124
60338
37049
91799
52386
94738
67587
74240
50067
70270
55361
75503
58145
67828
30176
41948
46322
32899
1730
41214
95030
67529
42529
40703
37354
47003
45144
36466
50296
50936
51338
34135
7781
66918
71226
71546
38498
20827
43993
54440
64990
74733
58061
76779
56240
59468
62086
7062
49542
39426
43094
10259
26357
41181
33619
38660
86504
54862
38305
49620
38676
88319
72116
48880
37432
93837
46051
41415
61795
43300
50363
26465
53587
41086
56189
36648
41998
53564
41509
20211
65522
68740
37462
40855
51589
73703
35120
85239
44777
90365
45827
32910
47190
56473
35141
4223
56041
76770
79922
31953
96694
76003
58191
58248
23273
36106
77868
38112
8219
90188
35837
79656
97560
35387
58393
55501
58587
40313
48298
47995
28710
40058
44093
76065
68239
45099
58622
97072
60505
56151
18357
74407
48642
82185
51026
50779
96000
41634
43351
45683
45117
67208
79430
78519
52278
41345
32323
72435
57076
49230
54468
69331
60524
48399
41385
12677
24166
77668
68392
81033
36126
56322
48417
73005
67146
98374
40204
56487
51393
10927
52272
56649
80961
46647
44814
61176
65647
39931
45442
89470
81258
94761
37241
8236
44427
64494
69926
36752
47234
79047
35833
44522
53059
1415
84533
62068
40206
8357
55719
35085
58528
39374
35320
79984
13371
62013
44254
84286
37784
28005
46862
46980
35282
64695
73193
46481
33940
86213
36651
58001
62566
68180
38069
41316
46081
48178
55467
61263
44111
60041
88776
34197
94760
81634
51262
11935
43622
75174
34205
32486
60795
45306
94085
63515
78097
60832
40691
4955
69987
45266
93939
1529
98564
41512
94009
51800
46233
36553
33106
58564
28450
54044
36813
65400
65404
74041
35561
88651
33617
22943
2421
37171
36525
94994
42458
22834
32792
79463
54219
3130
75245
33453
39305
31624
59717
48005
72558
89042
85840
33544
50065
37413
46798
44011
19355
60738
49337
35487
35360
42642
45692
45389
5866
67509
34049
59668
58038
27351
50691
93210
15987
71853
39279
10317
38360
38447
37318
6841
33442
23580
56026
72840
29543
47082
42284
37865
40196
46650
20376
73656
47389
72296
40907
90745
39454
56089
44122
42457
41382
38798
56159
45929
32830
35864
26629
99424
47985
46147
34574
36904
64344
7651
76955
54814
74865
73629
45607
77131
16870
80013
35656
74261
21841
32058
43091
59011
56679
43766
34144
38083
69592
36100
36111
40457
72250
52418
47440
92696
20509
51516
33030
88724
45611
91776
39838
89333
77289
41616
33685
48331
39530
81761
61724
68037
58700
59367
52696
10609
13073
41333
45920
77568
35824
59963
65499
68704
39987
54295
39978
33210
37802
49051
33735
63716
91913
23120
40175
70913
47990
93294
73966
4158
95487
20090
43271
6291
50264
37469
71629
30365
80721
43896
42646
37960
56778
57866
58961
90219
63232
69894
24741
49909
90451
25554
39413
40566
90638
56427
40719
37423
34810
45340
46407
4538
34173
56011
36043
20103
34506
79434
36483
11408
36914
35243
19255
53117
32025
36265
75053
64784
42701
57883
69226
49713
64600
98632
92141
48979
54691
84238
33027
50846
43710
24956
28457
42154
13880
64128
44295
92607
64771
67591
76878
77011
48079
88107
42550
60242
40929
76483
27785
52902
50582
77445
43581
36328
48000
61253
38986
54395
70481
71990
50045
40619
68049
17081
41414
50433
50155
41667
12403
74802
59315
78657
54543
57133
13041
79312
26473
86869
41184
51427
40960
46826
96006
58332
39397
74130
37604
33812
64354
5803
8407
57095
44390
93841
41673
75592
83386
47880
46417
12504
75431
88173
6358
95452
47929
56828
26833
42992
52379
37396
32937
34463
45416
40704
41126
54237
84871
57059
46627
70458
17602
52518
37699
69214
33634
35227
37787
40062
89441
46956
64241
3099
67117
36433
80528
60861
48725
35659
42144
45757
47789
54313
76868
83194
44256
33021
77009
51288
64186
40728
48713
33710
41588
85133
34825
37047
49697
72691
78752
43134
37063
25363
52727
75205
80894
85182
93195
44817
80462
87163
17269
53072
50176
24576
44281
65234
65629
12405
58896
84107
79152
20572
36456
48623
50384
78103
75500
55691
41564
51447
72209
38592
7878
45346
76207
42133
56196
60016
20034
40841
69367
47413
65185
51734
59847
78753
87783
57548
48154
89425
34752
36570
87167
33276
51076
38744
17800
43429
54512
84129
54350
55851
57442
55036
29343
69700
38220
1324
36509
41519
68870
62349
40437
37698
26766
43051
52911
32821
54056
65104
39056
23904
31958
68209
51470
37137
35719
59191
36252
49391
62921
87188
37954
35451
39536
81277
52888
74193
53208
81928
18192
38963
34683
54216
49562
35197
11812
44469
56527
36333
37551
22916
24429
41100
44349
57583
29455
57352
74648
64450
71530
48415
50741
81923
43208
84072
49140
92839
73493
47137
8866
42436
34709
98960
87895
44735
40854
42480
98593
67159
51455
83336
4882
38170
42444
54895
84301
68388
42250
44140
52108
34170
39678
44302
62018
33227
47442
54949
48755
51478
63180
15661
66077
78145
33505
57091
98015
94759
22746
42068
60398
36636
46610
42928
47690
34886
42331
39878
56800
68450
21834
44492
56080
15836
85147
60536
70014
44272
22180
52061
35570
65169
48022
46638
77129
18613
58862
33268
12366
39800
44998
72922
37139
65313
41709
11472
56788
37406
77248
69564
41760
47679
73694
41489
95853
74436
64127
54912
60595
55870
20231
37193
50591
11561
35000
53427
40144
34888
65275
69172
88223
48350
67463
57603
49128
60851
47805
35977
78530
10455
89238
80555
65838
34949
40706
42369
49261
24326
5994
36450
87402
84515
69293
38188
79244
30285
77096
73368
53549
62100
63805
35060
33273
51876
33931
39569
38429
58321
37745
48390
44435
18089
33897
47746
18307
49000
85227
48389
67032
51292
36971
42877
85709
37293
7835
8637
39591
79026
75743
35912
45263
49553
53439
10754
48228
56273
39714
38821
33214
78651
56223
33319
49147
33592
63394
34630
37676
83913
35499
80678
73512
50735
35765
38677
82426
11083
62736
42395
58561
54676
38815
43104
35420
45541
86916
39579
69900
65133
52819
39152
34632
91147
26611
80641
50152
57407
60815
78745
73967
81243
93553
3247
43382
47009
50606
55030
47982
44105
41079
89764
45221
36851
82706
38291
90755
68555
32989
27125
37261
45936
82036
73833
82742
39879
68884
42917
37738
4916
45175
44760
37749
64618
47178
48373
85371
77447
28441
11374
33787
28030
4992
69053
77634
63026
50171
45159
56458
3697
32841
35230
57731
56062
43788
36545
43108
45906
34550
53722
44646
89077
47125
93234
42093
97532
51459
39088
43365
38216
35076
86044
36613
57074
88940
59183
634
86067
45040
38208
33917
36413
38926
93748
60198
58270
36471
42754
39265
42809
76545
75337
85032
46842
81399
49623
65202
29329
24968
54906
43975
26609
58043
41653
60718
32907
72962
42365
5401
40167
73728
33104
41255
32894
41049
51789
78460
83114
37681
12614
62124
89018
10340
23342
69809
58740
45441
9495
43676
56069
69498
79034
35343
86353
81309
51792
52007
78285
83140
66913
11248
68308
39685
36305
55611
42019
43848
65712
18409
36955
47650
57252
37664
35380
43117
49038
41728
47084
51775
69542
1559
50653
17475
37594
46675
49990
37582
45173
45165
53330
72233
28550
41029
94195
11123
37549
32785
54135
38923
39956
55846
92760
37518
35159
60525
30162
74761
72208
86902
23343
49602
34202
35466
29616
26951
44624
88629
27927
67818
87395
46204
22396
48682
5634
32359
39802
44347
27484
54452
90732
35583
41646
12897
59105
50300
52992
34409
46102
45429
44361
30994
53733
40071
50190
35571
43832
86758
59549
62952
75210
60827
51973
82907
37417
10723
39067
72824
43804
74483
66479
72457
50229
70239
88712
57064
17386
56351
55412
46403
37574
99048
3908
34094
51315
87921
48453
63504
37543
42961
58158
73750
76626
73031
41111
38407
60977
11872
45995
43471
35992
34581
58807
68604
73164
43519
20309
57137
53964
91458
75711
45463
66026
90820
73040
49338
49470
28175
56798
64051
77951
45916
57684
52693
44112
55416
73315
38924
67299
59640
71035
48166
80672
14800
65018
33103
55954
77425
33490
2914
38910
42251
88873
52935
28958
45225
69575
65402
23360
44178
30494
14991
13224
99100
84272
48919
66301
85119
43634
93879
98296
61637
36846
81563
62308
50994
86837
57158
81943
70665
82561
40769
8605
51252
27549
66231
56065
65308
47070
60170
50402
6101
74535
43127
54203
69346
61165
93539
61093
61771
34065
33680
18358
79607
55994
33185
92941
39293
35496
73518
44587
53749
39287
31881
5286
47275
56504
83261
46158
51238
36724
32183
33497
8709
42047
39346
33207
40067
24183
10496
50271
74420
27601
49195
36630
38288
50166
41164
37915
36675
11454
40524
11646
38359
52677
49183
68558
57829
45091
74283
37497
90643
51823
66616
42569
48808
61801
71568
29076
34362
95885
68369
29609
37176
6994
45413
12136
73401
35116
44103
49356
63329
88144
42523
9404
35113
46617
33826
77087
66339
45907
22252
58727
24633
96014
34727
48469
94750
86368
43500
1888
37980
67779
40633
36095
53348
46765
51207
38837
33299
38228
41539
41498
56224
58009
36286
34013
45818
97795
70878
45202
89030
59805
41127
73962
68478
11033
46545
38751
85580
27596
37026
64587
41133
54003
42224
44261
49074
80771
51724
63022
54394
76160
17953
81959
71181
24573
39004
78364
34367
64203
39783
34424
82009
45970
6548
50743
42662
76270
40836
92329
47565
46658
42139
12421
50355
84304
85439
53912
49029
35223
39547
45783
38393
55
40219
52630
5310
46345
47140
40478
34262
73337
58189
70137
27422
76520
72348
79680
35327
49427
41613
42141
62832
60128
36575
6654
33245
70400
61895
49085
51668
87610
7774
50759
43453
50539
59586
45535
88039
75240
82475
92308
67366
63555
51523
47035
57258
33886
34211
71722
56375
39410
2401
65325
36760
50663
48452
13276
2610
45893
47637
54531
38854
69693
37909
83870
33074
71950
50637
50186
76948
43347
33255
93449
50240
38462
33242
48652
34627
65029
34971
47671
49650
39114
54840
50568
52042
69664
75286
85478
33489
58863
625
33266
13137
56983
40429
44384
63285
39450
58019
66788
35922
24836
32920
53730
12431
41541
27387
50238
15107
39012
32779
45796
82386
36716
34229
35071
54272
22818
81211
58674
92775
34517
33149
54068
46509
38704
57312
41648
37710
38610
44443
75111
41741
61
75102
51733
38613
69650
61784
62603
55857
34162
52747
76533
53801
41668
25005
45007
43940
72130
60929
53003
35027
52618
82304
74570
69495
65178
33594
55286
55519
28620
39241
83718
37094
52757
52607
47379
11875
48304
44134
66456
68343
55948
43457
17259
44675
36339
43353
3850
33506
50803
45494
54337
21243
75028
42997
44128
86157
55022
74009
38680
51181
71460
36003
63452
48679
13755
12348
39746
51116
68024
95014
11981
66327
76218
57298
42516
81885
96128
48773
57693
42865
2712
64732
54644
60775
52070
35151
2757
67803
85860
65328
37404
61654
93168
36403
68244
68613
36529
69583
45226
35748
57232
78069
75813
99460
38487
38104
36457
59973
62575
12658
49637
45122
76913
22374
37829
91625
16084
28090
66864
50902
38081
33627
35927
12531
36143
89208
64920
70092
54995
39549
57412
62549
95010
89826
56977
59634
50100
55284
49068
52729
34828
510
33109
76240
91950
54246
62097
59651
62766
75429
72826
48813
37273
78785
84337
53699
36303
42110
87580
35886
67378
57087
71636
60181
65891
73913
46208
67770
40538
86614
81939
69077
34030
46855
39090
73209
33377
39704
37800
32962
48153
58928
55436
92135
64004
38163
57089
61603
95534
39285
76441
75002
65203
48986
35392
67051
70480
51204
36425
73919
57629
35802
56282
10422
42361
49480
88026
40235
71048
3238
36496
26816
33416
63346
55654
82203
21688
87915
45337
33117
45478
9760
88125
65807
66482
36733
24841
61201
54735
53075
69793
81441
46564
77497
85128
61383
36298
76553
83264
74305
93416
59582
40157
33188
56454
38773
44398
8018
52917
13553
49574
41390
39586
32942
52303
84595
34603
39534
64143
10192
43833
43274
51683
37487
68611
2656
32838
62522
30264
47821
37597
73316
40514
65526
37302
39211
45593
22486
50421
72283
45068
38141
82715
52871
99405
34653
35144
61451
85191
40621
7725
96548
77688
39274
6567
75940
25758
96382
38742
42092
34390
55340
78541
24886
86867
40768
66054
91005
60674
52858
46464
60232
63812
51829
67060
40876
50314
54490
32950
85059
70331
70881
72685
46779
80602
35652
35292
38158
60371
34870
77988
12292
7437
61059
78551
77284
35697
15995
97310
62705
68660
45609
35851
75570
15385
37702
22583
36190
60318
34629
50501
64802
12409
51648
73976
39045
57976
40155
44101
74954
64606
87410
51453
45586
76795
34552
59982
61616
71214
83209
41785
34128
78892
68339
37490
38144
84886
58404
47284
48959
80848
56903
44935
36946
53015
18443
33943
55603
75140
33823
8702
29959
70796
77592
49157
61124
17718
5377
59585
48410
81425
44516
46603
79488
33871
64829
51929
55598
70574
98425
34854
41912
10523
56771
92203
66370
62692
36461
33745
67514
61633
67988
37473
60178
41899
41082
63062
53659
89960
46241
37436
99340
48515
47583
33165
73987
24708
83426
38116
91849
42418
56194
36730
60512
35147
61109
25869
36584
83097
53041
50372
51650
39361
45868
76164
84397
76080
21903
56064
51891
52672
49093
65014
52192
79691
57989
50930
81452
43011
25135
38756
62396
42305
24012
78739
87035
62822
3773
71643
84611
50522
72113
29656
58099
53619
57188
40564
34269
45426
12087
2134
66643
74829
21908
44937
51419
39790
30331
33458
89660
52961
45084
43233
84908
20399
92777
41868
40626
94444
38356
26701
58230
94890
35137
43170
34585
71798
45357
49504
57052
65739
42719
50344
78823
64158
45476
57335
45038
45444
34353
34801
90031
41293
38082
41905
46549
56050
80921
54091
35405
51594
65143
13912
44891
54948
45399
43561
98058
39662
69973
35881
46672
64756
57631
95465
35012
56681
49808
33580
66891
89408
52338
57190
22246
48709
37163
41511
53739
22814
31232
94600
47933
82258
36912
61972
39268
93237
52658
44660
53081
73696
49444
74349
44995
55963
41044
52470
64400
49201
77989
373
61554
37439
36563
92309
52587
50060
29412
36233
47960
58459
44783
4259
6549
65030
2363
96891
48134
61881
39656
59666
43932
52484
70120
27088
78335
23868
99222
18740
44807
3215
35133
54488
59495
36992
81168
34766
20980
45143
46870
33608
35206
41403
38365
67105
40689
5518
34492
38223
50795
40692
33211
57121
6533
11136
47067
70860
34793
3210
49705
51463
56149
48133
2478
50639
76094
44245
37391
30138
39087
10417
1521
75951
55075
24470
35168
47512
50937
87096
38064
67950
52647
36840
60341
36486
4909
43909
44393
1907
68168
34807
33658
33425
72778
41814
3856
48029
81495
44463
45258
21094
82275
84269
77081
35937
39117
67542
43100
57159
62112
33959
42619
69426
9587
68378
11665
72406
48820
45451
30195
77878
35475
80830
92597
32883
51752
34462
35677
40239
15280
74416
23288
34041
17561
41170
48659
77200
26995
41421
38137
38575
60632
44310
92617
65611
38387
45750
59129
39954
33213
53689
46238
43361
8724
67737
40823
38094
92243
49858
32783
38615
94800
65677
77578
68925
61348
33654
69324
35876
92177
86065
62966
86141
37336
44591
59167
43761
37066
44171
10231
49980
61669
54818
43700
60673
92821
62467
79069
39661
37246
76148
62719
36564
65207
60089
76920
11559
80596
78813
68706
42678
39561
23529
79980
53982
87047
54728
45023
52217
47970
18319
60070
41279
71374
83092
45532
65149
65201
33827
56797
57966
37225
52488
44059
60700
35691
3030
21268
20534
43209
62469
86325
50765
38801
66484
97671
51472
48188
39597
84035
54660
70888
59612
5687
50679
43621
62466
32828
40185
77722
48481
94816
46188
32724
34705
85257
84259
36900
77000
58985
71325
92861
36633
69705
37580
35246
69811
3390
34194
73922
38560
52912
51606
35957
35096
73588
41533
41130
34787
37219
55758
51234
52321
55947
52014
78317
62301
46803
44867
53943
98499
33980
59088
90318
9244
62641
37306
45121
65553
93526
31551
62296
70999
44455
36979
33469
40362
62792
44476
72857
38466
97778
58250
74976
38725
42813
41125
36676
82131
53471
65636
36134
56917
31907
39490
34055
46525
48872
36167
44417
71630
37077
52355
65323
41647
69970
81333
76588
64278
41675
34297
35109
38346
41778
33669
36192
66675
71924
79916
84996
36576
34646
40416
96947
43069
54361
10233
45013
90336
32985
39028
60541
23634
60279
18643
46701
51072
38633
57854
52389
49876
81511
52311
52077
44334
87289
36205
78274
27499
68554
62360
34895
84836
36431
35633
51644
65696
64572
45531
63828
3917
74541
6420
76544
68085
52558
39009
57735
58861
60998
56982
60328
71365
10825
33204
38071
84766
66281
95132
3665
65233
81171
61933
37803
53831
70510
36780
3683
36443
39445
53063
55311
62462
96747
36098
60598
38502
39563
44053
35502
41303
53488
37550
37083
51082
37025
35238
39011
70629
65860
33292
61112
36491
83720
20324
73295
43285
46110
64617
50399
28437
18997
63787
73219
37005
44368
45325
63532
94004
58091
33887
39396
42614
37367
34054
37887
37635
39513
63460
80913
82152
53436
59104
38576
50408
41242
40641
42055
47979
38432
46738
38672
38095
9049
31113
65261
57876
39751
35854
57902
42939
50286
33482
59388
44166
51189
92235
47248
33632
69100
68591
57461
47358
82412
39370
34790
449
7852
435
90977
33003
53646
54356
50614
53973
45351
36042
37756
96297
41603
38446
87168
81236
30220
27172
59742
75557
47916
18873
88252
54332
65698
51959
46492
45799
44401
66685
34376
94410
64262
62117
67985
67903
54014
46934
72986
26625
35314
76971
83661
49809
63912
59845
42612
46832
48711
48056
73586
43787
44941
91903
54713
23346
44538
33448
37149
41787
25527
39026
96247
8873
40695
53635
37914
16453
33329
498
38805
75374
28891
55849
52548
32843
89334
47419
63434
52891
51454
51188
51035
119
33480
86091
69962
51559
46709
81125
10736
39645
47406
35053
1490
54304
56333
36213
41693
63855
40276
30839
95142
56357
34372
69046
39360
88803
78726
43692
11863
94498
3311
39515
39531
35565
39850
84858
34645
38793
36741
1391
70815
70330
72024
34747
69908
73332
68437
67703
44813
37807
97295
39430
62383
27865
82995
74791
77891
72612
50188
61577
76055
90405
80730
40563
73483
33341
87972
54344
49129
58353
80169
58396
35801
40379
65477
70497
37973
76023
75816
76066
17156
41538
61773
71072
31163
42198
99893
39558
39358
95208
41322
38244
81731
42184
78666
53753
46691
42232
37741
78717
59978
33123
45652
73537
55199
54881
34706
70263
60325
14001
41376
45456
46758
62371
29684
1606
58762
44505
41907
39105
44614
8861
50383
50923
34300
86372
5789
44578
53048
66009
60316
26045
24996
42744
47477
44980
38342
25217
34882
53269
67404
78433
71579
74883
96270
90454
60441
68417
80246
44916
37877
83671
72656
9394
34007
74580
49646
43477
33825
95795
47989
17372
61987
35207
41297
34044
72492
44226
60799
45869
32893
50066
49557
67769
69441
41440
51771
61272
34575
87924
96332
78640
34509
51721
8246
53122
83880
45945
33035
27809
39297
50992
27485
50624
45326
38583
36719
43000
17829
43005
58964
50456
26524
35976
62412
62452
33711
41212
4781
34695
74250
44110
66743
8562
55885
44266
3483
1956
22731
80605
48819
64266
47908
35297
41815
45503
43182
41683
48873
34740
13925
39329
86768
45102
31365
48349
53376
22068
4768
4249
89034
44882
20268
57562
43619
46570
89181
40546
53483
60319
57822
81843
53573
41045
33552
65972
52308
81777
49160
15535
36380
49759
33514
45944
43694
19495
11216
30295
69890
5101
30761
61564
60881
65931
54057
76309
23829
70396
53053
39934
34379
39335
55574
97654
63516
48609
56781
49934
60710
71680
6631
51685
40526
75535
51325
40138
52413
33805
72450
56311
64121
47201
82284
33314
33918
44540
73207
63802
28554
73410
50814
51481
44350
61250
80123
4763
73433
35101
51609
11753
54443
58919
41203
4035
48590
26251
42819
99351
39270
48036
57842
77518
26394
63603
11739
40864
69141
81026
64631
59049
8561
67426
67844
38547
56619
61438
39309
70201
52385
40001
34908
43172
40696
91123
49208
43920
38790
54064
85018
45716
48794
64999
59756
44223
73442
17841
46816
4846
99384
23962
67089
40949
46669
87523
35457
80800
44247
34186
20862
70069
49771
36371
97500
48764
39207
22151
12351
71731
43487
69660
42348
34381
53992
65091
74644
49495
98602
34071
54547
86856
55714
49644
49696
80180
71424
38179
7370
89102
71450
71650
57638
34530
9636
98334
74302
66261
40299
85137
33169
44531
6952
68220
89099
29132
51715
54430
76245
78802
37735
68999
47810
60084
56598
34484
43103
70273
58018
47423
42439
51925
34263
37693
34340
20818
68460
51880
41521
63593
27594
76313
5883
76438
97352
42347
85050
74505
38085
35667
70220
74621
49903
41984
39634
12630
64041
36536
73607
24070
88976
24228
30271
76079
51074
50900
93437
98229
36810
72849
53584
41306
25542
99558
98464
46374
93328
23755
68215
62435
50000
46725
47576
35340
34393
50833
40782
75315
37849
57107
63766
78620
74085
39184
44981
39614
46014
46408
55310
33125
64077
49047
37010
63868
39672
60717
34770
34686
5767
40476
67523
44901
51114
39677
40592
38029
32987
33322
63743
38995
50964
54368
51703
72917
48989
63077
29770
39116
49999
88257
38327
69129
50474
45903
86703
46676
46090
11301
53116
72351
58261
78491
53967
41143
51132
20438
54535
98088
88637
71968
8817
52657
38235
64185
51565
35153
5275
17275
85164
35070
77043
11099
40280
63372
42780
82657
91273
7444
39127
34743
34739
10929
38682
12687
56241
60452
43689
42473
38789
49751
52164
55614
55566
41676
70439
90171
23092
42243
29839
42346
25595
51557
59743
41236
69071
42319
72839
8494
40402
93391
45003
24809
46133
38075
51097
51023
52063
44148
74977
63071
80233
39519
75880
51638
40269
22045
21941
17619
68505
38340
49901
37742
47945
34943
36494
39507
92903
22786
57975
23154
44115
74735
41930
8242
32526
73986
33357
35848
59630
80119
45293
60246
45218
63353
76906
55291
43985
96007
39194
24264
4393
45164
88310
45377
94464
34763
47536
63103
13543
40171
60480
40408
53510
56972
45846
60062
46125
50871
63324
78398
83024
33248
63527
83608
18265
80859
32310
101
40308
10142
51328
41749
33551
58984
89286
56203
49076
68696
81082
35054
22878
42792
72655
76661
51702
92565
56420
34918
37757
36223
78550
78562
37974
82414
48175
38647
68624
70942
71691
40159
50940
42107
60382
85558
41012
53668
36569
23452
34680
65989
45981
47869
34175
40656
53370
75642
84435
1952
71674
32098
69764
35513
46295
44859
49232
11731
37938
33573
40040
61973
89349
53393
59676
77724
71756
89078
48057
37874
56547
52990
85747
51153
46066
7720
49601
34751
67987
8161
45905
63148
80537
74299
67024
64883
37070
14360
35130
41707
34667
55137
53632
557
47111
10854
71980
44172
34212
38523
35278
66473
25602
68137
93019
76763
99416
45779
44851
40424
19462
47130
49715
61071
32347
57318
59205
50039
70763
33454
33257
37118
3084
7244
44592
41843
13752
36212
34485
51446
55216
93845
90583
66525
63512
58208
62196
72310
37956
8172
33362
34927
47097
98990
61128
40903
65570
44839
59708
39444
62076
91606
47698
38856
52407
48124
65204
34417
57952
41361
83714
51496
4079
48610
60256
38073
47934
48010
87842
43721
35057
35398
69167
35272
32831
10562
59620
31023
34844
17040
88188
96433
48477
29785
70777
96440
69893
62058
69935
50612
94691
33733
86150
51185
30905
34990
42501
36210
27745
47662
61260
84207
25015
69939
50674
54944
57936
78694
96284
60778
43435
38016
1920
77520
25531
68833
51860
69883
24240
52328
77872
76711
58434
33987
76953
74497
46740
50281
36527
63551
95463
37075
34299
8111
40783
41411
48209
40872
40366
82177
56854
44215
8000
98598
6870
76887
38309
21522
41432
61142
82883
68915
35149
26719
54136
37665
45751
44150
44872
9752
40462
50609
53946
51719
58993
69785
21389
76609
70096
88249
35555
38086
77362
33197
60953
46768
42456
41510
38929
63960
50993
99988
87684
77355
36022
50090
94247
36791
35242
14143
52360
66449
42524
39885
15104
67563
35952
68172
35695
34858
54930
38833
59768
54083
68980
35780
36125
36184
64393
74643
43177
35353
35753
75353
49750
47571
43980
62627
56592
45311
53416
43080
76580
84069
36092
60476
46140
34236
48439
76502
47703
45498
33058
73823
11077
83890
49911
62044
51261
54967
15477
18842
25767
45762
52259
35169
54428
35919
83652
39447
78801
70880
73247
40451
37826
81347
50510
52877
79578
55652
1815
71346
35549
33494
91364
64414
83959
56301
54400
63456
39033
46633
49133
53970
80492
41384
40469
60626
84938
63025
80412
61426
67033
63986
13680
21689
44864
64475
58538
20748
37007
54093
48243
37186
54529
97387
33017
42277
48125
77513
38722
36625
61878
60064
32775
47214
54258
45764
46655
47458
66124
79103
44938
35746
63852
72125
36652
58274
54633
66027
42282
48810
45849
33628
73620
95946
75941
40220
70951
73109
29552
40258
36426
37419
68868
38264
64574
58388
34051
34129
43971
48444
48969
57762
86657
56624
84100
50356
77432
52760
48412
60250
37251
56654
42801
47688
97283
74668
79033
39162
45049
34447
45480
86396
65957
84617
76762
28103
54772
51119
53835
73994
22811
63068
15093
62654
45782
56410
79058
46043
84270
32799
78331
85768
33039
94478
43549
69242
34422
23995
68321
72722
93166
23808
79394
51567
4238
6818
89280
66032
75516
74888
69254
50434
41377
33712
59967
45291
47113
70249
42692
46095
39724
6073
50887
30629
75378
74207
35229
88393
81444
99708
53433
34768
43569
23804
39128
49579
43611
43415
63093
33405
35308
47520
65221
37183
38573
63595
38050
30950
67126
52050
92363
21076
46593
61425
38289
40412
36838
39899
62661
58365
40652
6712
55408
60956
31780
47612
38285
42834
27483
89744
50533
47126
91224
58005
46582
61565
75141
63506
36624
77630
15506
63639
37643
69049
42943
39311
86474
36725
23537
36327
80598
13952
42805
60973
8508
64176
33605
38267
82666
31839
88091
68046
62415
50635
75026
52297
74419
15105
43044
42760
48717
59038
71019
83146
42638
47604
69807
51138
53173
58560
41568
82207
34980
50358
61782
52032
95693
58859
60180
72579
39440
95194
34557
74473
51957
15923
68146
22125
36009
13830
52814
80794
83043
7478
46452
68084
71417
33803
34026
97427
22930
38306
66267
77905
45896
57724
50477
54898
62218
48904
76551
50128
37230
81127
51034
74517
46923
71601
36658
98673
35474
40911
42634
57026
31364
35619
46487
74345
86603
63107
61430
44185
67864
44069
3134
54184
46455
33396
35369
31166
48858
65638
51778
3743
51436
63380
65537
50228
42429
38406
6503
49786
61575
66831
65736
56813
93622
28341
44688
25023
47759
48020
37534
41645
77840
86803
91357
53958
40999
50523
69007
49416
80468
46639
50901
39416
31898
94360
6372
80515
50051
46967
57580
49674
46915
75468
45248
33063
33192
56100
68982
45053
32849
1533
29059
49692
32837
37248
83000
45691
71431
45790
54943
47030
11625
48448
37447
32862
82222
22334
61665
33636
39284
41323
22594
38762
67848
37339
88172
70761
76387
50380
72975
52881
35510
99509
49109
41413
51218
54108
47069
75739
39849
57500
38031
33565
80979
49952
88439
47183
40984
38624
37044
53356
82394
34420
42601
33005
65704
60692
91741
43462
38535
40498
33728
23905
36060
55187
63469
68420
79029
63298
96077
96857
68443
44314
47330
38258
40509
34732
33776
49541
91337
55690
65359
44321
87721
10507
55452
56398
51809
51384
23223
71332
55880
45923
42737
52617
7484
35291
55826
63356
43053
36774
44191
26895
59120
17054
75369
60875
40006
71245
53324
48683
80636
68123
35913
43049
90538
36040
35537
57512
45253
48995
46005
58557
42402
41010
46494
63382
28059
21962
54820
60761
13855
97034
77424
78854
39341
38215
57019
37777
39693
68923
38225
91765
49130
72382
67557
15555
32897
60449
1202
46750
69159
43826
73099
30427
36005
35038
40643
41889
56281
50033
38799
30528
38277
60379
13990
71684
70634
50242
39510
74104
67295
35251
19342
50268
63153
92547
69640
47204
36001
24650
34106
39622
7818
50948
91760
37724
57368
57042
94296
58107
72298
38136
76030
37277
56329
24421
81913
23927
71180
64333
25148
40991
50017
70755
71034
46829
47031
42126
78931
75050
35309
34491
51938
63590
45487
90119
43426
77101
53064
69459
82987
94580
57394
88738
35601
51927
63011
34191
57944
62567
37929
1158
54812
63401
70419
41167
69598
45574
53466
48814
80156
46529
75105
45103
53692
78604
70027
90189
35253
5583
51853
42344
62855
42882
80385
61853
46711
58206
64085
38699
50770
81187
46904
64174
53909
61493
33052
99717
23990
87450
53850
34018
50479
98480
35368
45680
35679
31186
88768
33560
55663
36533
32956
40693
36008
9559
60003
51879
87093
36621
37341
56853
51461
43304
49221
43963
43763
73277
19932
87049
52368
89896
45316
41516
35032
42276
38443
83944
36488
49610
63959
71384
40387
40904
33361
49812
59337
41897
59313
31096
48148
78324
39097
49239
89665
4348
35501
57351
46126
59957
54138
40154
39680
48765
73545
34772
53025
33051
55706
39520
66800
43981
35529
39933
41131
46037
68575
50652
94422
96843
43897
93953
39339
11386
38145
40918
44182
42375
49362
37943
63045
35262
63965
73371
68104
34091
39072
70271
42702
54599
85440
55833
9674
38977
33990
54725
44414
44236
86369
51928
36449
40741
34142
70901
82531
34778
60756
42759
68872
36515
25049
33878
38196
70944
30540
6904
66333
74832
83164
45095
34529
42280
76694
35710
72025
51279
36341
51983
57614
51152
48789
24813
68322
62367
31559
47657
51855
40951
68235
81408
65630
34060
50921
40818
23072
37781
45017
35626
84445
40584
8293
43205
21456
74528
80775
88961
34533
33684
80190
57877
58130
50595
29354
43533
8854
83609
48207
33111
23055
39181
70450
88053
82404
53626
23643
45673
39362
60923
83166
53399
43777
43664
65303
40003
83978
71507
93159
33852
65812
76701
10940
79675
44006
36784
67333
71669
7836
49299
52341
71191
43088
88164
44892
95080
52494
55937
64527
38540
80483
56162
36344
38090
35579
28407
36044
45037
56545
79126
30249
36067
75959
56390
40303
18242
58337
33026
42857
59696
35827
38049
56210
54063
49060
58739
59821
79260
6661
93970
39523
53590
34386
55381
42114
38402
39386
45499
65928
35477
34824
42959
94267
34624
5042
50593
28929
47449
36335
66111
37165
91578
34213
55454
65357
64511
53226
45424
7514
47998
93720
50715
47736
39638
35538
49013
37192
36052
71359
62032
39261
99356
37872
57331
34278
61291
55624
35220
77886
65007
74781
46444
53520
38189
44991
59622
73504
39275
53666
46901
41956
54892
53513
42202
17300
61013
40616
59969
52823
52060
1934
28944
35531
51092
39506
32959
38809
38791
36949
95475
69183
70100
74060
57797
35023
22560
79918
60097
45983
11738
45564
32823
43562
50302
44637
61360
23004
43167
89682
40076
39048
42216
30610
29859
44353
55678
54817
65881
46486
62578
48347
80282
43878
70421
56877
6345
73232
43565
67191
69679
94804
45921
69363
68895
53195
12245
35779
40886
71115
23870
45982
51021
96637
70076
34576
25139
50335
33919
55049
87970
38802
38484
38527
93468
67608
60917
43251
54606
8339
40781
39894
74339
98221
81034
80250
40568
50569
46552
78456
41446
75545
50223
4626
1945
44484
75275
42072
84761
62553
48277
55427
19840
34337
90866
40015
92223
31002
43437
64991
36437
56644
34800
36689
47617
50475
68932
34906
46119
34195
46052
40232
95929
12865
66171
9321
99224
33687
52326
75833
66791
44796
14369
86298
61634
58782
48776
43781
45039
65126
51697
47311
42953
48281
77760
42049
35874
77583
36951
36910
37057
38619
33408
84278
39357
55903
56633
59312
48842
40080
73714
10859
78644
48897
40850
46478
10963
54833
78318
38042
78928
41696
14279
52008
38985
41030
839
44467
55208
69719
55081
43994
33047
12276
36869
70087
41294
82288
6863
52578
43413
52390
41751
47852
59627
58298
96232
46998
38195
70470
69260
43221
56895
42034
34009
79456
69717
5814
4313
43492
23349
41195
46905
61513
11384
64520
81661
40569
86980
33961
59747
7007
32961
32013
26642
59838
39855
58603
42783
45043
34098
58472
19892
38852
7779
48402
92376
63819
84653
49947
41380
43355
83987
74784
41549
66159
59694
77086
71971
35395
71711
55432
2575
42686
69585
88392
72408
58637
4113
83407
82081
95072
54567
94104
80757
55760
58921
64533
54357
64584
51896
67671
68318
25944
56127
79786
40305
70391
92256
77590
69076
38643
78116
34815
48687
62214
77758
44754
59819
43352
34598
12888
74827
35783
59299
32811
51882
81215
76811
40790
69097
6534
39942
43893
65421
65163
12319
35771
38850
53107
49212
48109
46070
41171
75410
41950
41570
81500
54145
47242
36662
71434
81551
79629
89031
6725
42189
68246
59862
53296
18187
42712
74923
71479
33438
28732
39212
72809
12328
54976
37297
45358
78381
47181
39476
27942
96777
33737
83082
69113
55190
17238
55363
54640
83404
62057
44073
37074
85333
43494
53005
42401
52748
35755
49817
55944
52095
67598
97768
60436
59138
55518
69872
87965
60343
63622
40131
57504
37809
54554
37244
54173
55399
33090
69006
14074
55858
46406
55552
18283
33344
52742
99245
38464
63313
33795
83297
36667
34674
66348
33424
60302
93884
14626
42574
37941
66161
19087
10719
90307
57392
68871
35316
82621
37670
90401
50299
41664
63106
35818
49991
43106
90162
60581
69408
50630
47597
46770
67871
34370
3497
54251
42350
43132
48086
42713
41674
82220
96220
36603
64418
25011
40134
66820
15613
76135
39750
29779
41487
49377
43126
81379
55166
52184
49732
82976
38753
46227
19680
29585
45952
28560
54149
47764
70704
45243
25711
2873
44695
80097
46597
74830
61621
50320
58898
49561
34282
43919
69240
51528
56499
20022
35384
48568
38608
59322
61317
46333
85002
48356
59249
33212
10036
50604
78134
41402
66164
44542
34868
67581
49110
80811
48382
55898
20677
10312
95741
51247
34759
57320
91992
37278
45886
41902
54688
74981
46951
42752
59759
52996
48315
10584
59824
41697
50439
17668
86273
47676
40133
59859
36723
36165
91671
43456
37468
91726
40720
37620
35198
58723
45180
9478
94838
54869
70252
55817
42868
39391
92239
49788
33032
54154
33970
55669
33371
52591
42771
9303
35772
36157
6607
51913
54570
82603
50145
50534
95576
52743
35378
1414
32896
38239
42690
54706
62056
46611
3717
33010
62616
89271
71503
69064
39064
60970
48756
38366
58476
49449
37590
5891
37589
72449
52153
43678
50939
42237
41952
34607
53087
52783
71272
41933
51990
34973
49969
36740
80203
10853
50182
45986
46225
68792
57780
84232
16824
47524
35247
80760
38755
14946
92166
25812
45223
95658
40329
13380
46912
44161
5337
2474
46000
51744
68336
44221
96477
42108
5649
68659
88552
77671
61505
10069
9011
46359
33540
97762
88748
66662
61167
32693
42984
44290
57552
42586
72811
33349
14663
32826
62941
33508
22309
82117
33272
36017
2216
35932
46309
60553
36948
58772
41222
54172
81558
33118
64314
89176
63757
92490
33059
33206
61664
81526
44825
57358
1330
47608
92585
40195
77803
35294
36048
68595
58633
7894
67015
23532
37611
40296
53878
57468
50859
76331
38295
56107
25099
47526
71173
51580
56712
35604
65592
49494
53320
50371
47110
61827
52334
76706
9474
43003
508
36758
76359
89168
35841
49982
31149
33646
93887
53788
48227
86822
41284
19869
5576
33305
33064
54698
33779
37350
76335
42066
38355
76629
95056
75261
42832
67365
58271
52151
65413
77108
80254
28583
39240
38019
53846
72588
37229
81316
68254
61831
58026
69974
41617
34571
2557
58302
51047
57554
82489
52163
66772
41287
74659
79963
37115
41494
73646
58429
35052
41052
35473
1548
22225
35495
33031
95696
45111
95863
52594
45603
80150
54593
33991
54921
64300
47837
66396
52772
47377
56377
77981
39306
75466
19975
74307
72980
55766
25399
11543
41343
33965
35875
36434
43821
42990
78733
76115
34227
33740
26183
64513
38194
42398
39058
45504
77551
63749
62486
33252
37939
84051
52120
93276
3957
40093
38747
17391
46389
36161
39892
14963
33889
41392
54621
84683
35131
33157
59233
47494
48978
20016
35437
47409
93998
53169
34495
41941
53201
66519
65332
62240
79294
3590
67430
36877
64800
52989
34276
42083
74143
65022
53721
61516
18960
58692
31109
43293
48593
44824
43580
41764
37567
80857
72102
43330
68076
45254
43227
34479
57094
34718
37640
49016
54884
33705
87826
53097
55773
14704
37280
67356
40386
97752
30932
41959
36375
74287
41661
43583
49061
43325
56764
4239
41774
48339
93034
62312
43508
37713
34735
61762
21236
67490
37627
40815
37240
45866
53121
44452
68092
34237
69442
1944
43806
87608
79572
64228
47816
47361
15760
57364
13539
63626
61697
45060
49916
32984
91355
4590
46331
55220
37839
56975
52159
49854
42356
91283
33296
47324
64170
34423
26154
36764
27457
8888
38143
34332
61815
76059
40835
36773
91921
41185
3671
39169
42253
53792
36454
50028
42551
59999
58344
58574
36798
32794
29425
35760
45838
6669
48832
33303
50198
37334
22791
20940
41574
77118
36028
55089
90102
62873
55468
46903
21829
72720
51679
42421
60913
91173
79080
33724
34625
39872
64675
42708
58997
4039
41670
38720
33459
45439
94270
76828
8443
52561
58086
67152
7946
33847
20645
57428
24598
43282
9779
35968
34662
65980
49089
43888
55781
37566
48464
42057
39245
68616
41261
12524
37619
40585
33950
28655
57733
33774
46574
14347
59197
23720
2208
75483
7084
75262
23852
71493
64311
61215
66936
63917
27541
52491
70557
37599
60897
47552
46762
75459
52263
80998
52152
63002
48216
99487
36307
74469
38683
59633
80790
24385
34634
57483
40662
69424
65531
32842
39375
34779
42322
35250
64928
65818
89267
51993
40127
81313
75713
49438
38045
80659
50288
30253
94547
48096
19475
26062
46852
47131
82633
36783
9055
48254
73941
15866
42033
52606
43315
56249
62584
9490
55982
2683
40594
41243
39929
78710
91742
30366
91466
21350
42094
91034
82668
88998
72216
12045
5799
89967
53045
75835
76038
34358
52962
4544
34138
51375
46828
52059
85447
97842
21697
36941
33612
95531
16158
35759
50007
15724
89355
43146
4553
72983
58462
28794
41994
36602
11170
38265
36925
38627
42004
64807
27718
34352
44644
84926
74926
4043
37557
55739
64992
42042
33992
33351
69101
43946
37380
43585
33656
7004
39785
75068
36517
37876
69451
97676
40513
4495
33606
39601
47469
59618
98361
35268
34856
43877
62843
44195
66001
8401
41271
63564
7273
48141
40776
29247
52879
88888
70798
73519
84579
14012
76797
53265
48626
4471
41985
99227
45213
55318
97084
33129
37715
38853
42654
69761
70614
6417
93196
37573
44461
43566
45561
57283
75613
37223
66892
51223
11146
47519
69723
32112
28589
70706
50440
34408
78932
28656
98052
37034
47059
34058
51128
39239
69538
39146
34822
51536
60472
53218
8173
33189
55149
38336
52284
86156
46868
21997
45022
37639
33383
31022
54611
28519
6390
46867
47924
32296
68119
35730
99127
51796
95867
52836
35444
43613
48927
36891
30749
55848
66329
84838
82595
58105
38686
8228
7061
40938
63104
63664
43693
17768
38888
33333
35326
6468
45520
69721
73546
39286
79222
45299
78641
66951
38949
53455
83450
43136
35728
53429
98012
95418
36606
41631
35233
83691
48462
34511
68060
36329
42466
17430
20401
60249
48406
874
95028
38379
67111
39762
80925
433
63446
37260
37542
47093
4727
3824
60991
45817
33434
36627
46591
43872
33704
3123
55932
64777
52676
58876
35819
50422
36751
36036
72342
66554
35577
64281
34374
40740
70985
57454
43742
1898
37785
68386
35935
32810
37201
48630
39542
35640
70852
34508
39826
33732
56780
92423
46163
57206
83090
36104
42965
36348
57644
63692
40491
60909
18492
61458
3738
44340
67862
53693
51901
81394
48910
61611
5386
49860
51151
35266
58264
39331
3589
40827
25013
67644
34834
35823
46100
51019
64080
62453
39646
33335
55602
86585
42822
51592
40658
44571
44252
49145
38903
46775
75178
25814
12158
39695
47645
65683
36262
34307
52856
76011
45458
33402
77588
38415
73536
39463
45142
5544
26878
76788
42720
51059
39016
62763
42063
97756
37942
48456
38002
27386
37948
48556
50204
84050
59084
40215
34458
49123
64076
37446
33924
32970
87100
83581
35445
87952
44449
73543
67375
45656
35416
60320
50837
84596
54080
38052
69614
66620
57570
60528
67861
69126
75363
56703
58077
68830
2685
53473
39995
32990
30234
71574
6373
7952
77451
2209
78566
74186
30169
45740
43633
19875
63293
5563
51345
41781
61075
52564
43273
72831
59244
63399
44860
33819
59879
12617
62386
38067
90361
27967
33012
33997
82686
37084
61887
55909
72446
18270
8055
27317
34593
50714
95999
93309
52715
71584
83098
72393
63407
76578
37703
35911
90500
76326
43955
29871
43665
78340
2913
88381
39553
50845
76723
73399
25424
42182
806
55028
94686
44343
49011
73559
25450
58160
44358
77884
39474
49272
43681
88083
31946
53472
41461
76315
36087
92740
96029
79324
95994
39681
45447
49213
76590
56121
78742
51930
36295
81597
79692
48204
56796
50029
52268
71025
40925
84947
16425
32804
41821
41391
91213
43972
88103
41593
71611
92242
73480
60611
34164
44142
2046
94812
63968
88078
62136
83933
58201
74438
71658
85058
43703
57823
79243
43789
63327
34156
43418
67794
75541
41156
33143
63241
45466
35215
59437
73585
32401
92948
55336
21272
27986
96980
58549
43465
50173
40930
40028
42132
37959
45230
13405
33350
63699
68855
60400
7575
37286
12311
34348
41089
2791
47014
86467
34421
58427
69352
46033
47403
63978
37565
28346
88407
32878
50518
44047
46468
35481
41620
77743
46412
38857
62577
39208
63760
47134
81047
34250
36957
7782
43880
59073
32863
50237
63572
41372
34203
34096
8201
47615
52294
27846
69747
76299
50154
35809
58370
95219
35108
70077
81019
69692
87702
52716
48818
57436
47735
49711
39587
57535
36588
54174
58203
94676
49617
34651
35497
39425
50003
57302
33899
35453
85358
35599
87534
35358
49418
3170
53189
10040
54194
93221
35103
30667
7374
88880
90965
44121
47794
41061
33056
61598
35435
10731
55940
48557
7606
50879
37032
33884
25143
3518
43745
56709
38149
64705
33566
37194
46323
61982
79923
6011
75077
5251
38410
59169
37853
35348
34401
81133
52096
37689
37457
33862
57634
38942
70508
53531
45998
66121
63278
57144
50542
41624
95302
38491
60061
91554
72909
37254
41846
68647
17788
33900
87905
43397
4499
70963
91880
34349
46651
33475
20163
53925
93463
37027
49661
42839
35704
54813
37033
38750
52683
51568
37308
59644
55665
86993
33332
25455
42163
50487
8690
88351
57419
38645
61048
52947
56187
38830
42266
38658
98659
52737
78671
5840
98242
55034
47373
35764
54315
61320
79679
35062
34519
74205
33726
37347
7529
78087
73555
59932
47823
54935
1365
8912
51995
42029
41369
40730
39551
43594
93342
62754
53965
40799
49196
34756
50333
46386
42101
47480
40446
5314
52504
42258
39491
60823
87189
58128
58939
50664
29527
36701
66755
91474
72291
34231
72309
33011
7339
75204
36068
59656
55896
46388
33558
60144
47783
98723
40225
39935
46793
42213
47258
78765
78874
33746
72832
35397
42592
57950
98907
40440
83943
79733
5019
41600
28048
53648
7788
70474
75599
72973
56289
55528
58716
56379
40420
46876
52377
92697
6016
33894
38944
49488
79552
37335
66173
17686
57610
45310
39314
79045
33904
53742
80467
71494
57507
7331
58415
85161
34165
28413
46839
39387
48012
44575
60322
37864
59156
31339
33679
70947
15090
61065
42590
35240
17119
56133
53765
37435
60421
49072
39159
35166
33421
45119
49192
83521
36801
54690
33006
38626
64903
58814
37352
8780
48854
76075
64546
56808
56406
49276
55057
44399
48677
72319
54144
79832
76118
64938
47602
36082
35603
57916
54433
7609
48015
87446
8187
34027
6923
50520
54974
59275
35909
67746
70640
77573
38096
38000
45116
54886
66022
79170
89439
65934
49010
6251
17112
45205
57085
39156
45008
32773
19062
33394
65587
1869
92809
29666
4048
75826
62260
55906
35917
35564
44192
43490
63146
80193
12873
82901
44906
2475
59754
53080
56506
52315
52154
41149
56636
53119
88599
41518
42373
73267
47994
36833
24444
12660
42560
41876
40913
69678
23920
41274
46596
51881
53266
50361
39574
73258
48120
53206
69135
57154
44109
49782
73792
40537
6178
75896
87805
41444
95256
40694
31919
52099
74881
33128
59816
49791
41858
52119
42746
83805
67714
21956
67271
36006
60277
59849
41460
40882
42471
18300
36013
33683
87708
92902
59600
42866
38408
91026
41295
6339
48273
42876
49155
64850
73522
87681
48538
43362
92647
48395
40834
29352
34378
53812
37755
23111
72169
48404
93556
96633
92538
59278
31623
83597
40880
77962
78345
11283
83400
71178
33559
38349
37812
56439
67603
39120
54977
41743
72819
79790
54082
79500
43835
92182
42722
99810
38585
64027
53840
59245
61620
55010
34522
76841
33880
64165
51517
17145
40778
41626
40678
49220
73776
72689
79788
62142
83891
74006
60764
38723
51997
42980
46844
41067
52887
48437
47011
40659
66025
43321
45397
67792
13279
74309
41346
37863
57176
91318
45298
9132
89230
1388
31574
43910
42666
40444
3800
39828
38512
96939
79537
52356
84054
39554
2042
61574
63379
52707
51550
66981
68396
45636
65527
55117
53135
34817
4322
57696
88363
99992
32884
49921
41629
36360
60593
57031
33413
36109
58408
80827
39002
4335
52044
55132
40042
38048
50050
36830
43450
402
39494
98761
37615
49725
64323
85420
43836
37840
47811
50665
49777
67166
46556
47619
8315
39143
70786
40519
57906
82573
15729
67965
33283
63432
99961
46396
58910
83774
37711
50810
62328
1067
63202
89728
43838
25384
47509
69707
38589
33071
68253
38946
37889
5731
60115
47221
61285
63381
53809
52426
46539
50350
44992
34982
50262
50274
40363
73719
51826
68363
35213
11117
67065
62501
75159
32912
79106
44986
78114
78627
77258
39482
35892
82778
56799
39712
34852
75740
49752
86349
61983
34472
66441
58702
38897
98914
88618
5218
42220
39427
81398
52467
62157
56676
45390
43642
54346
33855
38361
68966
40901
36530
53756
42431
67160
40301
68323
49682
50169
78773
46067
42656
40788
46493
41352
46924
3158
45035
43725
41828
84485
58050
48579
53259
44179
6331
38110
49154
52170
91598
61035
38471
49641
40502
58253
57921
53856
34453
83197
67036
46363
40648
42899
37592
39522
52816
30513
39795
33614
36362
63215
29747
28166
60369
43340
80929
96057
52435
34600
2652
60239
56085
51249
98235
37392
65882
42750
49247
43035
35517
66903
49772
43504
3411
33901
25463
69099
52489
36002
55836
19506
45383
33347
54382
2092
74831
27212
52501
42146
41720
86502
46120
50056
65569
36071
89784
46076
85863
35194
14142
46416
51601
81484
39895
34389
74232
98041
98324
57959
44190
31223
5520
58524
65136
2618
41559
6371
46713
57863
42128
38692
57278
53741
33653
74176
4023
5552
41630
35345
45909
33548
56090
10290
70223
4697
36853
31254
56290
22620
70529
78325
58892
46187
44436
70368
43551
67594
34110
42062
34876
46179
47306
54723
38746
45432
65905
34210
49702
41116
57681
52115
61612
36189
58785
86984
52848
70641
30288
7098
76560
63038
35894
45844
82080
59392
50622
53397
39423
38308
36026
84669
50973
38142
35643
33419
72750
76328
883
80273
52110
58085
51457
64283
80662
56889
56211
36680
38507
21288
37708
36873
41809
40789
40315
89877
46275
18604
615
34905
42996
88034
49525
5217
14008
32491
93275
36661
36353
57980
49531
66849
71251
43388
47716
54575
39528
43109
57801
35703
19808
38472
34503
72698
57447
42241
69925
82308
53149
60018
42037
75461
85968
67179
49242
20502
56362
73837
96657
55125
34410
46466
58082
89681
99031
33868
3457
31933
46108
46156
40819
32319
64173
39641
48708
37581
33044
14041
33996
59316
30383
49400
94999
48262
34558
48700
42659
35863
88710
40361
52138
54318
85507
61507
37558
47605
70188
22187
48138
40166
39924
38124
48966
68617
52218
43816
61807
34877
37606
48360
91725
61356
59561
41288
35338
41903
27158
68507
39382
53089
75433
48340
85325
87116
39133
73122
40639
35522
74374
70668
94155
44600
42338
91783
73943
57243
38131
37411
42608
94542
44208
39541
53020
75470
78387
46296
57241
35897
359
46724
36153
70219
68859
36402
40540
26564
57561
48591
52867
37014
35073
48822
4845
27530
88493
86023
34033
54596
44477
64008
32793
61952
42329
67357
61491
99326
41671
76967
35152
33199
46573
47072
56134
40721
15031
34280
36765
99619
68775
59949
60435
28643
59280
75447
10146
42978
44329
40253
49727
65691
89198
60669
11139
93154
62780
53491
45549
71839
36137
29823
32860
23739
39835
76353
35086
47468
61094
34573
22177
34225
42889
55245
50598
7390
53100
6062
23336
1526
44001
59899
77714
6200
48495
45991
38483
65562
41023
37907
66730
96489
1696
79827
69965
39990
49862
2078
40844
33088
35289
39417
69712
62380
98771
32846
81479
73253
99461
34523
47566
7454
73428
58738
53484
35427
42078
52623
51172
73953
56585
45083
49284
77842
47098
8883
58430
45600
48670
63230
48796
66423
86366
68219
77464
40603
1152
39167
42787
55046
38404
76792
83574
36516
92458
35879
50301
57146
38275
6601
99183
45244
54537
50042
38211
67786
37464
43648
41469
1840
33695
32818
15568
1254
87464
57810
46592
50600
777
91267
43515
51319
44887
64328
64715
90744
35436
33890
41001
18225
44879
33844
93980
36221
4402
64153
69673
63455
79279
49600
58611
43889
30696
39833
9081
52331
38335
37937
33702
61470
43399
16981
38823
72586
39054
46994
56099
56694
49451
57342
52454
46928
68487
78788
5575
75263
67898
60798
48866
33369
38965
56022
62947
38858
67781
62130
53865
73322
71141
43750
51309
37668
58539
47774
42341
48470
35630
95590
66366
47734
84347
43512
40004
46889
34860
44837
19756
36595
36025
57946
60721
78533
45124
62831
46423
81528
4562
22744
81927
72978
40561
70688
59736
34786
35887
54893
63134
13965
41732
7289
51512
37208
89809
49926
61234
52474
38139
72403
54526
37441
47032
5089
43962
42704
37622
64458
46325
37114
39136
55384
41318
81471
80253
52749
33689
40917
87527
11778
43892
69794
46353
85234
60102
41919
90459
69627
93258
34595
48359
60229
14299
51372
52174
4805
15749
33397
82924
44976
33476
98801
49653
605
83423
51300
9110
30069
38737
35075
37256
70309
67595
55803
70328
54586
40319
46253
50513
50640
70385
1981
50031
48115
58796
67071
51361
43601
37782
75393
87710
45711
43615
89402
55401
43624
44595
34087
28232
92259
53007
2772
52412
61397
85037
43486
99897
23693
49039
43949
89615
69107
87617
47642
94294
54328
19077
50272
42397
72531
13811
60131
29246
45708
56646
63903
59576
64286
61945
29722
63436
40685
51287
52098
35820
57937
90077
65232
40749
55591
33964
31974
39298
62022
22452
5999
38785
34383
77300
47266
32964
39616
21115
60579
59912
17323
46143
70099
86745
8448
36856
50575
37881
41028
81982
90328
43101
1345
43280
56856
55351
69672
7249
34354
50394
50004
31219
32949
39736
6273
52466
71461
58072
35181
11993
27786
33499
23161
61997
40651
46984
46348
33633
51031
42190
38712
65354
36504
72760
48143
72751
91860
61854
16588
36378
99763
41628
35906
46660
5262
36255
48333
38839
33493
40894
53268
29178
90420
38690
40161
82682
42071
3310
57173
34273
81403
36644
34046
37553
38711
24395
44883
3389
49240
69407
52346
58511
36144
43147
31272
39301
45045
81474
59113
56102
58489
82847
43726
34074
93027
45171
47670
45653
53839
96824
70492
55683
74073
44759
26267
66492
35156
47062
80569
2295
75207
78527
5652
62988
45644
70759
44958
70314
12442
66967
73831
56474
34163
56875
40525
55959
61925
35576
51926
45804
50263
68214
30876
53935
63223
48369
50860
55952
96199
79019
54702
33297
47712
33983
82871
43733
87102
94371
65518
67265
73556
46063
8249
62738
71580
45589
49319
76688
56438
25403
32873
35661
33843
61339
92322
4981
85557
50981
18947
95305
75453
69929
53204
54692
57336
49184
59953
53677
61205
61786
34682
53456
79533
34092
76121
40521
42938
43770
40670
97912
931
82581
7263
33068
58146
18246
33600
73126
51857
49443
60082
70979
51450
43436
67336
84973
39874
53143
86304
51637
77939
33131
62548
41938
98720
40053
44504
52199
34199
76522
66222
37357
46463
37289
48394
57459
53338
36531
89510
54661
84755
1253
71656
67445
44690
68298
32929
60999
44711
58421
39479
39036
38999
37896
79347
59381
52596
79529
62747
71231
64959
98551
67027
83122
76616
40371
4112
37064
35155
38971
64759
46430
59507
45033
32888
33280
47278
70969
70007
33873
53924
57194
16023
54610
79078
51932
73027
38515
12777
39352
43574
35986
30685
95434
5935
35154
34642
39719
39408
46497
54423
52020
3295
47206
51987
37671
58839
32808
34184
45661
45167
34356
89986
60193
45090
53929
43518
83153
66102
89444
39818
416
7753
45094
64497
63139
16603
15699
63690
78002
65892
39458
14632
45956
86579
46310
34688
80349
41168
95071
59050
31502
29682
36901
36820
72328
81783
72916
46042
55920
57238
27108
70118
40490
38438
43912
61822
35781
71720
52074
71324
64417
43166
50303
66474
53065
20613
44877
42880
83180
32473
60884
39877
13447
50800
1475
81088
36460
86516
41341
57264
34159
61599
46038
67028
24562
61522
32975
59519
34025
45287
38974
4919
66260
34169
2259
56191
69845
55716
98769
36861
56735
40620
75371
4172
71488
36896
51569
83222
56863
33752
59405
69797
3669
42422
41726
21914
81491
47854
33187
32906
43201
958
60516
34360
41755
33359
25909
47555
67641
8348
46764
5364
79482
47100
36054
91238
43071
53625
30581
71241
82829
50178
50811
55542
47300
33310
60599
56055
45482
45622
54670
35951
64312
63363
97641
48084
42345
7846
59532
77797
52281
82374
38604
77280
58055
41694
25753
35507
34397
42326
69605
57104
90045
49321
55369
57008
36958
55338
55349
41258
50482
35767
62931
11410
44298
56967
97602
55065
50395
65401
72187
88936
49205
56004
44348
46861
52580
70698
37409
39620
68822
36839
55532
51714
90453
34808
33224
61299
26589
48878
67612
22523
47074
48002
57113
54851
64258
74203
37345
36945
37750
10503
57492
36848
85277
45276
38920
43308
56531
70545
89217
38062
65814
79343
49981
89405
70782
35196
68327
37530
88192
8414
58399
45475
39776
35164
70514
42205
69065
40041
52804
91721
39246
66658
40801
40607
61066
16675
94528
53221
35637
55018
43452
48510
53738
30151
78900
39722
64902
47431
26470
63385
54614
34652
84879
43868
68161
71665
82429
38509
13207
42972
59469
13382
56388
45766
39615
34986
34976
33244
41425
73855
21120
37346
60882
57286
59810
94545
46886
1258
33423
3180
82716
88375
40996
67567
49819
73333
31300
80055
98812
54079
33274
66536
57177
87453
74966
36176
78689
55809
34746
69735
34294
63501
4116
30284
41175
37343
29313
37103
33678
61015
36890
2545
68026
53256
47244
48936
40932
97833
89775
87595
27
55507
37275
39884
48032
87204
73639
68340
50806
68279
72678
37928
52778
33952
61974
46723
46474
41183
86765
37828
54456
80850
48225
60920
45149
49996
53001
59172
74450
74078
43028
50405
6937
42296
723
74533
60269
52327
39340
51806
51686
41650
64602
65300
59328
70370
48963
94380
61791
77942
37217
58474
53387
75000
52372
60314
33073
48164
50295
43936
30457
44486
71695
43698
34010
72154
43537
65688
47546
58412
97558
60288
34521
37882
81633
34731
33282
41144
82463
63775
58366
80098
7911
69174
59913
35423
28257
48031
43811
33914
57300
95522
55350
34929
35954
49863
39593
27393
50230
38605
33903
44561
57620
41793
67301
61259
86329
51163
97848
37817
84706
36845
37059
65588
38442
86623
17426
7163
13835
38210
40419
48559
78455
38362
54401
38259
35882
1484
44218
31144
38556
50829
92612
79836
19913
77832
50225
45186
26117
96152
3272
56648
1297
91036
39655
55353
43775
43686
56603
45317
46641
96414
55509
41826
38300
13548
83345
38093
50796
33186
72759
61829
72434
50838
10997
59386
32832
39514
57217
88241
65406
46340
66237
82206
35832
53192
83123
36518
36110
44822
8787
46263
58450
56268
50101
69713
41823
32803
71513
37895
35789
8325
39544
45775
35721
57835
36928
26772
51342
42947
45155
41924
45479
40998
57212
40046
78523
40635
43253
21901
38696
34336
73968
36273
43241
45620
59095
48028
51753
1706
99972
54469
35020
51413
2526
41439
81414
49565
93679
45139
70462
48577
34016
33195
69606
51954
43661
47531
6984
52589
34987
7924
42572
14959
19259
34434
56182
88396
41399
48011
13756
44239
69460
19940
38782
40286
77319
36089
33526
66964
19651
83141
9785
80461
56880
34696
55999
73617
47779
91257
39566
78144
43568
37460
67707
82391
250
40697
46530
42628
76216
38431
56177
49422
34904
36962
62734
54769
17985
80965
46769
93740
4180
36174
50644
54924
38652
84844
36720
59637
48766
40102
85302
1434
59806
47446
71362
56756
36768
55556
42618
37028
45657
55551
38891
36034
61025
48787
91585
84827
70589
92502
50822
73772
46952
23506
81312
32981
96127
44590
37886
44788
74573
42303
66548
29423
42830
42424
59466
24521
39761
31701
20853
35318
6280
47159
71011
56181
37328
42297
44850
42230
18079
53866
82799
3374
48770
62979
59895
58066
66371
60896
31977
55559
75558
43956
53028
38127
48446
68312
37986
97754
94913
40668
50727
17961
35898
58179
33077
60679
24635
52354
77912
34693
46049
17255
35859
28179
37846
61927
43138
60530
63985
65119
46857
33115
68353
83027
77596
37723
35839
56704
70085
35933
44720
45712
39889
52632
88256
39123
83907
78028
37311
50002
89914
58969
56165
65456
66015
76470
36302
41160
39772
68634
27731
90889
20897
97170
52471
41554
45619
87398
48490
46413
73647
44300
42808
36103
45763
79665
87315
29219
78306
73832
81164
82168
42583
61958
79634
30090
51307
87176
80665
37975
34954
36063
34415
65360
45321
50507
35934
39231
84627
42239
57260
81136
77285
51098
36428
38034
43883
38183
62404
19500
61084
22223
52604
48693
57653
52483
23117
23446
37747
63289
36324
88774
81770
51422
23368
67345
38377
38053
52279
45618
52231
66896
25226
59672
40838
99496
57503
37428
25257
78406
34102
49839
42082
70709
45658
72985
52298
38901
47856
38525
77493
52579
96274
68687
67222
40268
3441
82964
84923
85882
33672
67326
87896
56803
74614
3092
72139
37923
86541
46881
78645
77907
64568
44791
98665
52610
87060
66030
59866
64871
12573
4682
95619
56247
47836
45977
56958
57566
78438
3657
5165
55266
33440
50293
93461
54085
89281
51489
70849
45835
34960
38015
34028
49868
33403
44013
46069
55526
68726
79003
36677
86857
36923
46250
46369
7426
42449
86411
3943
5627
86833
49087
47196
70695
82100
32963
55157
90558
50641
93035
43036
92199
52252
54271
34872
66252
54828
55422
58499
33230
55558
42225
76179
59040
38769
66075
47304
58601
64849
51327
9717
48667
66509
59400
16945
15790
28269
40369
45746
55071
49520
47673
48690
70473
75574
8829
89551
82104
35492
20024
49828
48135
97710
35981
44078
28023
42827
48492
37259
67234
40517
49326
74989
86971
43673
80787
15622
34507
38279
51964
46128
66629
53795
49652
94148
51272
87971
80973
90908
35364
91371
51850
33471
59091
62270
62807
31664
95925
65961
34951
83727
49071
44426
44354
56131
35853
22454
84562
48838
47420
62712
46860
91051
82997
38860
33148
85650
35374
43538
41401
69593
52789
54054
70149
79289
39911
65697
23483
71080
42096
69404
56548
37320
7047
52930
82795
72732
50023
39100
53179
33145
43422
87078
71390
33773
34182
38413
19409
37752
58508
34745
91787
39992
36202
10513
63484
33087
50283
21981
67986
48264
50733
15983
40905
63773
32820
78517
52995
37883
48180
80916
55546
55933
5519
61549
10355
36703
69447
53608
99338
37722
51547
73377
6512
63414
44524
85175
44458
47026
67219
94376
67115
56622
34899
53210
74876
86780
40192
14790
43006
95624
57420
68761
35478
9251
60040
34710
72910
29122
37477
96595
41606
4621
59012
93339
18726
70242
85524
42354
29344
57649
63220
66341
36090
72869
36132
96353
23379
8874
42027
55570
65304
50519
11661
5226
39050
42405
17098
47701
43879
53360
45937
47147
52608
90825
78480
48567
3857
39916
2960
76861
96552
90753
86861
47719
13412
14588
36736
20589
17498
89932
77603
36862
78786
42553
54587
19835
42804
45735
43643
47966
57737
40246
6525
56068
47517
39096
33833
75179
34324
12026
97153
32825
48063
47790
41698
60712
48292
40174
46402
73271
33112
39846
54099
56402
43997
46787
53247
64914
68044
39273
3896
34267
53947
74560
61999
64052
42269
9653
47184
43905
35610
79250
27826
50483
41640
36561
40017
39948
74168
58856
94839
87611
94921
84691
55141
13423
68763
23041
85973
35786
84177
44615
41396
23797
37837
29486
67091
38060
82274
23123
24506
38098
57187
70570
33420
73511
32278
92020
34449
91892
92540
46519
48324
35687
91656
59422
41338
92779
58846
36297
36634
2227
88537
77699
36712
86644
93130
33142
1901
74628
57210
74227
17555
44640
27679
36345
88303
26728
45446
44678
62726
59460
33692
44419
35535
44004
46335
451
78316
51142
13136
37326
30215
35793
39989
37921
28919
50134
48585
47826
62134
48385
74760
48748
53044
70198
3280
90503
52651
39564
28957
76947
38771
45201
38732
55151
8132
33081
59458
2562
56628
3067
51681
41623
7199
38168
64167
82687
66065
44966
84234
56900
88910
4969
72476
92350
47464
85637
59951
10295
48631
60769
84873
41710
36058
31973
43952
52468
76285
81976
31522
70159
53859
73949
46506
33208
46375
26830
72930
48016
49730
50088
70259
90136
33974
35135
40677
43061
34679
91733
42086
69813
47561
42548
42955
97689
45010
75671
93575
51434
32923
44383
40511
4029
50136
85723
57646
66962
55182
84875
32208
41618
37144
80601
54743
77197
69181
43814
39017
34024
40985
24757
48414
96269
77188
65862
43408
35817
3454
99704
72676
46106
47230
29116
58336
25083
43042
43968
76084
40631
59195
37769
56491
68920
79543
75587
61372
44471
45396
71211
48054
79226
46880
73673
50909
2170
45371
77371
52283
47209
58361
13877
47044
64796
71266
66623
61540
48218
56274
93093
66798
49554
10495
57729
52685
91434
74191
67062
80093
9237
15286
86383
57341
81905
39380
48809
62755
2431
24046
60880
52752
62182
41553
39443
96317
56326
88037
2129
53653
35264
52079
82909
36211
53639
36188
40495
66518
43671
40151
51865
1281
38510
61572
36323
89537
43748
35534
55493
54612
56667
47478
69300
43736
33279
78153
69137
38993
56839
54659
57852
37607
69871
65448
51581
47947
13971
33240
33532
54997
40779
11664
63053
49453
57116
33854
53893
47777
93620
86771
95151
66886
43915
50345
67139
44830
63519
46748
43390
32056
42179
22444
86883
16492
35794
60329
39278
34742
7879
78901
56569
84184
30713
49265
3983
36681
80633
45172
72185
64381
3391
48082
53490
4946
6378
52350
57311
47384
67934
52808
35187
81866
14884
92568
33697
55331
63807
36283
67582
42761
62634
69462
17102
92349
41479
37309
50969
35733
75728
92956
50452
89632
13513
47041
22163
68265
18108
62337
72366
35439
54348
4110
64633
76936
68212
38470
61996
54666
80237
75803
39532
56670
78816
36093
42278
91795
61627
71528
5685
60567
12236
83650
35091
61558
9050
32991
39664
36767
58447
92097
53652
64682
60292
5605
46551
33487
56115
2156
63406
99851
47251
41719
35484
37709
39373
67697
84446
33524
73054
35518
32739
46616
15152
26160
58246
62200
22988
44160
37563
36175
82012
41042
46796
45206
7613
26513
35432
24080
18005
40207
64204
22058
35639
43259
5084
40871
95634
46404
91121
97348
63892
44440
43605
63641
58922
98944
37101
43922
37866
44656
37818
4077
96718
27527
40826
65796
86099
55497
47668
49849
59748
42360
60108
44581
39588
39492
67962
80091
52445
58566
83893
62015
33567
35034
43895
64253
72515
3883
69348
43862
86182
60306
25665
39560
48752
26104
39941
33324
17120
35654
36857
78962
42946
69822
37827
34015
32979
12103
40518
74441
39038
25211
21245
41368
73346
59894
1875
36493
82873
48544
83292
93751
77307
72005
53407
51595
56639
54306
45501
33412
34547
37522
52417
98040
46195
52332
3526
61738
38991
38352
37854
43090
80376
35607
40716
51910
25615
54579
85627
38314
56831
43026
89667
75215
40211
39409
68651
56190
81677
34029
97235
69539
541
42705
3420
2801
63860
79061
34769
87642
14411
42525
28889
34268
15840
44370
48520
46437
59339
62930
69889
41699
62205
54029
85670
21878
9359
53014
64349
60960
33307
33892
90316
33464
20400
58979
76789
7146
33135
42731
33153
56445
45313
22584
37947
40884
38250
84310
59157
37013
79957
65546
87573
12128
49102
40354
60864
50987
6171
35273
82899
35067
34797
40404
31929
26099
41290
97048
36885
41768
98307
48699
58490
69682
79501
57239
21040
62783
76774
79823
69624
64569
6618
39210
34310
89951
28934
49867
42187
55262
67259
45747
49545
40336
55970
67890
32416
34655
92989
37707
39389
6569
45256
78623
91234
22279
59341
1234
35280
39059
41819
71020
44544
45079
50669
38119
42469
88843
63369
36828
21169
56070
49245
33703
83975
21281
66145
48003
40560
67245
52037
38028
53852
97817
69048
74493
34700
75793
35950
37331
88032
38345
37644
80523
40237
97335
55059
87098
56908
40622
73526
45178
84513
98164
33079
19863
35367
26037
37048
64267
40132
48206
40075
27347
35006
27113
86277
62402
68439
67951
32073
91569
96085
74850
43675
46040
43038
97985
60962
35296
57995
19627
41272
38115
42156
69221
41482
85526
35668
13746
47534
38302
54405
43463
60787
56653
2250
15285
38426
93642
65601
38299
18524
34112
35429
49040
48072
42359
69466
45408
992
74163
33078
45183
47316
42564
37188
30593
46567
37317
39244
40832
33856
34717
61410
40411
69704
35595
53305
78409
47127
11622
71284
47717
89089
36631
50277
37179
59851
33893
44710
13369
82461
26347
86852
45239
53501
52310
34610
34425
53631
53990
70415
95175
42588
52999
62902
6173
49469
60019
33294
91646
36782
37135
69199
36186
60726
39154
77308
47812
37222
58486
38906
98994
87380
1344
46025
42950
42484
1338
50567
81755
44738
57039
88534
54668
34859
36390
40771
85122
43866
45467
32980
50342
6670
44137
47453
20600
58640
81502
80389
1680
34045
33563
56296
48149
45798
34190
51758
53187
50748
44820
87302
71588
81534
60175
69616
61882
68082
10018
78857
51018
4358
64087
65174
35092
55037
24453
42911
49875
37561
86174
36419
57685
45951
71247
7392
53815
21055
76654
80720
23444
29935
49985
65145
37678
51499
66702
33621
44792
43655
48191
78459
76526
45338
51687
17276
90039
35017
41491
64308
31848
4149
81097
42639
85966
93068
94339
40883
50150
69850
41706
53413
47229
47635
71063
34734
38296
34483
33976
17141
62742
21158
65557
42183
51320
13210
89704
37845
93338
60351
42994
23309
40994
43155
36254
59834
71829
14803
66342
58543
70451
92190
83643
46214
42869
73649
7334
33729
55536
76738
56271
61765
68129
34143
84936
97266
41307
51524
104
84884
44210
29676
55934
61566
73456
56037
49540
13364
36807
97194
37402
35310
55270
95477
34736
55136
53891
55508
17600
49748
57875
39663
65156
44641
47857
64868
39897
67397
41708
50982
48785
18333
46394
20898
47923
54962
40531
47648
3450
71627
62128
58751
76926
77660
93415
75268
84895
54412
70603
60174
69291
36668
49852
34120
58580
40261
36301
33098
57845
37811
83719
61713
36250
18925
39718
49281
63847
46743
49571
53495
50817
27324
49716
49827
33673
64206
19953
41233
32776
28644
48408
41239
49288
15185
9919
65970
91343
10533
3263
46211
98859
43891
33062
50638
62445
67673
21503
67647
99246
61146
43958
43320
65449
17592
41304
15502
69492
68103
46318
44897
45639
34290
40735
41423
41729
53766
48223
48615
36562
59373
41263
32924
62479
67981
34187
52396
54076
2117
70162
47286
58047
67072
30911
34198
42706
47075
40164
63191
55737
48479
20778
63366
41701
34288
54073
35645
55052
52497
61062
33829
66760
34480
36670
81872
58847
36397
49198
1252
80084
80688
56367
58746
43778
33045
75602
55045
41083
63976
40153
55723
33366
77390
79245
48167
40450
61821
76057
54603
22907
82465
44797
36852
36702
39477
76042
12612
59180
46109
38925
81794
75241
51042
33796
43973
37536
38702
60957
99673
38566
38899
88541
63303
42349
41262
14694
71244
60601
42260
34806
40475
30358
74378
64342
43513
86936
93011
82840
33196
55402
40309
25333
99864
79683
89299
40896
3970
69698
76564
68521
24288
43768
46224
62007
54190
98912
80906
70319
40795
36974
91194
38460
51016
55382
83554
3256
33611
47228
51555
35150
16580
41977
35064
45471
59314
81874
16370
37479
52233
33316
36077
43231
59058
40110
45688
47872
13803
48681
68576
42162
1006
39080
43669
89869
200
55300
27881
45189
72581
64152
96460
54656
35556
41122
45052
36501
56303
47647
58113
23419
58147
83029
46919
34502
33698
43400
94160
58285
410
61689
56758
34188
46149
34546
37961
19295
62048
58079
91410
82368
41034
53546
73710
40393
54327
50096
50339
48296
42012
6758
57266
52534
65745
96345
88140
36521
40385
36969
38497
34019
74492
89027
76242
38382
38452
72276
46891
35127
48618
40953
3442
66283
16145
36612
49080
37810
64437
72014
53860
40310
69548
1255
36673
60995
34789
51475
94436
77615
58196
43009
73389
45610
69366
73326
57706
49560
46165
32801
76223
35752
94233
33784
87802
18687
54210
44055
55123
54496
34445
68612
72905
90140
41478
77032
78512
67169
34535
64744
79144
55104
34829
40250
33951
55582
59121
40805
44533
33876
35002
75787
74916
54006
84175
85673
98430
32967
51740
55839
58916
56092
61374
25485
65474
85645
44015
53953
45550
59202
49142
88185
87688
64656
57618
74922
56208
59076
34879
63503
84964
85054
29181
50412
35533
73298
58957
54932
41794
56391
49978
97886
67344
51544
33261
68679
64068
33623
43516
41435
90239
33042
65047
33466
44559
68067
43281
38855
45493
38695
13922
46282
57911
55825
34306
65118
13320
69763
64359
93831
67675
28206
2778
39901
36096
53239
36269
34714
40181
56535
72407
60273
69715
33288
33671
36438
61450
57567
43680
77162
35455
39509
58267
73465
44459
50109
86827
43796
36641
32946
7388
33178
31470
19510
61641
80472
38320
68663
58591
72981
35666
78719
45128
60496
23619
61649
39498
34266
97546
80997
43882
40068
35834
43690
55747
84790
73066
38554
38952
22124
34687
35955
64842
48443
52097
34122
73431
64709
45365
56493
40962
43341
85903
47226
69552
30753
46289
36487
72464
50742
34962
24143
41937
34217
40081
33647
87041
37178
39093
78305
61008
79212
33722
72890
43792
55957
37271
97261
99106
14659
41409
90217
48678
60935
36899
39984
32872
34499
3990
69504
39735
38197
98882
55516
33696
55085
48055
36238
39590
41715
47813
34556
56253
51078
76824
68358
73030
37871
34114
52052
33937
18007
24583
48583
27770
77749
43404
53826
99240
58732
62411
34917
87876
13223
37237
55012
39716
34146
46847
25432
9869
63511
44691
61578
37299
76650
14555
45378
47236
54608
34180
91696
89721
54369
41152
41636
79257
89781
37274
20447
35708
67576
56849
44317
19427
59464
72076
18378
74069
59504
43517
89648
73809
45136
47545
32886
43637
34124
37211
38176
77533
35424
63703
56048
27175
4447
50767
33618
45042
46010
66286
81393
37181
37220
45580
42958
36121
97758
47370
69645
34270
49041
52925
5228
38738
2101
14278
43311
46206
45721
38224
726
33764
66131
19709
39604
37388
59096
45889
83225
44238
50369
37998
47121
33172
64697
29862
34304
69330
54106
41187
68138
58654
37338
53933
1275
36215
47550
38863
10725
79108
62080
38602
33891
46971
23158
92966
45569
34998
77719
42510
57675
61314
89055
69686
95869
72470
39727
42159
48666
62729
49864
37150
39499
48388
40227
79576
46600
52158
40856
38455
32834
68056
42193
48069
36897
41276
54857
33869
37879
44693
22979
50620
33963
44360
37631
152
39796
69389
87687
67120
42725
67531
42167
34615
69756
52427
83782
2012
58410
67215
40073
90496
27913
17349
42697
83998
60388
33837
47220
40811
15145
46467
86264
96342
44204
34975
62530
70790
65760
38079
3352
45588
58424
36540
91679
50540
68699
33793
67775
56812
85754
52542
56744
72901
42716
44836
24407
5070
87412
94976
54658
34566
54520
42935
5485
35072
52269
34082
41407
34293
32683
24916
70784
29925
94482
50069
62787
52414
57044
59301
52556
68810
46557
61869
90984
37052
50231
38890
57652
51674
68466
41436
46132
11728
92998
51337
39158
39974
63453
48289
52461
53401
7173
57602
41383
50486
62693
23982
36903
96522
92781
49848
76082
91342
77636
71422
62917
95382
18609
35725
74901
54849
58495
1689
90105
41939
58901
74080
39602
37925
49988
56766
38078
46563
36935
70029
74456
52861
90587
57635
59729
34562
38693
40699
74678
35860
84082
39836
67929
41455
34505
78092
63431
60883
82175
64031
47684
36795
68077
64788
47307
68867
80525
40351
33660
35597
68019
39039
53118
9914
41066
52026
55517
97870
35773
48526
34387
46731
78392
37065
35199
48745
89246
36587
72741
2571
46002
33295
34023
85552
62539
36609
60817
35176
78119
35459
33912
40349
68769
40043
47132
45300
74874
33794
3662
53670
62156
61717
9058
275
36117
70914
62109
65648
48913
73564
7655
85206
42890
75352
52514
30275
72326
72552
3427
38178
51069
65741
51241
39630
65581
47173
77207
63306
99754
45567
36772
41140
35001
48949
52307
48423
91845
50868
12401
35044
11713
32181
98879
60747
38618
27519
53986
40302
33176
57114
36966
45946
38301
42636
35090
74724
50601
1877
41972
46012
59241
93081
33385
30057
55515
79101
51862
69976
43659
73499
55437
67555
47282
61563
59648
76894
39047
46405
34177
83130
36131
66725
65667
88123
67434
43396
53024
93173
92422
90046
33368
59988
66143
26681
40657
46932
90645
1724
42149
55699
42511
71934
45519
78977
5023
33430
41951
51398
1459
34261
42622
84064
90479
68593
48965
59229
47538
67155
80245
71152
71640
54742
23238
68252
48636
90958
58382
22132
81166
54580
42380
47360
46649
94586
60602
36343
33835
36775
56743
59781
45863
33749
95336
50527
53029
21793
54803
64898
42000
49595
83330
67846
62636
33988
82670
6360
40978
36776
44424
73224
57219
84172
91940
62399
93123
36355
10898
71269
40726
53748
33002
59419
21507
17565
88403
36554
51577
42732
47118
63061
74052
88721
37459
33478
42687
7780
35991
42661
17951
42985
60739
38023
5759
49250
67223
89330
88662
46213
32869
46977
34265
30719
38812
59181
52922
40287
51412
776
48189
46969
69530
98832
39733
89101
34833
45516
55355
54516
41206
41350
35722
37444
19589
36056
42821
58358
5933
68196
40205
94602
67220
73114
52472
30821
23211
55260
86240
33330
76722
55827
39027
78061
25760
48142
74752
43203
47443
49843
96198
52824
78893
43831
96364
27963
64053
19804
76067
39010
84004
19697
36787
61708
38646
54424
73852
84284
38532
42151
14458
61303
46941
80484
73729
31632
68175
43480
52478
42499
66517
33716
57451
78964
39854
42789
18795
2530
90262
33193
97757
11525
41712
55973
34916
92498
50126
40052
48322
53095
1977
61326
96140
50205
38976
63052
329
34988
47706
61569
48972
92859
74388
45490
64927
79350
32856
34775
94086
60077
87110
48397
50786
27642
40729
43765
51871
15305
71496
44861
81564
76620
96542
97663
53527
60517
51305
26560
74159
42406
34329
75590
25082
51635
46528
35647
33226
71914
27429
80363
38915
68431
66415
70327
44145
48021
58240
60695
43852
73470
39864
93691
31612
38909
45767
50080
25086
11840
61553
44320
55403
36290
35469
45777
41816
91781
48924
41405
34635
44280
45414
56482
49728
33256
64765
54107
6941
92195
34404
21035
44303
4792
52948
81106
20099
92207
65651
44071
35705
68057
63849
35987
40714
82286
2015
39383
62617
45349
35612
22704
18832
51616
40598
81609
43923
99790
50341
85976
99968
52258
37531
2992
74562
51104
51497
1628
48730
2524
55746
44576
44562
8855
12129
34224
41136
30170
38229
33946
46520
34072
46426
71999
52012
41608
47921
50359
41084
37933
39862
9077
38385
27766
76741
43427
6082
88175
37414
33811
55527
73829
83177
44815
34809
68179
41871
67325
7333
40830
44664
58309
35744
5299
31804
47022
42265
39037
49283
96791
1000
67182
65463
84684
35849
99234
93362
48013
39307
34788
53522
35982
44514
58599
68951
79758
39909
39264
35649
57988
35924
54825
87033
68901
65067
46395
41223
81203
13059
46877
48744
33849
1661
32835
38586
35739
57205
36073
56146
82016
75705
69357
59827
95301
47339
42383
91953
47599
12843
55891
36610
505
57109
38859
7088
65403
7217
15573
38159
12157
37304
34047
48883
89448
51852
45361
55207
1557
15370
82303
39906
36608
43087
50943
93109
72568
49800
34137
63988
45512
39390
34782
78524
48790
62972
53365
33108
41394
43481
89324
75084
72644
11638
39869
4424
37009
92999
92457
39760
50334
91443
41269
39581
37327
68226
2653
35742
75605
38384
71771
52111
43299
47623
13317
75087
77947
21265
67561
42030
71216
61188
46373
35617
41565
36520
86061
61016
39688
87505
70406
46098
34239
35870
78199
45297
36586
93497
47870
33967
42912
35727
42607
77303
36967
40230
79247
58036
57978
74721
36710
46511
58273
61527
40976
36347
94082
32790
23057
53514
50966
53602
87729
82155
50497
59324
27842
92210
57346
82805
56981
26592
53302
42652
54234
41281
69658
39759
35331
33246
9378
52040
89714
34723
2876
58181
42257
56523
35586
81421
32921
75624
70046
44832
67209
63825
40125
62525
34155
43810
2827
39644
44430
65927
57683
46242
37892
37295
73158
39613
51906
60992
67043
46850
28372
53918
52584
59393
41677
60126
78339
44731
33491
26242
5533
68371
37677
36180
61366
52755
38580
46327
38386
25411
31377
50119
75088
43254
35190
37360
46948
63695
56948
44651
49163
72563
64844
86659
48407
58360
43050
38757
30101
41752
61514
42892
37618
63727
56923
86215
1542
17786
38571
69085
55413
63317
64358
64776
18897
8726
43807
68272
7358
52828
83034
39355
37105
33518
84400
35300
70015
894
38169
59905
36577
50975
89941
39831
82217
107
62082
77752
48795
54674
63035
92206
40755
44057
52446
33232
53249
56337
50785
60023
81
1759
5335
72375
49869
33312
45895
58915
83672
67312
34489
5022
35306
18892
38846
82162
31041
45590
41917
46682
17719
55047
38269
42155
49396
60483
89610
35589
445
41373
33750
72868
52219
79423
33944
51859
44119
65492
35452
43547
60129
99937
46704
65147
58183
37770
62991
36314
74361
34985
51786
48987
41207
48768
72632
72054
44997
86933
70523
61343
87330
25467
34830
86105
30672
34147
7592
37214
85775
47740
35174
28109
5716
86096
11800
71444
94239
33353
48955
29123
65911
37258
65263
43249
44196
9730
35519
56604
52750
34719
5951
52680
50431
89499
94054
6635
43034
55156
46029
65259
63138
73509
35007
42051
50318
63478
33531
35102
39923
72421
51048
41325
91192
50926
34253
65805
29385
42895
67809
47323
33881
54250
82263
78972
94575
36788
90662
42538
34866
60000
17661
8977
37191
45540
79556
38392
42228
6782
41942
52247
43593
56552
47207
40895
51587
42756
45011
65223
81293
48694
82583
60788
7129
70080
3334
54806
84379
61710
38914
39155
57138
6875
33609
15642
2051
95271
81089
88411
66785
33629
93603
52248
48132
39461
12811
60975
32969
89534
41845
61230
49784
35805
57273
77151
65920
44746
39957
91470
35692
39650
50423
41575
49657
45214
83615
50570
35118
56335
61929
12654
13993
98124
38310
52139
40247
56072
94271
51133
33069
32848
42772
73610
6383
9659
96362
90302
53818
56802
19323
13450
50034
42535
50549
48879
69880
40963
33883
45659
76756
54525
66353
55816
70703
81958
92866
39046
36263
56904
32968
64873
54594
43677
76137
42782
52161
86928
82639
37966
78304
72524
75402
54417
41249
2506
33765
93040
17233
34885
54894
62054
57591
38333
1197
55914
48669
36844
36388
11191
40520
57930
48648
42332
38007
14177
33336
59728
45854
35136
47920
70257
3532
34275
33870
40878
38242
37634
99910
81739
56462
65769
53993
34845
44898
79263
34933
14949
82054
16098
56749
18279
36249
15335
39611
34021
46874
84818
84029
82273
36168
49406
39381
82007
59992
46169
45908
33755
89175
43927
73505
69332
48208
50977
72022
45836
66910
35966
40373
71286
24730
54159
53478
39711
15244
69491
46542
37155
48306
34309
43556
46155
57099
32971
34722
58767
52885
83798
36594
39624
55285
71333
48229
86845
50250
46505
36756
63883
39660
34878
43310
4572
42176
46987
42512
79059
50127
25680
60518
29331
57383
45666
40074
71491
59257
36088
89840
47792
62590
42069
50140
60354
64643
45663
38933
42032
34919
14741
66309
40265
38714
34384
58070
40640
37596
73131
40184
84746
21957
38477
43466
33586
36170
37576
11985
72086
83280
55731
34325
57359
77275
53761
55535
52609
38893
41043
33790
46558
45676
57633
38147
34590
48799
41803
79643
45852
42147
33864
85096
19199
54544
8141
41666
7619
43248
60736
95729
18143
49984
37372
86348
50553
38705
45525
85823
69948
75132
80202
17297
85162
6003
38981
63816
90714
74194
15307
38912
43650
34840
79713
49734
72443
40236
12848
76817
44002
53311
44479
65624
36083
60074
61825
42665
16589
53018
42011
42018
92778
52450
62272
51739
72419
66103
67825
34818
94819
16147
42937
14750
57576
34545
39702
55323
44050
37305
58553
33867
52551
57778
65288
35236
73780
49956
57907
3265
46301
79133
1136
77892
76512
39962
44803
58310
61683
44493
52465
84835
44000
53183
31592
33315
41874
38046
56555
37513
78008
39326
33519
49022
72313
61587
48473
63623
33939
97382
35093
19563
39612
38025
51821
84825
25888
49426
52084
28973
43008
35415
33800
38274
92271
48874
40480
29072
83981
57558
45621
62106
37470
50777
38896
66704
37440
71151
34713
91044
68718
71523
44351
55391
69319
11846
37500
20200
45646
76538
36640
70731
38969
3212
53104
37022
2549
73653
62034
56689
45739
2388
75767
65747
38767
49906
53566
32868
98423
1671
45856
18774
44240
47634
39976
53685
74120
46473
86039
48235
40923
52852
70407
32139
22029
28084
91638
37398
35418
55650
38469
90156
33318
50353
41507
75518
51003
52127
33381
37740
47047
44094
56971
46334
35526
36874
64000
24899
33584
73439
74070
13482
54157
67104
68490
62710
45914
19519
34619
35766
10401
28616
3056
43785
50850
22885
73743
46968
47631
95772
85011
56028
38441
78128
46732
54119
68436
42461
48712
34475
54141
68228
62638
16029
98236
36691
49954
80813
80413
60557
47988
4550
12898
23101
43511
40551
39503
46084
45604
36271
52787
24942
2958
47689
35456
37798
36247
85278
18924
60282
53802
51989
54147
44657
59944
49086
43991
49457
37564
53049
62839
48255
38063
52673
32735
38390
65333
85548
58168
89067
80704
49590
94756
43799
37706
80820
85074
98629
68071
71381
47718
37945
21641
34757
34285
91863
36920
34609
89006
41505
61790
33391
35829
52768
67620
34457
48829
45115
16214
29166
62527
21699
93264
90747
58349
83633
91009
73086
42674
76632
84578
96978
53650
20570
48522
68713
33832
40787
12638
68820
56440
52455
41329
40736
9764
43983
60576
35866
94158
15916
42249
97328
34614
76938
23442
9605
33713
84921
76425
39946
49373
19316
65042
92637
44733
53613
38739
41547
36258
85022
65672
35969
50866
10790
43001
33013
86012
49946
72378
34510
96194
43843
89399
89905
45448
43226
42059
62758
57945
50772
74312
23302
62611
3357
45885
51848
38921
38485
55752
47737
57130
60938
60797
50398
73075
70243
2843
35594
53341
38707
53174
34350
90546
74091
73112
78328
41551
50078
7439
70544
73871
41796
64803
47092
42559
61251
38754
1522
43592
60367
80298
51727
33667
82114
39421
41958
38796
43409
44021
33107
9172
38559
85115
78693
84590
81901
52230
19485
81962
57332
38988
52913
640
41215
82006
33913
39700
68448
730
40370
54021
85152
57131
612
40955
54876
37791
66477
33507
89856
40007
55058
44259
68515
20757
93105
78636
37569
48256
54755
35222
66000
36464
75804
35566
35983
67860
48297
47504
38478
35554
67508
46863
7960
42246
92156
32829
84220
39788
71882
32914
37949
14102
68227
41831
58178
21207
41434
62652
59350
84705
44202
69998
46964
54287
36664
81049
93220
44044
19943
41873
91588
24805
24716
72789
48587
25853
35354
6849
33105
76768
81014
39008
77083
38035
40158
27134
48661
69267
59306
46498
49273
93919
90013
35891
48058
54829
68051
40505
67998
43827
62582
40389
48089
45050
82508
78181
38150
790
34983
45438
75401
66507
47652
71408
97898
1506
75656
21413
33500
1156
55878
59799
39686
58577
79472
28885
42870
38467
85525
36778
55306
52638
89375
78655
38482
51360
50511
74908
60633
87008
949
39419
58994
75127
31761
41351
43530
33237
85072
49194
46808
47580
32789
29186
66866
60460
32774
40921
60562
75422
38653
74620
33267
50722
94308
36045
55367
44667
11669
60857
34201
37340
87228
38200
61311
34648
39035
59906
56044
34526
67004
38521
51043
17850
57663
36940
9794
8475
67628
55751
39578
70195
74015
74511
23728
41280
75250
70748
50382
32882
36539
41057
20240
57645
43432
38501
78905
46802
86901
81072
54796
46298
27224
55097
85303
32641
38297
48221
80962
44557
47160
35689
53132
72163
30700
84354
34233
44674
24950
36988
70569
50466
75841
8770
37285
79389
1512
48438
71440
31769
74568
45881
65441
68578
18518
42165
41700
43148
70515
42357
38055
52953
52215
56688
42379
42309
9123
46050
47280
6122
17798
79143
40666
38551
74491
55140
38266
40591
82857
87219
37089
55732
77694
56634
44800
37700
59019
66601
39214
35908
9506
58909
86272
97052
34738
23611
51343
40085
39001
41060
53858
38520
45411
71452
27034
15042
58683
43837
99040
46504
84178
19637
83783
46780
7043
38325
44306
51542
42450
73861
77564
45538
46499
97240
32864
67677
82156
38642
33163
56675
38199
64465
75114
6874
34185
19377
77236
14868
42065
34359
55005
11030
94329
15094
47004
72939
59497
70106
83444
44949
49104
8247
61517
98333
90770
32796
41139
36744
90488
57142
37813
56541
76231
40734
66063
46162
75997
85266
72713
84897
16280
52430
58057
37659
75040
43046
39267
61049
715
77816
54939
85492
52130
66546
61698
33916
37312
50252
44893
84671
15049
32948
54168
36792
48524
81262
47728
36532
5604
66728
33113
96930
24084
44984
19525
48892
54255
66840
95710
82439
74288
42979
38255
41714
95903
93855
47289
53469
45204
64966
45373
835
89989
33578
80303
45227
81900
33846
51409
74002
91259
82822
46602
43840
59623
73848
7790
10394
95950
65013
40846
18788
40312
17977
67685
54911
36275
45246
52545
46945
64768
52513
39535
36050
46974
67665
50999
26149
53800
39003
36411
63438
6120
65641
46580
58596
66521
50025
52703
80942
49550
57292
50163
66985
22001
45759
36019
48992
70837
33770
30370
73128
36761
42884
50649
46313
48499
29766
55116
37061
89260
31901
36018
59068
39272
80530
66882
64006
40837
51291
37978
54254
52878
68803
39460
34366
73007
32931
32817
12840
43019
75999
65826
28334
48811
36506
83927
35902
96765
66043
57719
36423
57242
60416
37743
84815
51192
48914
78235
78993
75619
97554
34056
40270
33015
34020
43773
98916
69967
4783
27358
40682
62366
38553
82832
13477
50495
67773
34357
34812
39730
42478
66180
73021
72394
48042
59525
44702
53400
48939
35701
46461
44902
49332
50852
37705
1080
78350
34451
39958
564
51816
59368
34235
35890
41264
43918
33570
30107
45641
95847
33670
37015
56433
82163
22498
1670
43546
1126
67281
63137
36721
4420
38625
83254
93802
60425
8178
42742
40356
33202
34923
62332
47116
33513
59611
36875
43632
44848
48826
53696
48860
49302
51289
70228
44117
51391
32908
65071
51255
52493
36069
46583
72159
38454
34864
34794
63885
46148
87691
78685
59427
69040
34152
67315
35769
59726
47285
68087
4036
18088
37662
63742
27512
32807
11894
60696
13489
86355
39205
91536
60837
79631
55494
93044
94741
36858
64743
78430
56879
81711
39157
33139
80999
55119
16704
29117
52292
66442
45614
35333
46761
58535
68245
59404
57547
76663
39399
33911
35758
16679
61294
17467
61428
79721
22067
49100
55553
59929
35884
36981
55774
59570
48484
86248
74007
35532
40579
61653
69093
76851
56122
96722
35344
35973
54831
27805
79614
64050
7979
35715
14602
92715
95518
47525
56411
44392
5158
87934
45250
22697
60417
63296
46944
41834
39324
66139
38650
35995
60053
49401
49811
69818
3359
81515
44181
47245
40649
39415
68969
71707
45699
47567
33541
37124
86583
56243
40467
74472
59085
44076
34969
33355
58548
40533
62573
62591
68429
57632
62353
35939
6014
47135
88502
87906
64248
32787
59702
56787
990
10551
33635
34339
35263
40610
37111
38118
53461
62887
88388
77135
80571
48645
66398
66757
76465
44269
43317
70605
42203
64131
44388
36108
50825
80901
58744
67268
51711
93894
84580
57155
69116
89834
49176
44960
33905
43930
10276
65952
39794
41054
53773
69019
46089
17869
74356
45702
25322
58010
39113
45682
37979
46435
59583
34936
20678
43757
34000
58156
69558
85336
77271
61567
45179
89747
39219
41909
31242
36605
76269
16174
65409
49861
34902
38919
33271
49945
32972
44323
47337
44920
75886
58491
33496
70206
89231
19634
35261
35221
40322
29137
61942
37342
59451
60719
43121
58894
93069
57120
10331
39781
55867
72164
34323
51675
53030
48930
50445
34059
66408
27215
33947
54838
16085
3625
38154
62965
40761
36352
69233
47877
58087
41128
12934
3193
14729
35377
15492
69084
39377
60027
56571
72800
59426
31702
62344
62863
41936
12216
45353
43375
41335
31611
57665
61436
53090
46516
35352
52237
49720
27425
55847
40112
34048
60352
40608
47938
38117
34940
41277
53487
56772
26016
97470
34038
47254
59477
72585
45577
40601
48696
28765
42693
34171
51383
43364
69989
99374
93078
52087
32816
50566
56423
97320
57846
14226
58481
83331
85590
36797
95451
45568
72236
30187
33001
54096
81776
70732
51645
43059
43704
5242
36607
77421
63219
73464
48172
38418
47741
56001
36031
20461
55874
68944
45275
50218
31088
59775
61262
79580
41443
39110
33209
41319
81804
67753
77812
56775
84769
44402
34215
85764
78830
17331
43945
24554
50752
80893
24478
38922
68602
88631
6237
61534
37093
75172
62233
60365
38129
83664
37099
50227
35961
43635
14719
49439
77665
52688
47002
53234
48784
41850
74737
88671
55118
9089
75222
5864
83208
43407
39766
14761
49435
82416
25215
11100
48270
35184
59192
41230
46058
37226
39803
38113
48441
90253
41244
47155
17072
8860
81658
54634
74486
41148
42977
34192
39896
66272
70227
86131
38473
47267
62596
34344
37602
93781
91247
60364
52845
62606
58682
63491
53342
45066
33738
48624
68881
93182
38668
91046
79779
25772
13854
62392
43402
42234
60746
48151
88693
69223
72059
46535
5412
50618
17607
38844
40291
46440
55645
87016
17613
61920
62640
35756
89283
26669
67035
35089
10780
34835
65342
51854
32879
52825
44726
54164
53450
7683
44328
91453
44910
87083
64839
67350
43401
92305
84120
41621
87022
53687
3326
33807
74951
74804
47804
64778
53996
5115
36987
19951
71930
62840
12694
33642
40986
89756
48108
21685
56888
65668
61800
49150
68467
40340
40806
56428
55632
34891
37729
69952
41665
32615
78369
9343
55498
35425
63795
39029
39856
41642
52280
35095
13978
36029
87194
73851
41990
40589
49830
46778
62484
16322
74856
2150
33625
6996
34371
79979
62055
59079
35614
33817
48849
60821
11160
34981
35958
69230
58012
34363
72538
74924
54623
74173
33757
59804
88852
42494
20089
87510
60522
63316
41571
85611
43495
2561
50978
38843
3995
15439
38207
50753
44088
76053
46893
46365
61388
11187
73899
33511
97253
80089
25710
32867
82455
59896
31618
32690
68365
50692
47685
35964
51039
66787
218
51308
42099
35061
16127
1889
45412
36715
43115
45965
28081
41253
45163
65749
69642
12426
4674
58885
67651
87561
68387
40348
50889
45268
33572
33662
54671
34798
68908
83283
66500
44359
60937
25951
34488
47034
37002
63247
75417
20079
28031
77527
34183
34414
90642
49951
65883
45267
36267
21819
9222
71985
10350
13916
44810
75530
36849
57125
92476
43223
19080
35244
17169
48684
27830
43658
59774
18352
50266
44408
59008
35622
36422
33158
93666
33539
98151
98002
43296
49576
47083
53034
51967
19691
42462
57393
73973
46684
63964
38109
35930
49543
62882
315
40126
78708
50257
41069
52503
44582
91934
33040
64227
34897
9189
15762
65023
78818
56228
50414
53817
59284
83172
43272
49699
38588
38666
93016
42960
49106
81199
80499
44899
42275
29899
90337
40027
74716
64132
10555
32797
40036
75903
26173
46909
36229
43116
48783
46104
50315
76889
40515
79017
50959
39330
99495
34476
66977
34755
40671
24267
66203
85271
39580
64459
45110
40593
66871
725
37888
89727
40975
93039
55722
83138
35389
40119
82135
35810
36975
19424
74079
40922
46017
32996
41018
51101
45270
49333
37390
85489
43168
50698
64723
37776
75247
49282
71998
52286
66432
56513
98496
49813
82049
92986
69304
34406
58836
41398
44025
1478
77475
20584
51080
34064
24286
45816
78784
43805
22646
91978
45883
51596
58074
64039
47109
54279
36478
51329
51561
35336
95680
39729
69982
63495
41896
26432
35795
45404
40600
48604
33896
33065
78565
22473
37922
76757
32556
25671
70005
57855
44663
83438
61116
38651
85772
56892
70845
59645
22931
70830
50760
45552
50425
52448
49930
27787
58507
34399
97311
32709
24690
36656
67503
4867
46338
73008
58151
78311
35629
47881
50559
33982
48635
39565
83247
35114
47142
37528
59064
85725
25203
72836
50608
33562
48348
41548
710
36978
52802
38348
91407
47055
88556
78806
1851
34964
67956
34330
38517
44606
65530
93185
33538
68748
43819
60413
3931
74027
47709
55170
59355
15733
38740
47971
53574
76422
28324
48600
68571
53511
72098
56618
32169
49181
41569
61916
42847
33094
412
78790
5190
4325
62093
65094
70648
42210
69127
29822
59591
47972
5877
38758
41348
69443
54848
96499
39489
59409
44979
70592
47939
33102
36138
67942
67098
64412
42835
47628
92938
91003
33320
66582
36373
73127
47336
38171
46053
36177
13469
37113
85427
95752
33714
42016
90314
36642
38076
38636
37610
61988
81129
37648
74440
67519
65442
90385
68534
58186
92978
63046
54528
50734
67711
66631
81272
35653
18679
70858
39351
68979
33363
9041
37091
40200
51652
88316
67526
61975
9648
40791
63019
39938
74437
34327
67758
45067
36859
70586
42974
78241
14254
45200
83568
43032
64059
59553
81468
47946
46856
21727
71532
33637
37108
41686
92774
67343
96098
49889
50783
75134
52167
37231
88318
19816
60707
48844
48534
36499
40828
55651
35024
56119
40468
86967
14962
23122
71006
53033
56017
53379
53076
34892
93425
35869
53303
9979
39715
46354
41102
44636
36528
35541
88290
12560
46718
37721
35842
33089
52807
42371
30999
49766
67093
62699
44008
63781
42988
79300
39825
96488
41088
84473
57802
83363
6028
46447
64476
44942
58835
63991
52528
39280
41245
43934
48948
36537
75308
47653
71470
23494
36407
42109
44153
6005
46772
44574
37069
44699
76727
67094
37031
51102
47906
52790
51588
44975
13012
60670
13352
68690
46123
48644
52399
62743
86898
44611
39805
34708
62744
79255
43286
35401
35463
27328
52740
33547
60076
89145
49300
57742
60760
51493
39175
35434
54790
36162
59251
63259
654
97271
6624
64092
53703
60676
73516
33841
68639
37529
33777
13339
16980
39177
33260
88857
39243
64268
1959
43252
40530
91857
87872
89635
67687
46297
78579
79517
35816
37184
44147
35804
43931
50668
48589
47925
80301
13846
51417
69644
23679
83983
62074
7095
38937
48830
90858
8008
65434
19228
80441
1805
65843
54507
33415
75074
45517
82413
64987
41800
92850
62137
21086
39619
50826
40163
40048
3470
42651
33325
37548
36139
15520
57487
45394
41477
42775
19103
12591
76685
39659
34221
43207
82058
80424
64875
87712
69936
60011
46469
81160
54799
67941
73503
47421
46595
45681
41124
36578
42028
76471
77030
39721
13488
33216
9269
46013
12577
5610
15708
35910
35978
77320
58317
41208
57452
78755
71831
57892
55974
56207
37431
35283
37370
43595
75892
1485
14566
45054
50915
32982
41145
72175
45005
71895
35065
29054
40570
58400
35170
91423
12817
76630
35337
42786
34154
52605
61368
40723
42673
39319
62593
43143
25715
36278
42668
55547
58052
43627
62400
35660
49358
35464
45843
97181
54999
35212
73925
62906
60781
66071
42463
36808
49218
60755
44065
35383
25305
76877
82678
66947
48060
34032
81418
48075
58897
56431
15095
74624
98831
94183
84053
1951
57262
59353
50436
82576
57024
90902
42414
38479
55822
61252
58200
44519
19785
69305
41863
79417
55398
35542
61444
37725
39106
65543
55455
33201
34069
38567
87207
43795
91974
64084
37234
62355
38160
38834
34903
85365
39975
44965
79588
80473
88754
36140
43425
35041
44996
2441
87088
62192
38061
33304
41267
34292
57322
78231
99316
36368
44327
6123
13850
67996
43374
4757
19406
51469
73900
61707
41963
79440
36618
9102
48750
9798
42483
18010
87657
55830
68261
46815
27444
95674
39250
88327
60410
42886
53853
53516
63151
67607
46820
91861
22031
33235
72119
72860
63450
80832
34104
33409
47838
25472
65642
50008
43092
71751
48656
80103
70084
8061
89277
90989
36120
12931
42315
38968
7719
64049
44894
8931
51950
72705
69309
94715
37860
90090
64769
46138
46107
48418
21300
50841
48935
39252
64590
58926
37011
38934
60163
78800
34277
50191
70757
15718
75089
65039
64290
34924
56632
57201
87750
54715
35365
47926
51267
62800
71519
48960
63496
94875
46034
33910
37046
16308
11052
59869
46543
86517
73360
49254
45148
59517
47656
18638
42714
4751
35094
39757
2110
39343
35857
36674
34532
47591
69733
53368
57001
55337
59020
82689
3072
34298
23714
18045
88214
51354
26023
36245
42887
36535
29291
47077
33555
26237
33404
72490
63854
49745
41848
36128
92841
70366
1850
38644
71233
34832
2997
2090
34368
19884
25409
44536
40051
49126
10152
76036
39451
58923
89539
56519
97344
89556
75440
49599
68143
53067
46398
41147
42567
77323
86231
47180
79961
62160
68785
72972
79136
33960
51350
3025
83026
36579
40852
6387
39820
13772
54888
64208
65700
11218
36256
51033
42565
42289
12253
53493
51712
48884
58533
62875
31451
58532
36538
55221
63164
61347
11141
90994
66561
40587
78211
59602
78462
37685
33492
86632
58929
52384
43794
46226
56950
55759
67118
24535
57749
38368
92732
50768
42291
33915
36687
37382
41926
78779
43444
40501
99212
37162
23270
39951
95514
92671
59818
43377
63170
8096
54877
85618
61811
28881
40438
63950
43857
66934
52929
64316
60964
33432
37984
69216
96237
39682
58449
51053
13613
45695
41865
41056
48165
6976
10936
53671
41859
43737
48685
77730
91137
52595
35873
27589
41193
86278
64809
51495
53337
716
36065
38256
60439
35740
28428
97201
43107
46457
41870
74087
36556
71131
34281
35670
68545
14611
77172
43646
43706
95548
47329
61078
38867
63130
70559
76574
49626
57525
43163
40865
64832
43454
36237
76815
51281
13564
95171
33465
5408
33569
59815
42492
8644
38351
53323
73788
72131
45515
58934
7839
46640
84878
49549
59144
59044
38499
62745
25505
82760
87278
48724
35097
61847
82323
15175
74732
33822
26153
52682
61547
36952
34396
88018
79601
55203
29446
52903
47482
84635
34326
54040
48772
73205
17271
49787
35088
65795
45736
80438
6767
4356
74119
33593
61226
46483
60638
68664
58877
47931
696
68586
38710
81138
44278
52300
32369
36166
61562
42541
34456
64341
75195
42594
30237
40251
89403
95358
50494
88376
77023
74056
35838
34579
47544
52898
76490
9652
56878
75620
70293
1674
45133
71734
80731
49423
35798
34725
30488
55590
51220
65792
67572
59154
35339
69184
11627
57112
2973
21460
76836
87154
44418
73019
68789
43502
64789
35410
49434
54920
33542
50079
36994
30670
34767
36695
81723
37647
41452
34959
62419
52602
49640
78042
79332
62489
48900
17212
51357
63336
23201
85734
55232
27202
38917
47539
33579
56932
9131
79073
35440
6644
11376
26464
44352
21
50776
98966
53873
33902
35559
79664
9611
58769
86792
40472
4875
66929
50763
42976
69079
74202
2746
23551
65571
54765
66095
31250
47025
36130
71154
64825
54088
38337
2853
50130
78077
7256
34989
36183
47765
40352
40543
46754
47829
70618
58523
63686
47981
71347
99633
50571
36253
34966
37438
52994
49289
7980
49467
35582
60905
46843
42489
81782
81908
86280
38648
14992
87598
15757
52069
61806
57769
70031
42007
47112
39557
15257
34168
49900
68947
29908
46152
40746
34961
70339
84581
34498
51540
66698
42999
33721
47699
35959
92983
77650
81545
51948
34724
61342
22390
93968
22609
43085
51955
36749
90458
41298
96063
58225
38774
26949
43188
40987
38840
36386
66242
43751
77360
44983
34944
53355
25184
34991
57805
68066
20210
58422
49887
38102
33804
77052
53657
36954
26155
47787
51885
34631
44123
2368
40405
36908
46205
36035
464
94803
69513
36699
42488
81780
71057
31072
34289
34084
70504
52381
63931
51370
13269
60225
46370
58659
63878
35536
36549
53071
50027
71976
41201
3795
38249
47758
32093
49825
76804
50971
60958
35026
71920
37279
36066
34172
65100
45280
55960
58867
68926
4842
52009
81970
68170
22504
84052
66938
79896
45434
83767
43014
83525
11657
15572
61528
69819
44319
41724
60514
52851
40284
80554
73805
9060
80513
48758
36405
54617
533
37363
83884
10836
9571
57148
35796
96296
75606
110
63904
56953
53530
20196
37003
38428
75821
40497
37233
61805
36580
43078
59595
70061
71068
43999
76048
38842
35382
13007
37019
63974
30645
50521
53847
78147
40718
47321
39456
40773
71133
4248
39074
43525
64213
68888
76712
26193
39845
39598
31376
28330
34118
47508
33999
72584
78283
45152
74042
56163
51883
39997
9909
53923
34647
53128
58073
69820
45701
64652
30343
89486
54800
38391
66154
9946
38950
52904
27138
50103
49148
861
34245
34079
38316
41723
34884
82541
51593
53694
83736
29033
7890
58436
39640
34851
67056
76634
82361
63300
69685
37476
34478
84457
50953
93033
36927
38326
73552
70800
47276
54007
58685
49173
35381
36666
41514
41894
38726
38245
45488
44969
37255
35285
39741
43705
40106
47124
18505
53283
58496
36414
81134
42180
91564
74018
44163
45720
52889
54508
96612
51323
45697
45876
39971
89555
94743
42498
44500
52437
65350
42227
77483
79344
59872
85822
41465
81850
36718
41058
93491
83202
92880
78513
55623
36567
95245
36427
13442
47172
98095
27741
71737
44584
11021
59910
48606
44943
17713
24769
40628
37020
57317
44742
78208
45581
42694
73425
8123
59828
96153
36559
40485
75334
34512
131
34113
42657
86303
40248
40029
48205
49693
55373
24320
66270
72659
8185
39737
42605
61676
44255
88336
82399
97503
86237
88955
40346
59639
58671
54444
56116
81083
66694
35111
42627
34287
52850
87129
79262
82862
14637
39552
47401
64787
96626
49073
35307
29397
40096
12466
37167
37247
63411
99169
45354
50471
10939
36614
6363
77326
56060
14482
26725
38051
75091
64517
72192
7940
6637
91047
66609
41528
46663
9815
80199
36581
79053
94450
59101
98087
62202
45114
34677
95428
56139
48597
67225
13706
1608
43178
34559
10826
48155
44451
37636
37090
14352
51164
57531
38539
89340
43335
67127
34391
6429
81073
75706
38461
66343
84025
72682
87074
98735
90914
44258
7670
6689
48162
35548
39238
23285
59271
42124
56395
89432
88395
38177
95854
56368
54622
45369
40479
74789
55850
10249
91977
90037
81371
98886
40245
71259
86733
34909
79230
22855
53142
38577
79604
71655
43803
52438
31387
12313
40255
88409
48633
41893
16525
41535
38191
90891
36391
59588
60014
43137
48519
45612
94255
35915
53938
49382
39890
62597
43986
12330
70659
19007
4283
19247
40118
51075
52793
24111
17505
4365
14152
66921
38827
61610
42145
70585
37037
36465
94226
48038
20318
87844
49255
50694
24296
43153
41540
96080
35702
45855
36199
76184
38674
53988
53684
28315
42896
68897
81778
26588
28400
99638
69527
42842
38054
84083
81370
26663
65450
34692
60584
66064
46727
35059
44918
36883
39405
4936
55506
37847
24808
5427
55749
60606
72773
40425
69920
2760
92213
52225
40189
62717
58469
14275
54915
38344
15636
9838
84389
70678
43591
11715
51274
10814
50963
53289
78661
73598
36503
56610
34400
89187
13273
66489
99128
39015
44518
88235
62958
71800
2950
38247
36236
96748
34274
43783
41973
74700
6308
40273
44789
61224
40433
37704
90366
43989
75081
44400
41470
46097
93289
75020
74451
62016
60312
99430
35479
31284
66677
78803
39247
50270
71329
87843
664
40794
35844
67699
27481
48673
55150
83877
37919
49462
63629
52826
62430
97364
34827
65727
37263
56054
45303
35441
23119
34555
22087
44725
55726
54218
46186
28188
43713
69020
54027
75265
35162
79315
42595
82064
18369
71134
46065
37323
278
38784
45670
62556
52791
38678
79467
23279
36200
76510
42573
92635
25813
27666
60072
38017
85379
269
93050
78774
60691
3814
38493
57611
78108
49935
34737
38570
69654
1224
62060
43780
59503
48367
41408
59363
37572
30778
53085
74226
14253
26087
82875
57499
7361
40213
70857
36079
75553
24387
15316
35431
84239
96847
84165
34567
43316
75761
25874
65687
96882
85996
47942
74090
49624
5603
62760
67432
59295
51277
20188
35386
37383
50919
47203
47185
64605
91716
79965
62918
37045
41687
97054
66870
34665
71337
47170
34996
55429
43135
15427
40321
59925
73447
79492
34694
40583
78264
66673
47594
45065
65824
31423
79330
3136
54438
81400
51480
47241
45382
48792
23919
90808
51171
44292
36705
6043
78370
60467
41987
22401
20627
66100
6355
94908
58652
52869
39857
80722
62246
36657
38663
54299
42684
68352
68749
42426
50884
35514
7625
53961
56737
22726
77794
62876
66719
51193
22665
40388
49473
54506
69036
91231
46027
82884
56724
43600
51961
37266
74875
45547
69549
36942
46960
94200
78486
97954
76839
42134
96732
37424
52833
71312
47385
63323
69869
42936
40070
36197
38397
52261
63990
34920
12557
39290
38363
52204
37963
69231
49314
38253
58988
56214
55231
35665
39972
88203
37728
48250
50112
38380
43876
57889
79559
40698
21609
50236
24989
60422
46705
27247
57430
56556
34947
96628
10224
53131
39539
43528
10967
32003
62722
67872
68330
40738
19823
62204
73422
71473
35970
59567
96861
36871
35788
94627
41527
6652
77366
43343
95108
88259
16493
55444
42660
61995
35980
51909
50032
59574
54264
49327
54716
53951
49859
45350
27121
47473
8361
36811
47068
76237
60475
80490
37050
9287
44749
39937
75474
90190
31989
38014
67132
42423
58883
34813
40365
48980
4053
52409
37172
83914
44607
53207
14083
71799
8080
40496
20190
49798
55417
9133
67984
39953
58695
20161
92464
92912
41251
44173
42400
42274
67482
56674
31695
52211
55605
34915
35865
35938
95314
78674
56874
40279
39821
98503
92310
35688
47006
47819
53814
92241
37296
76956
66942
47479
7102
48804
56129
83333
95087
38089
83080
72043
53589
66176
98841
52051
61354
50244
46427
38637
44061
68961
58324
81372
40397
5752
7949
88268
39061
52718
42904
52986
50851
42860
28050
43297
89206
52123
72456
65994
18146
4410
58661
77021
80619
44761
37403
39815
68566
44776
41659
45339
49331
57259
44816
87828
45616
6493
71196
36998
55076
46436
35022
42671
48466
48486
42368
91704
41254
83274
74877
98639
50448
53277
68836
66957
35547
14777
77336
43015
53447
38084
6683
80222
41614
59624
59470
65790
44488
65479
19893
63100
9693
44184
87920
47350
24458
36272
44770
37830
49243
84055
56306
63461
80330
35200
50849
49633
54383
72500
55588
48945
83250
96263
40629
51952
72679
36717
51400
36837
70662
78971
37626
45837
47023
40554
61170
49033
57038
35302
41344
64356
85911
60946
36435
35043
68148
61793
45933
89131
49227
43075
58265
46
39150
53026
42300
35584
69201
47095
53050
53060
68054
35674
46319
9056
71851
41169
61371
39101
36119
55325
76998
15649
267
78323
50419
42817
66292
62488
92003
84386
92550
54740
32091
63435
38246
86503
83599
41949
23830
23267
75504
13684
63643
42909
47202
39859
49161
21815
1855
17046
65949
95026
13478
36113
87951
56568
74909
63793
3501
53475
99323
39658
85056
43649
40661
47611
35899
66541
82176
57549
12040
62503
74774
35349
47021
42053
37420
42981
23067
25789
1312
52621
49968
39904
37765
38599
63474
67960
45081
2862
70403
52480
73155
71505
38829
94479
51531
45884
81929
74167
48911
42800
86713
28006
51265
35993
47766
77728
39248
15221
50469
19267
43791
1143
44778
7348
84023
50709
67881
74842
50379
69859
40484
92046
53267
40332
72845
92018
42926
47739
61472
45898
37485
59946
84618
62028
39190
99299
66597
39422
43185
39459
71405
56662
47891
57722
40114
69746
26254
59279
37499
41567
40580
40912
40025
53079
5073
92648
80423
54539
40919
29957
35615
44705
38719
46604
55735
96818
55011
81903
43552
52209
53013
36436
56643
76718
51310
28927
15955
26493
54326
4650
51494
52509
92741
83857
35104
41779
83851
45793
86066
42517
53512
22127
90269
61125
82831
35048
49846
45062
52754
75309
56399
86996
52796
38433
38099
37168
62660
89708
53914
50209
87264
78652
37680
45461
63746
15110
78735
45436
15624
78970
52013
24759
48160
51571
69009
35319
92039
64918
68109
62249
57037
74387
15670
40274
99262
81838
51607
70554
56276
63651
52916
47510
83081
36915
36102
51803
56582
37692
71641
61280
81085
47390
38845
46424
56334
38787
73897
43729
68626
87420
87280
77274
37934
27194
55068
58413
52523
38444
53649
38688
14765
54458
36917
95584
80044
56031
42986
21209
50581
58860
35361
1908
85739
35287
75004
54916
60843
62334
21767
46700
28259
63265
49335
89116
43318
38879
81784
84268
62227
35562
48517
26542
46219
56381
44619
43458
47483
37601
12388
75525
68827
75796
44311
36091
45899
35706
38537
61862
36698
44333
26336
95412
82378
74717
87541
68802
68670
87236
40099
38943
53829
53130
71686
43474
80795
47049
82424
65329
62506
35402
60192
53375
96535
93778
24472
28029
48973
50221
44394
58439
37071
57612
93249
76119
35830
46383
94442
38307
40481
48475
41364
37993
42681
41424
38786
51798
40981
38268
97042
72932
11861
64190
48698
14529
91667
74004
19066
14086
56557
68063
39505
54375
83184
41560
29973
78729
88864
38174
47659
38494
30420
66587
45235
70675
50499
46139
74237
50319
31497
59415
61727
57475
47560
92772
43428
16986
39076
9701
76106
2268
43381
67979
67073
94863
71947
38656
37140
65420
56937
42208
72625
48400
52646
39118
63739
65555
55050
516
87316
83729
72596
70627
43262
60086
40281
59234
49407
74259
29437
20214
72943
42577
61340
64107
36476
45185
37486
69471
54048
87515
40990
61159
35673
41756
66614
826
56257
38451
35936
55601
43344
45217
69225
18148
38703
46561
70593
86493
29435
47770
81067
5806
84498
37533
62802
68886
36887
37514
72527
61938
42170
43928
44220
74983
47873
76004
38120
61557
56405
46105
90362
17032
62786
67408
43438
36367
47148
47963
78865
30873
37996
69690
72376
47262
40355
11230
39669
39717
41731
47018
68039
71887
86982
19212
68184
47146
38880
76316
39220
46581
55101
32046
72787
28215
14174
20087
49019
36047
59445
71287
15074
46584
80488
60394
44669
83533
97637
43967
36240
35855
2233
38534
89991
52195
61139
10474
54538
50260
39822
68273
48117
8121
41199
21309
54961
12408
48553
95945
43550
15846
70078
50463
22525
26341
62998
45627
98349
38543
63513
41103
76922
41573
62929
57573
50530
57180
47574
48982
43847
43858
45994
26533
57956
37054
68940
80595
72287
56176
49509
96932
39471
65720
39870
61986
62294
36824
44677
46986
64218
43222
50807
30840
49690
64861
37450
91984
91500
58900
27643
81839
66068
54754
48537
90702
76965
62681
74809
68463
58235
36911
51942
54388
837
30209
66575
48361
89676
60182
65085
74984
46228
58540
77879
52865
41426
40775
37056
51050
8675
60406
76336
76058
86658
38761
75080
47842
95876
48602
49731
44407
38492
55522
42957
55424
78811
42846
29302
70290
50725
50997
36366
85970
65410
4357
59725
42962
5398
57096
40226
46656
7533
43524
39843
48856
41075
50430
5946
81769
51626
66569
37504
49518
42867
69258
46767
76943
80565
59034
44165
70070
38398
36342
68949
74867
97699
60664
11693
94222
56792
41766
64368
40499
42447
8306
40436
9358
84840
93672
72263
67625
35684
55729
45075
18779
2766
52285
17009
41771
55736
41447
37995
56826
45425
74715
63290
96243
97198
38072
69299
90218
68652
71587
40170
37000
37780
44106
57362
46384
37016
17168
77647
78625
63977
36916
43815
48384
2767
51844
81107
51979
53678
69907
43181
72680
54436
70920
85560
3206
30022
60656
69730
66784
36439
8303
36340
38153
50011
21915
36513
40233
15560
40324
80033
38669
35878
61020
24814
51839
77806
29360
89568
36038
36332
51107
41611
27078
72117
47227
85466
52506
45464
74044
59638
85766
49003
19894
35856
54795
36850
48048
37076
20139
51347
62347
36834
63325
53082
35762
60928
11204
12024
20840
48321
29400
54824
41711
87693
67533
41856
90671
53231
39098
50192
75416
80414
45473
76305
51603
60050
57163
47888
58760
46875
52227
5293
64530
45029
39124
19167
97706
42604
19294
63826
38205
62519
60705
60978
44560
44275
70127
44156
89963
80574
62172
68857
2068
96625
61838
8442
39829
41099
18373
83277
57017
37955
67413
42294
80971
49226
81764
50723
49214
57365
35867
92729
37545
21647
82983
69843
99231
21892
63264
88856
67574
38287
66436
63044
71101
30491
36881
26950
75914
36148
68229
39575
38938
99767
79308
31641
39903
54419
43998
77203
50986
36855
45595
58886
56581
52967
60389
66775
38975
15247
47874
79701
38343
25420
84931
30008
57820
45002
52896
74281
61174
17882
51271
61009
13003
68700
50834
65440
71620
63498
52125
42325
45433
44589
49177
387
39216
38595
57033
48928
68236
74357
39204
54533
54852
92544
71064
81191
31206
40575
27646
86948
55053
36401
84298
62948
70098
69588
75481
43279
70670
50243
43329
50882
52983
42135
47610
73
46215
49374
57150
20435
50789
77357
38100
48064
66707
40256
77209
51980
89702
56465
88064
37595
79947
53485
80686
5998
49415
60215
61344
81115
66123
38315
46892
31264
38201
45601
97897
85158
37185
30289
83374
35861
46716
51049
825
56534
96914
44052
17411
44528
43125
51139
66207
47166
40105
18911
60499
13736
20391
42703
80181
75464
45669
49252
99180
41090
43287
38448
80300
48968
67816
51040
21764
14013
37041
86563
32199
53383
31596
81366
77828
90948
95930
46678
50914
38905
63245
58668
48781
60280
37753
87075
58642
46236
58515
91389
89599
48049
13774
61258
7326
47309
66574
14236
97556
43722
41967
54980
36947
80542
10304
47977
39679
12199
37794
37766
36351
82913
52714
67180
9555
44564
9285
7255
49773
58808
39787
36697
45582
54124
45894
58547
51221
41883
89100
66471
9115
18577
39173
78825
58824
53981
40582
66057
42160
42328
69891
93139
48362
74559
39734
37667
16532
67807
53518
58967
44030
74522
86251
56486
78450
59773
52592
27126
46261
98870
54564
95793
93447
77110
75392
7729
60640
32293
83942
37832
50149
49430
60119
40094
86949
59371
54009
90799
44875
44338
93351
31662
59994
9350
73385
59544
45332
70548
64430
38598
37356
1827
78500
1773
50682
83932
37502
65060
64806
21602
50352
70595
56475
68194
41776
41495
13893
58761
5730
1467
82098
18243
37294
7723
61328
64078
38967
82559
1157
53110
63620
74100
26922
72904
72107
62266
9644
90353
58563
67252
87468
56683
40278
58341
3498
39533
60002
78826
43544
59971
44096
42048
5792
39521
86055
54010
41278
63078
70130
22775
65235
79949
48929
70467
27365
19368
97900
91878
44718
71605
39108
26903
48603
57209
38887
4819
72442
71195
39368
57935
70742
46399
56425
51432
51551
43214
87764
48268
99325
97359
77313
52684
41906
63581
47876
71675
70531
96574
53421
13862
40989
36136
99916
59923
55969
50991
58357
69314
46093
59066
2067
88775
52189
2252
53577
50086
46609
94832
43873
43564
44225
78478
69325
40512
36870
39221
59740
40152
62677
36685
37511
37731
69458
21258
47772
55251
69202
56280
50932
38230
65150
40019
60833
31817
49851
44865
93506
48070
41370
39137
71778
55079
71863
57
37893
42995
71761
48299
52730
47001
45674
88035
58757
39949
54639
97192
82109
49548
61001
1390
7740
41077
45071
52143
37851
94577
90519
62913
63951
73024
68970
53198
85902
77512
40294
52245
20755
81426
93967
83271
51814
64848
37471
6285
68848
27471
42036
43616
40645
24424
51451
17924
55946
47675
74062
56059
66451
5992
88634
43070
42944
38313
91073
49241
37835
68549
43636
74463
36268
53136
75954
37554
72381
5000
42254
85077
30469
8251
39844
60863
61318
39433
39943
82183
77510
38475
59446
38519
76015
50498
82349
75405
55263
5592
13878
41589
47029
79038
37159
84660
43942
86058
46931
36246
42464
65051
57027
39910
25971
40753
45829
72780
55567
25932
59609
49907
67674
48274
46290
46809
6682
38838
18448
90675
88079
41196
45290
40712
73643
11788
39596
57643
15422
89543
47299
71632
54867
84132
8323
81460
89719
28783
75252
75659
43608
41003
59780
42199
69405
93046
68528
52344
41315
19123
62456
51873
51538
12001
74734
74376
36711
50907
47625
65888
70766
38125
55224
37078
61447
71385
44482
63871
64403
52779
62118
63800
70341
44842
39483
63599
75588
84734
46922
41141
21719
42755
80343
66847
50974
54125
48047
36757
43083
57730
27301
73074
40461
88661
63051
60166
39018
90130
39651
11842
54205
77965
45422
48249
38011
47500
28673
58067
25578
53867
67323
37349
72997
79987
20624
53477
45284
48282
37788
39861
58655
39168
38781
98574
78539
46459
49603
98744
45872
29024
58136
38020
50944
13199
27617
63318
38960
42105
93373
46231
62510
89591
37092
45345
59042
20934
47831
45815
43379
51321
60802
36694
39091
71274
69316
32424
50063
873
74228
40842
64420
84032
52939
58794
41824
74962
85858
41237
38204
92977
37123
37523
95399
86613
62656
40873
22669
50573
87613
82384
57478
22681
88573
22987
59143
42074
39145
22997
37660
42863
49755
36412
46057
39925
60529
11971
53907
76145
66422
50297
75938
19179
90899
52066
59239
29445
47937
55981
1167
36872
38006
41975
69029
54559
65044
82543
23460
91167
51513
39356
28968
59955
10251
80176
46566
37082
40454
36753
39294
18103
56033
69191
50217
57528
38059
51065
83298
89025
67874
69166
87918
72099
76633
37133
78219
51380
8687
47250
8994
46415
43851
44840
49135
66419
23671
76690
81183
49009
39810
28571
77028
53543
50778
30193
64402
41849
56113
53776
3842
67589
89298
37535
50762
65544
65397
44744
40974
53316
37901
49384
54220
72894
57666
74626
46198
53224
29525
43846
44074
53262
18479
42563
56947
68043
37378
95985
32699
95153
49471
82736
39738
40573
60847
86124
48493
75990
83352
79542
77480
16770
7817
44696
87919
53945
46096
92736
21686
11918
48291
39030
75346
38779
74844
74185
55750
53717
90160
90693
44270
68225
17813
17345
47218
98656
94970
77072
39973
51124
79774
27612
48566
25232
76682
60004
47974
79157
44235
63509
16260
38260
55000
63582
86293
54439
64100
88765
40549
69463
73985
65869
47606
57715
62145
28472
37932
80822
46683
80458
47914
60057
51339
43395
1295
22921
92659
21444
55631
39115
55978
44149
44415
2340
36865
72106
61950
11832
27201
66566
86006
87117
52220
55924
43995
60063
47161
30740
60033
86798
73072
56283
51815
92270
46950
65087
42856
87818
16747
72650
29264
54504
50416
46129
97454
48159
50835
48043
4372
39594
24869
62320
47968
45352
78934
59294
44299
37148
46791
80779
44510
86026
50686
15082
26581
70276
22867
20933
37718
49764
53569
11575
54039
49707
58242
40747
39237
72996
49409
26499
48702
48275
60378
44175
37088
78829
50836
70392
53315
44819
55025
74937
45685
16400
65107
64042
42465
56529
93012
72514
61437
53193
60217
54161
42649
10748
72561
42106
66018
20772
38874
62850
28226
39024
83269
59358
51755
40576
69387
10522
48853
55064
62810
85711
26687
51514
44397
53534
49639
44217
55014
50012
74630
38743
43573
91594
61375
39125
42570
53448
75151
84296
4939
7080
76837
59735
88321
25261
68668
52043
81593
64422
49385
50201
40464
40997
24985
56002
40072
54476
93858
42930
65613
21975
40095
80042
46472
6740
40759
37739
44453
76594
58219
52400
70923
44526
48197
17080
50856
55656
41309
56392
76405
65767
80260
77702
46378
54730
41777
27220
55613
70868
54582
52021
65184
82428
48516
53767
84229
49687
40792
41820
90236
68972
58648
44889
36880
39282
65781
12261
82869
90790
70792
40839
39348
55434
91932
40089
29168
44018
71093
43319
61810
40710
17316
79261
45968
7197
57147
39332
62901
61656
75156
23825
38961
43630
25251
63941
95297
46687
41186
11175
49320
67613
42635
43871
55257
63449
56589
58137
84405
50465
41422
22000
6590
38902
77693
49880
46237
92610
74218
68335
95821
87061
43714
74290
44821
39213
73297
9830
41782
14058
98173
44200
50407
46176
63198
18496
42415
37448
18438
58753
8208
87029
79907
45329
28496
50952
60620
38709
87570
39337
75576
76536
85794
39748
47663
44521
53502
93115
51449
41138
18231
59430
40222
55400
91120
72399
41872
52015
93398
41096
49592
9742
90348
90982
66997
55764
38733
13043
46235
40690
37196
56246
29591
40434
46346
81327
66941
86909
70207
3897
29199
67761
27019
42285
61203
89645
93224
50215
80503
69559
46135
54371
70533
73416
48261
91200
70329
44429
47210
52102
22352
50275
38948
42173
40979
39504
40654
55563
64874
41224
58046
17472
40523
68727
48489
72611
53681
73270
55649
37029
48183
50565
82046
40147
17792
38251
38424
49634
57608
59502
41078
70679
49303
50643
29834
76172
32337
45848
40793
51986
37695
62176
92276
46699
97190
59480
54156
44682
73632
613
52626
43043
12381
40122
37515
59562
62896
57384
65260
87183
43482
28998
14679
37656
66649
55589
59291
3652
60816
48483
70344
59968
55514
16071
46420
90620
61622
61757
48508
88062
59884
29079
10372
39697
59911
58123
61275
45880
49067
72373
52924
57409
29189
48899
78227
50360
37783
39176
43180
39780
14951
49116
91366
78649
16730
40508
86841
52649
41310
89207
49324
73910
42472
7685
48170
75936
66458
76501
65058
39342
55860
68601
52932
80881
77465
46744
43894
5170
14072
4466
65389
49941
77218
7183
20430
48330
57079
42954
75840
2126
51402
99346
38687
52495
39470
45785
77860
41681
39249
47622
47164
44470
65320
63870
63097
64374
43984
41387
32031
57940
45655
39936
15112
38697
84028
52034
79356
53271
53758
58378
59027
75347
68342
51273
71685
59332
19930
42812
72617
65209
51698
67691
52343
50687
88016
85945
87486
3146
97330
65644
62663
56751
56939
40722
40845
75912
60828
48981
67481
81853
23449
51491
54094
40334
42655
39749
41595
42676
25777
82969
55304
45943
38603
43813
72547
62866
42333
53585
66036
52660
60123
37683
75539
82562
27713
42392
64025
96556
48747
73085
37969
81022
12192
45341
38080
58669
55146
43031
48476
52223
75254
47212
41292
43523
39236
82355
31731
23623
80346
42859
64997
42566
50093
68264
38221
51793
20638
20344
23166
51215
45693
85004
39666
82520
54541
61876
19209
24565
49486
39485
2603
80073
37455
85696
5594
5940
31777
40272
81295
62674
44413
96196
51843
42941
71576
64130
39403
52172
79886
39752
45063
50459
63707
65872
73513
88382
53595
64700
18673
57256
42916
9608
51405
97246
51646
50460
53984
39991
84203
27814
98391
50159
78475
65832
70636
25590
43398
62820
95083
37560
56279
37875
40328
39970
77117
49534
31058
55343
61900
68338
47040
16898
54450
78351
26853
42803
50747
12154
72002
67396
37686
46555
51444
20
41121
42658
52934
78313
68905
9194
44895
94458
43198
37283
96313
46812
44603
49882
47168
37796
31554
69866
16637
41063
54311
70146
45281
76151
54061
89353
2427
61229
53094
39071
25367
52585
46510
73462
7203
39209
64654
16694
63918
53713
54681
16766
74656
84313
50049
77156
96119
41691
54779
83862
24848
24885
58776
59688
55217
67715
47522
81193
28547
3752
87979
38814
45123
48896
73137
37578
38511
29690
42166
79476
63034
70133
40744
74692
10882
47844
56259
54975
46827
70834
41965
58734
98567
55228
28492
62020
39414
67778
89272
43010
37393
42849
59809
77635
75533
60625
74589
62079
56650
49530
16118
5206
64456
43261
46121
99757
38058
49402
31438
65064
67025
82564
94732
77417
92407
60949
64205
55620
70602
43145
48825
21261
43497
50397
93681
68865
52282
76852
43856
53058
83218
59476
54045
42272
39918
79548
80586
38741
48707
68743
74729
41639
56350
81990
57658
49021
56550
42310
43718
44694
39316
49615
70395
38593
38453
40908
41481
58512
1089
49270
10128
63957
68469
56692
97043
58990
47474
11797
43371
28038
93536
3494
77314
64581
16913
15099
48363
86700
23627
53716
97060
4451
47818
63132
44035
78423
45606
60149
51264
44250
51678
77614
80333
40969
61662
48083
8137
40117
29605
62781
27035
55083
46314
39328
69787
51219
58907
58111
56876
97264
53070
84798
67340
43383
47711
43699
59119
43610
55675
44727
41204
9291
25591
65106
83965
43977
80427
82707
40146
42320
72756
58866
96142
64752
55105
62040
55648
50787
48152
58948
41158
20525
98597
46646
61617
54358
65583
83781
62741
76845
79285
41524
37992
38282
53252
38411
94668
84981
77666
72992
90882
87320
76585
80134
56609
58139
78609
46717
24037
40522
63655
62495
66607
47866
37584
41161
45664
49455
42768
39260
54562
71155
10082
96468
42403
69978
88799
46277
39144
50282
51661
12378
56602
56502
58917
5149
82755
79134
55276
12857
84102
52531
37819
44790
11663
78975
93883
39852
64815
9598
41285
39886
50550
71321
49172
61132
70431
9789
61319
51541
44012
43640
83106
42372
13218
9770
79016
50387
38708
4548
62521
72155
46869
72433
38524
63409
11950
91924
75604
63522
62088
46523
98209
43728
52834
3011
51895
54165
49723
38405
53474
91093
87359
7928
52691
57869
53607
10657
62359
38440
43294
48101
66133
17848
96768
42998
43864
1424
83716
44206
42677
29361
69760
38982
90103
60539
51900
45690
60311
50213
76853
45437
68621
39671
39684
18040
82301
57060
40059
2733
85577
92879
76739
53913
58696
50404
28373
47601
19993
78543
41552
39600
43756
68110
58925
57967
50255
61501
56352
22086
40860
62851
50656
45333
69665
61913
45792
87869
49118
58097
38768
16614
62809
42201
60753
68359
2822
56998
31462
6012
50321
60743
14927
84040
63221
40829
52859
40612
63576
65425
69203
39376
79208
96209
42119
41991
37885
73351
87673
51624
49663
18700
73732
40010
55088
65056
40510
56742
38918
72034
59285
1780
51230
91177
45398
93423
43654
7664
83369
43267
19555
30128
44049
87185
1686
44376
40555
22451
47087
69587
46055
60227
86699
51177
72772
74033
54583
72026
43120
51700
52370
64757
77780
89406
46391
30049
63842
43579
57077
41499
76142
81077
12670
61994
48639
56237
85927
5768
89686
65475
40428
27847
57223
73429
94173
51212
57472
27280
6668
80325
83388
62514
72594
40024
21042
60924
49894
73955
26476
54179
4021
44265
42855
56230
64095
83355
60768
52880
43312
69155
47541
31620
63283
79994
53181
20920
75251
40382
48425
66400
46223
67092
97695
63445
53777
1546
43238
68841
51428
48937
89123
56300
65702
56551
44312
84385
50538
38908
70103
54815
70848
17971
29128
73789
57963
9484
55597
86598
75932
38622
38904
72788
77983
41211
93399
55371
92298
62284
54118
68169
73223
57174
13402
38262
56231
69475
12420
55762
56166
47885
58291
61417
55983
97986
32408
7889
59868
29462
52458
40160
65737
51801
46625
59888
44048
62248
73959
62261
55495
64251
41769
24182
88472
12699
92620
69637
18366
44547
71567
78723
71936
80928
45528
99630
43366
61119
96716
46343
63777
76261
43853
56418
73768
42408
26060
38673
59758
22654
46150
44127
7265
62144
55317
83828
27269
80870
44253
44246
74106
65794
80251
53442
99539
66266
19520
85185
80507
71113
80561
97578
77268
20018
55575
79254
40243
40130
67114
81284
67289
21099
79145
89911
78179
56698
53755
52348
58710
42390
25703
49238
5453
86180
69372
41557
61312
60617
42616
19191
65155
73674
31319
78673
80713
77505
41014
45743
63084
84731
74710
37991
30687
5977
44919
65584
48460
61046
86241
96616
67008
41431
81615
52536
51027
96070
86040
86741
25115
83625
25887
82544
44282
99065
40221
43230
31704
59880
50828
62757
45370
52376
94241
43996
51091
32
50798
47338
54171
38849
46153
22606
90725
38990
86664
50632
39428
49237
69830
3172
69526
99888
43007
63663
46268
50880
41813
61833
71502
41501
66824
41039
96871
53611
81802
83934
28631
71654
80075
51414
50655
40655
66850
55204
4131
3740
74366
47542
4431
84851
91065
62168
53352
42115
68645
41328
46160
38271
38318
44739
92742
2088
43960
61921
43618
87629
84992
71442
78987
92507
29649
78397
65467
53306
52873
82681
28985
32087
77232
58913
42039
8768
76428
75839
12666
67520
23149
87637
56783
82931
62143
25700
91280
56331
64355
52364
41123
78165
77367
96671
79873
63444
60852
44914
82590
43451
75289
74276
81462
49963
9083
43405
43976
49044
52141
42008
80382
56108
68842
57641
71078
87369
66762
56820
41389
63127
63095
49266
60939
45809
62923
54038
41068
18065
84605
62975
47295
18864
25152
38481
70088
66280
44616
75814
62405
45496
45861
70921
60049
56918
41927
73693
51639
5297
70079
1064
55196
71300
39172
42495
53437
51190
44445
43668
11093
40717
40231
38778
60204
50401
30423
47120
80572
31282
67909
45679
72339
41605
57725
94809
48527
58911
39200
43184
40172
59649
38514
67690
38760
62814
58972
78973
8981
51819
59136
44296
60933
42718
71310
47557
40528
56284
85981
73975
18013
81464
43527
80443
76648
38378
61423
76273
76161
72
41492
45932
10607
45660
78866
73091
45285
97974
27103
61195
38468
52469
76323
85544
46601
79062
46115
66634
41880
68287
78226
29384
561
44067
65935
40492
43468
48319
73013
62059
46631
67253
42122
48093
63021
71904
56195
49219
52642
1463
54682
91291
44736
41213
47489
40762
43151
56661
53791
8174
40078
45786
43620
23827
42311
93825
91507
45080
73015
78860
51649
42956
46307
82684
51401
93786
40557
83558
59670
72505
58517
38358
57228
40766
60694
79274
39327
15941
40401
15206
46537
47432
49057
69073
12264
72074
71810
87820
43360
39449
66559
41619
73445
43667
56685
86646
48294
71200
61315
39706
92455
55180
53425
50184
32331
12279
30329
64544
54536
18100
45969
4363
20201
57606
75450
81391
73032
52728
67393
41221
88445
60251
60350
51066
55229
52767
77790
77732
60440
50062
83397
63480
43666
57324
64014
82730
39767
54460
44955
40023
52910
80259
89785
25552
28528
55094
54589
27008
27833
45420
59114
69068
71182
15229
40758
25164
62133
85684
58213
48017
58442
76871
44605
91680
57711
52072
42121
64740
81388
30708
65607
44294
87932
60100
81767
49948
86409
38661
49622
83841
87428
68695
31236
22174
44757
49429
95944
71110
82565
59843
91744
41703
47279
30410
68315
71345
39868
25299
49246
96486
55439
80802
72572
84649
40843
67859
51765
26651
18811
74446
78121
39276
59974
30241
18074
11034
44773
50234
54933
66044
48676
40934
72223
58308
98588
39834
97719
39994
65089
45558
97741
43743
42726
60571
59269
41154
43073
16080
72587
88984
91457
83338
15304
6267
44764
39138
39517
83005
755
9124
47791
68508
86341
53596
39226
44520
59028
16736
84078
51936
53790
52977
99380
11309
57355
5447
80975
77543
77966
69766
84781
50890
42015
69708
41235
69786
79735
30168
75041
43349
13541
1928
97852
70502
86316
41811
49983
91928
1595
74459
30463
54339
61495
14468
1033
40400
54352
73284
51365
53199
48601
55658
45686
46244
91413
10637
43647
96176
26232
8347
90957
88400
41543
73231
52028
40739
41412
60190
21945
87741
97331
48918
45599
47957
70254
39082
69603
99441
75952
47367
41025
43459
32370
91834
62580
8025
91946
53235
49248
50870
60474
538
47162
90567
44692
51410
48130
57984
50138
56591
7190
23527
55357
83795
52342
59565
58586
54654
48067
67771
58362
41542
2976
48608
82863
69639
66621
85576
42533
83193
9276
56319
5745
42527
42174
44921
62149
39842
62924
17809
52408
60146
50500
82745
69265
46907
53641
70491
63735
86000
64470
42209
78853
92472
58996
55457
67124
51576
13959
32715
42334
95193
467
6266
61102
4009
670
65556
58646
66596
89958
47374
78531
38826
26222
57167
61126
82356
58554
53910
72369
41374
55715
57563
45450
56106
72281
59594
89483
43626
77094
63128
4503
55249
82629
53294
69521
93053
40234
53797
52895
92765
57230
62063
39606
53983
68510
43149
51298
62047
47256
21639
57786
45689
43567
83848
52705
82278
40292
52756
46260
40050
65964
91619
58438
63440
44014
80807
9641
59811
82411
79781
64093
22974
39251
71501
73168
13031
49512
63874
66210
11028
3648
26548
31054
88346
3825
79123
51583
50967
44337
58747
43532
41627
43277
64022
75755
47045
87191
67754
43394
90468
46303
99122
62433
64055
78301
38886
66407
52960
90746
49987
99147
42645
27954
44363
42711
29828
63541
78416
48894
76133
16083
53056
41599
97547
43048
58173
55942
44230
13602
39873
40967
80778
78484
44356
71398
91393
83300
22652
75900
76968
91734
46859
48525
50894
52719
42881
62649
49606
44213
61582
1278
19696
90708
53743
7585
19353
69758
87301
45104
42226
65770
81533
52970
46004
73821
83398
89718
69081
73047
87677
2704
26194
74960
58588
56235
45522
87933
88353
48116
71868
49084
45469
76475
79573
58180
54448
44679
7947
52365
72218
66904
54914
43191
65856
46908
53282
61325
16073
55486
9915
64086
10330
62287
95044
1071
41433
68499
75158
64217
19846
50976
83591
69898
54902
47451
62805
58575
55647
85053
75502
58363
76056
68414
71845
85646
42374
47222
73983
48450
48214
58614
77079
42247
56521
92491
73206
43631
18907
77221
55831
18391
56076
61699
63696
66801
14534
75877
8317
79688
57920
55621
69503
59873
44527
3385
71010
69002
50583
46180
66570
45282
57527
65618
40193
55366
56684
65926
43288
41250
42204
84133
90301
52515
63856
96395
12705
40483
76681
58679
89380
76678
59321
18896
69788
2842
55082
83315
38927
57647
61667
40330
99086
26084
49912
70525
53127
17629
48692
49578
96566
55595
19230
49763
42810
64985
14407
85233
77223
48023
55127
48259
87890
64729
89282
40178
9799
38983
50195
71303
52071
3975
45374
48605
80551
26367
93485
43834
58280
40453
81513
69947
51408
63896
1198
55733
64657
61861
77442
408
45273
58239
92433
61745
50278
65755
60862
82069
7787
49532
41480
75946
47618
51482
67739
51086
57964
60375
49206
53217
73418
52180
49403
51647
94206
64764
52732
77692
53417
79314
63909
46513
25768
53665
83623
89502
43992
58565
69777
42508
26387
42267
39649
67767
93312
54414
92528
59604
90288
57225
93727
70356
40968
78482
41578
45645
77486
30403
64030
46182
53211
91482
54664
54595
10552
49516
46911
47331
30397
62518
25441
2572
66249
89135
65778
96067
64493
95008
83188
88626
74360
59679
43416
65362
45228
56275
48865
40943
47948
49796
46898
370
39163
54431
68683
51057
43387
62413
80674
39999
6216
11116
53750
39567
19540
54146
98441
78442
76653
40314
16676
91961
60819
78564
42721
76103
91785
93354
54775
58667
70751
57185
43950
25161
57814
58569
39141
78669
39653
59812
41462
45086
74900
68732
41456
97420
95643
31442
44176
69276
85202
48946
60201
54534
57279
42490
46446
44066
86881
48327
41882
43256
59060
78737
62836
98902
76834
43189
60308
47798
40669
49185
84723
24736
87443
78930
61332
18637
713
8436
70166
50220
45087
86473
63429
60610
44580
56927
44758
67269
19948
99819
7821
66944
88359
64081
47217
46737
30347
41887
42043
45971
39378
99513
65460
32114
44908
30760
46357
11348
88446
47922
41241
66560
48934
52275
46246
9562
51324
51920
50634
57657
59226
39798
40957
12093
81926
82240
41205
40242
49459
67136
42682
10841
57839
10687
8043
49515
41340
95283
90
52347
50248
46959
90607
44863
44412
52001
73625
78207
91216
43476
99976
40944
51028
68801
46018
71105
95627
54351
77574
65405
25492
52571
40347
40021
39773
80266
52264
55213
42853
46897
82627
48743
62794
50357
40264
22880
81576
7294
46746
81892
85341
74086
60569
15018
48846
50467
40980
55705
42301
47918
8862
74701
12698
39701
56091
43683
39462
79895
42793
68800
48231
24486
96516
46943
43542
50258
51227
60535
53816
70829
47905
95544
40326
63946
98893
45631
72570
96842
41772
12461
55985
86134
86310
11531
97632
69145
72953
47320
85883
72077
54215
76113
74333
27578
50996
44374
8541
48596
82771
42788
20098
39654
54071
53175
57650
58729
20269
53751
48898
60443
40034
64438
64054
68548
53525
41684
80532
97698
61832
41105
44871
60009
25153
61306
69851
50458
44698
6246
88685
50790
96959
41730
51903
48203
66215
51394
40751
53560
47471
28365
41017
71770
43483
3698
45505
24093
72702
82848
67063
52909
55696
78522
62544
73905
8729
46190
51012
68257
40831
44097
64468
57429
73822
47094
99773
88408
42035
54837
41202
46151
99818
43114
59614
54084
79854
75758
55768
44673
39747
48823
30877
69175
2613
39465
53662
50564
79184
63594
74617
94286
90509
31071
59531
5769
63319
51052
51944
50165
3775
63782
48779
18368
57049
54560
80860
48434
73178
62096
67660
85349
68290
75198
82329
77679
65946
41566
64237
82318
73347
42518
55290
50415
66703
57513
68527
13780
59632
68778
46698
17802
77529
55724
79063
7700
47496
68551
54004
26724
43771
78062
41716
84247
47710
42196
50427
44380
92717
42313
39840
12171
61940
39964
48265
43709
91203
10364
48280
25069
80387
70236
23867
13586
52131
3242
59512
58161
72003
27548
76753
44345
40701
76203
62944
46674
68781
54858
61638
3418
42255
51780
28625
49679
58503
47633
79248
81175
45232
24292
73929
42626
97626
52405
7813
31928
47691
99902
63377
15127
70499
50117
91629
40684
80481
59770
45508
87774
45302
68390
41931
25419
48241
91205
41466
72345
52582
51887
65715
82753
2071
8060
79636
45101
65993
42598
81589
60141
42263
84074
80311
2744
73147
83852
46048
49036
43961
45219
58106
92505
44543
90791
17908
8910
71939
77104
83173
85041
72694
59416
57156
59886
6147
75585
76228
77383
54359
7321
42894
6204
24443
77765
46887
51331
66413
64304
46470
46072
56566
44633
86676
47640
80196
16683
28715
77022
48907
47569
65536
3128
49004
77595
19662
44539
59980
67405
93170
11202
9356
2288
54286
4105
49079
96828
5318
60685
5051
456
40914
6736
29224
80452
46804
69092
63204
40447
51706
80152
43187
87600
55548
68711
43541
55619
8604
42814
43899
20122
45667
57123
40277
63803
46465
88261
46507
75113
52500
30642
89812
57704
45443
13809
45242
26722
49063
1403
91435
1942
67694
45649
46299
87939
26939
28192
59863
52241
7012
2130
32088
45120
43505
56543
46056
92189
3544
56500
96312
72235
44655
49062
76671
41362
81044
65594
43526
82571
49307
75396
22192
30762
83154
54198
96330
54618
16200
53526
91631
48046
48754
43176
3274
44305
45862
76017
60245
43004
48651
97490
57828
27935
63857
64947
96693
83738
95666
61792
99565
42157
28823
20884
90280
77651
46937
46168
41644
66672
92562
52588
55580
48482
50200
65252
70349
48641
81265
70663
89638
40893
49066
73754
76570
51369
57861
4012
56790
80814
51935
41537
94319
7076
53357
31508
10991
89053
20515
58037
72897
41594
67371
67521
4545
67429
55965
31729
99228
68882
32593
58283
97871
6936
42785
46947
45020
58889
42770
72304
57363
54729
50183
48925
46488
29892
59548
59813
72259
93574
99470
45890
43881
56784
14251
51976
49797
62825
45234
58364
10482
61794
19091
59547
28086
66485
62480
41525
46217
51073
54244
24693
62123
77373
53545
60751
76208
90428
81348
64297
88916
98162
27006
62131
11006
39777
83383
51468
61377
77400
44881
55324
44550
40562
63083
47817
12412
49131
54196
78086
52624
50292
43041
67140
31292
41024
46475
50446
56053
41758
88459
56155
41968
76498
5174
89565
99410
62632
18702
64897
50688
56706
50365
79561
45129
54619
1990
21657
89553
61073
52323
48332
64512
60124
50444
61542
41879
73813
45109
23478
55240
48560
47713
23131
15908
42542
1129
50957
70810
61896
61184
45870
68723
78724
10006
3281
53932
58453
9448
52134
48689
67878
67734
65610
42314
5498
62114
85967
87445
53592
63911
43186
40392
52533
65576
56838
63447
77861
3121
42111
84114
40374
53768
51604
44446
49923
41355
61893
44480
62232
71872
40188
49478
55500
72146
40763
85274
52785
16991
61619
99045
45245
51184
51720
50861
71364
72562
54901
19098
85189
58927
93454
99516
24146
41704
62089
48351
74088
93587
13933
64306
65752
62024
52439
51368
67106
54213
59237
95659
62364
47102
40958
61131
68020
77091
55445
53163
42845
58672
64214
74412
40680
44019
59272
54379
42644
84574
47834
16344
59352
53386
42932
81092
43215
60766
40214
73934
76595
47547
71813
51631
97604
70980
46622
65604
70507
9519
84488
88132
89211
42736
44947
47976
74063
66081
57054
84601
71230
15300
40327
49586
53309
62610
76717
43478
40581
27856
54727
55316
98210
2797
50584
68291
75152
41945
58954
50097
41923
57067
43029
61301
76687
67670
45955
51056
51390
65392
70851
94654
47875
53612
84912
72151
49497
20245
43056
69461
56809
40045
55312
53524
40136
11768
24056
47394
48290
53836
42629
66751
41770
56430
74738
58058
58312
47692
74057
50648
57532
71735
1710
67837
21324
22481
66183
2785
68247
40212
69355
46414
28095
51486
61714
83844
56304
44054
54865
4303
11947
23522
54854
570
24206
88152
64579
41587
88805
41678
63354
62980
99029
42389
1551
24015
49292
16690
15390
42091
48506
58108
46540
1048
96729
67610
50329
13310
52815
3054
85989
26671
41020
95342
62237
45964
44331
47936
48953
61539
47780
80931
67740
3177
2693
77866
41182
46328
44638
47388
58049
77340
14698
43965
62309
61715
9206
49874
44801
44211
72863
95899
46280
49724
47666
43587
93426
71076
76477
70929
13575
57949
48251
44260
42453
24034
52089
50457
65864
90032
13881
930
41166
5081
96898
98009
47366
93076
74355
45637
51268
45592
47363
52144
8302
46773
43212
74393
85726
60704
28878
61556
48426
48901
61871
72721
70721
62139
47211
85232
56606
52016
18291
1505
40345
54708
82640
31992
44903
60653
48092
49677
41742
76191
76897
13816
72411
91601
74346
49411
6513
43597
56687
41098
29669
17936
49955
44197
47260
59348
43529
99656
77299
53934
67108
50531
43270
32409
95351
49370
48411
86075
2450
42100
75383
40935
63012
41046
7257
89815
82229
51269
45387
64885
14104
65774
86870
79010
71540
42233
44136
47154
91515
46157
51965
66853
58844
74246
86696
66708
25999
70436
44585
77414
56793
70530
45630
54018
23713
84946
32094
41176
94377
9739
44680
44237
52479
62397
82417
46930
6730
64791
56859
61489
79693
46733
63987
42240
57893
56637
78084
47742
40707
44224
58460
46955
40449
66811
17151
54209
54028
60458
50797
96455
63074
48614
47344
7564
45727
22887
70353
1030
9219
62714
51600
26268
71725
42046
1052
43943
46124
52653
45873
44635
73262
68419
57881
50307
54283
92022
53786
17004
25454
56140
55562
49521
54195
5831
47402
47807
44513
67841
62403
93223
46667
80192
42643
94802
75657
50164
42699
18166
45615
62288
77007
68674
42178
62622
65889
98308
90773
64670
53882
44972
31713
58297
46008
47620
27360
5329
89429
41226
48480
80345
60911
80708
92118
43204
78948
81694
64847
67983
59461
74682
21187
42910
52181
49389
78130
81368
67530
87363
44672
77700
73467
42552
85390
46381
49296
57919
46193
2926
67573
29733
46304
57990
66648
46938
77810
4516
42850
83740
44753
64433
41737
69995
57450
28028
51488
14742
84887
48816
44100
13354
29105
44502
62827
84144
30070
21409
59198
8767
56494
51334
99929
66101
17666
11681
50672
88801
57433
65975
94420
89479
63288
66881
69754
48428
25929
59153
50052
71673
47048
43021
40803
45315
58904
68345
78847
54810
21000
57574
50046
85090
66527
48528
77594
43869
48701
66369
47953
64926
44511
28083
40797
55791
43156
70074
54992
45233
76265
30649
42861
47697
59677
46777
50528
6999
12546
42531
17308
52302
74294
26521
58567
52854
62395
17577
49217
50158
53046
64909
70128
12468
89532
44648
76421
43305
77349
44608
47387
65608
64119
54019
55292
49440
91486
31048
75013
15810
64498
23451
14918
82491
42872
48760
70381
92973
44009
40995
42796
62146
57339
65417
92980
71984
69375
41655
98613
60716
75301
73208
66438
48461
53431
61038
68609
42698
50175
88875
78071
62513
56657
43786
43790
56562
66483
75199
43324
49264
4318
76175
41055
92477
69321
75162
57276
73826
51968
15934
68021
25440
74785
48318
60056
41997
10999
64637
83291
48498
46670
1630
98150
42777
50491
52017
23884
76759
44028
50702
43539
75284
25692
44249
16516
48341
58287
99646
51655
97943
92098
58286
73321
63508
73387
31343
28563
48098
42749
41955
41259
44081
42603
23564
77888
43988
47492
157
65734
95528
44478
56084
94102
62592
489
74103
89849
60634
90814
47057
57832
84233
62049
48564
19726
64792
58071
98326
58373
66225
49588
45026
41913
44866
78561
71955
83715
54776
86624
49689
67547
45979
77711
74758
52422
52226
49537
41430
13374
85932
68561
47833
94238
75943
64079
54238
22113
43674
15212
51002
60012
57211
24363
77549
47187
30711
75644
90654
45486
68535
70725
67822
49754
78769
74947
46659
64209
61408
61872
49881
41515
59683
96854
47749
67735
56561
76937
27941
54000
56816
9978
76183
50392
31241
40885
62305
93143
48494
49490
70064
70167
74214
80182
73482
73144
19647
43169
43389
44924
47913
44462
62190
63421
21089
48081
52611
86890
45130
67511
87700
96800
43948
59109
46690
27433
72609
47632
53735
79387
10760
49149
44216
59762
82812
5797
74799
4090
54860
26097
25402
75018
69510
44403
42075
52055
13077
25775
44847
55832
41120
46853
70466
48562
88529
13929
17778
85971
75253
52309
81664
22349
97792
20804
46760
65004
75400
65005
78776
44634
23637
88665
89515
44719
73251
56993
41500
68540
58932
14166
77777
51293
59731
19616
14526
45924
45934
47315
59077
75729
65079
27288
74545
74821
69740
41189
67218
49546
83949
55098
62307
76542
46587
75536
69798
62310
46521
70310
65940
14898
1042
56073
49287
47822
71437
17639
51011
62135
45833
52921
95814
73507
82739
83175
72623
70918
83016
46548
99499
47672
73062
57178
41789
72343
51822
961
98666
2931
10108
74792
70960
85437
62784
96407
27403
58102
16450
10610
48222
41464
80526
23591
46166
64461
26863
81170
46560
68011
50472
14782
29989
26446
25271
62974
45419
96934
83023
44686
45112
55483
2001
60370
67005
52373
41609
46485
53438
88817
21754
73440
45841
40916
64108
4788
27584
50054
51781
65956
80396
25342
69369
50018
52011
76972
48314
89980
46438
54720
99132
61209
49024
76746
48176
65445
65139
45665
81392
53358
50913
51148
66696
46184
10899
45553
42070
85131
58756
94958
76547
74507
40931
50904
43691
53467
49741
13335
51662
31506
56594
45203
46636
57489
75747
69467
45069
14010
60099
95274
54524
67395
61580
69599
49815
49598
87032
66655
57321
62253
76767
62184
73667
42576
83794
6072
58991
59844
53002
52641
57069
25511
45381
59915
71762
56338
42061
58749
47850
65675
45536
56342
21020
73592
55322
94189
46579
63193
51158
3806
73935
31824
76597
8851
66447
67469
43443
93937
49329
94739
41580
51373
43545
42388
48387
56867
47999
48531
49012
21907
43018
79491
59309
78997
41641
25512
69468
74012
82194
65678
70652
60698
51154
57191
67990
49410
45788
63489
71108
28851
48335
50202
76372
45328
45608
72743
87807
78869
60471
45791
54648
81919
41216
42286
1726
62687
45070
67748
4968
8420
47396
62669
60534
72044
57895
55557
64435
52487
46490
61963
75926
86740
50576
50801
97687
30498
29203
50920
27746
41722
13799
15994
83213
72786
21867
41786
9875
49965
6346
11745
58593
53849
71512
41635
41818
42378
69643
63252
81800
95480
20517
30066
56540
53959
79821
50010
47715
74905
94847
70214
54297
64229
26723
86136
91489
72237
47465
41228
51842
51060
61764
64118
72361
55923
68329
67971
95748
2238
55521
78327
93470
69396
57847
21085
65785
42131
49591
53864
65078
15587
67528
69110
83229
62264
55805
26726
59937
63801
79628
86633
8128
54464
27626
46306
69604
64645
57569
42152
55044
75939
18661
42546
55320
55828
69546
59364
41581
92272
43540
58011
15411
66619
60481
59807
72792
68241
62504
51875
53367
52806
80195
45262
30279
62242
73276
68879
75015
90333
46895
43499
2417
46703
68572
3855
13802
50594
28306
46243
45687
88312
47308
75456
95505
41558
63260
59425
51785
46480
89983
49765
69816
59298
73599
8984
41943
10956
2180
43342
47799
44386
84465
92836
50180
84462
86365
59962
60401
41695
81066
44017
55820
23212
2969
19391
47246
48742
67970
52442
55775
41286
56608
66478
62455
45758
23636
82198
32302
49485
58127
84888
70010
11988
95450
91452
57708
10563
13892
10968
59678
57028
65310
42113
98125
48888
49613
59584
17858
94520
77449
23688
76188
53971
56575
10461
18569
56941
63492
69856
61767
88469
68770
53374
68746
97569
82816
52573
63702
10226
55800
61133
81996
48650
62647
46315
91314
42477
25545
61802
75861
61985
76284
77406
76818
76362
65468
88588
54737
87557
5056
27456
27777
52203
71828
20953
47263
76670
41291
44186
17017
48432
77198
43179
80418
53813
53594
76919
48328
63559
41395
64370
86259
56824
45810
44020
67373
96529
69469
80835
47553
71277
84512
20330
42098
74963
22823
53989
28626
98760
58501
81541
17450
71592
59123
11899
52529
50346
58609
52539
42364
54398
50736
82722
44367
50438
55794
50658
73222
96817
42207
62207
43752
66818
6585
49136
87338
55596
44079
51229
51773
55061
41577
85861
3588
43660
65092
59262
69710
92456
56403
61101
70482
46544
61030
51911
20707
57794
47598
48112
44554
62698
53593
5584
41853
52713
56360
71484
63529
88085
48612
43054
70746
75678
53092
46292
47864
56847
87241
44229
32131
53920
77616
8812
52498
63573
66680
65476
53629
45780
25281
49795
57745
86573
48455
100
1117
97816
68796
88933
59009
73520
4790
62483
54192
54307
5308
22161
42238
63160
65385
48427
68195
50144
58887
62858
76713
32327
58372
77167
98354
47438
51140
3395
21541
3071
66302
80879
81490
78312
48509
53392
53248
49121
62612
51340
66346
89269
64455
70322
46686
47484
64748
10776
13125
48302
97690
42700
41928
80648
47588
81487
50602
47193
81353
52860
57257
43161
59372
86263
87461
14466
46978
67294
84662
76970
95337
88348
58003
78988
74713
44827
43065
65186
61028
49933
52812
64866
57179
12547
27788
51187
47322
48113
54090
66535
4598
41864
62739
56761
83110
60713
90849
84396
47414
85676
51416
2470
47424
92288
45749
44512
45452
57084
55586
68289
65228
91731
45625
72813
58687
49113
70833
5050
70287
71275
57993
6347
46741
86032
18528
48190
72513
55967
47582
64255
42231
80200
1289
49552
78695
66952
86891
55254
42637
45566
17853
9344
47475
49510
46900
18262
96411
73139
54058
58842
55995
78963
43758
46350
97290
86210
13918
1585
51330
58116
77944
70413
42052
23126
61576
67163
29992
82124
31798
45800
42001
95150
17750
93165
41799
92295
61248
60130
17469
62014
62914
68073
64882
69378
82820
53291
82638
48001
21497
55807
44086
45031
60414
90626
6701
60574
80815
93140
50020
89528
91848
51201
59710
78982
50135
62416
14427
13871
96410
53047
13075
80657
18211
84024
58955
26966
51946
50869
91412
30011
9416
16047
66563
62252
74243
78193
2424
65159
7902
94153
43339
53556
80897
69339
65834
65898
48310
74818
49625
54175
5611
70434
53575
71619
44228
79814
92063
12446
43232
28689
44885
2282
46653
53763
78966
82727
96068
96557
84555
74454
29526
75601
71015
63958
53244
54280
21062
11916
43747
73979
46245
50758
13238
56169
91495
41690
81881
47179
46643
48741
16167
55777
47815
47796
84149
82932
51618
44167
95152
51246
67656
84674
63371
92230
51332
30676
50072
71285
51725
42905
41817
42118
80296
56614
9326
58444
1649
96419
13322
56292
45335
52187
94280
608
49558
87784
55138
62730
84993
59564
65731
61152
49746
55555
59128
82680
66087
69098
58051
42898
55024
90563
14556
66856
18933
42441
76733
15050
45359
97960
50435
306
83420
44802
53673
7703
43194
57086
75699
58281
79276
66830
85893
45807
68589
28070
55636
5694
64925
16716
69289
50108
8284
94306
45046
55435
18551
95916
2816
46920
53184
43520
3634
75822
82974
70113
50110
30924
44433
31357
43824
7999
45931
8218
49095
3718
48091
56173
51081
80386
86588
60134
50842
80062
10097
56777
55837
94723
56385
45938
24844
53660
79275
46607
64786
1477
43460
51006
49448
67847
50724
62476
15938
25283
14260
95871
84142
61820
84551
74396
79023
88373
46171
12316
46837
15602
78019
82192
52406
88434
49496
49222
50055
9618
67732
54232
67579
85034
67666
76742
18578
91875
45834
4108
71338
12606
7070
5078
53129
61804
54397
51182
41935
53745
95708
49048
64019
12131
55029
82607
45208
89268
54074
43326
62845
61092
11153
65694
51641
55195
97318
99604
71090
57378
78189
43969
45684
68310
13689
80836
80411
42851
32717
59907
67103
71109
51203
85800
59958
50470
67955
10468
42050
46240
54432
57625
67080
70398
58849
42925
74301
24884
87591
44495
64583
92600
42591
84368
92554
18678
85284
87112
49023
77016
46630
86143
47298
51270
51260
9066
48763
43433
78054
91248
45698
67856
54263
31914
53196
82225
60683
56678
46332
63114
68156
71482
65009
66279
43175
56476
50185
53113
62003
63540
77712
98952
53403
69505
61538
84011
15357
49286
7908
4074
65974
59976
43338
62274
59150
56596
69615
49660
82420
66129
93121
56773
26312
51665
51147
576
57072
86656
42540
44973
72372
50083
43323
88788
62650
49167
51546
66140
81891
67491
44583
50306
60081
17767
22295
65411
67472
48073
94663
13188
46995
70125
89416
53010
51966
92808
76496
48181
80899
55485
54563
25978
52771
83011
51058
10361
46064
66832
67274
74753
42691
30230
94045
62716
48226
95775
46276
62565
45085
64749
46355
43727
45356
46194
57999
93214
43096
64678
54489
74131
86219
43625
18011
78414
2399
18564
44829
21512
48501
67338
63605
89321
74755
57157
50490
55583
55345
56063
65500
75768
16421
50403
79233
64592
47020
53565
10253
71315
42975
47017
54420
45975
50689
78287
7530
56739
69791
78254
81680
61129
72195
95725
54480
16545
78384
54600
45706
72136
16364
57543
52527
91584
18412
95191
42688
65585
57524
45194
65662
84109
60732
44063
60368
97856
71769
95989
44809
47890
70626
67475
11746
84043
44939
24144
4214
42138
46142
46538
85622
70203
65663
10969
12878
60205
67380
49676
62823
56942
92255
92559
61490
3798
45930
53222
97997
85049
30438
27274
80968
60919
68354
46247
44951
17429
93729
50832
79909
46801
58342
48653
42337
48621
2447
51518
55692
42806
68300
57654
46973
67824
50354
48971
71382
85385
71142
20815
64367
47456
55900
43074
45145
42440
91154
80793
51708
13769
54466
74586
52931
25447
45710
51054
53636
73521
51126
73544
80121
63357
66878
10693
45839
55246
71918
57401
57642
77628
44082
57599
54229
75890
48126
82975
46364
85606
54873
48074
52243
67249
19879
15768
68208
31809
90226
66390
7187
64401
49910
4392
57006
61679
88314
77452
51425
83334
14334
76085
14050
85086
49840
64062
79600
13301
67178
73574
57103
43534
58944
17452
90249
49045
73539
21033
64811
48118
43938
72386
8708
45286
53844
82777
7573
66128
23094
21122
25735
13459
84461
49792
47732
14444
61295
51099
85671
64035
53789
42554
91447
76548
29223
48941
51560
61186
57402
91266
70646
43276
23952
28755
15787
46028
73167
46517
30046
55886
74028
47008
46316
89254
50336
65193
54823
47862
75832
42913
45107
47216
72785
9037
51628
44818
69739
51297
48368
59215
56007
84828
66411
57105
94058
88935
56987
48193
97506
76592
73597
55684
14112
59148
492
45495
97281
53313
59557
48726
28936
45795
61496
50906
67717
74722
981
64399
95076
14370
70066
48542
51660
65200
81395
46036
49831
79825
50985
86373
47119
58724
46807
18374
11436
94657
7365
43142
78664
69433
55465
53845
14537
67374
27407
6783
43193
58385
54605
80668
28623
920
56012
50207
52635
45409
58843
42663
96816
58800
59577
65645
45209
64144
71239
12014
77261
44645
84151
79041
58618
46628
46264
52945
42399
60646
47200
65380
47967
43322
60556
31698
31602
83478
32757
85504
44953
91522
49648
45192
29232
10877
22341
24896
49710
42757
46366
46983
79540
58448
52820
74635
65660
76402
79249
79885
71049
60546
19508
70191
46782
69842
54637
22215
62912
61228
58475
48654
49508
48230
47506
47871
46174
53055
96286
44168
75750
59022
7105
57511
14284
21973
47476
10549
61466
54391
71257
64689
47614
53976
52103
13247
30944
46344
70872
58437
53462
49170
51196
63273
46766
3706
85357
54316
59433
56003
52452
73746
50504
77394
62581
51046
52735
72090
51000
53682
17306
15683
45703
30367
59675
96587
84204
87995
27995
74959
45240
53537
64549
20994
46997
20958
75694
49171
75911
53327
99682
51690
53540
59554
67517
76843
47845
997
50484
71116
48105
48491
49077
18555
62298
47629
5180
59533
62601
50226
47505
77657
85527
21178
60722
80544
44854
76918
54249
20983
62531
59448
42883
52661
72161
93422
53225
43845
20617
73846
49585
53304
55278
64141
52449
93043
47879
46482
44273
66868
75760
57345
8611
61797
52842
49294
71412
91824
10724
48875
53539
76530
63989
48344
56299
92105
48958
64134
89816
60703
49834
77063
65719
59443
72749
8507
75617
79506
50544
49482
79549
59538
6316
69206
53679
65968
65771
89903
43599
63017
56164
68433
52000
55742
43336
57740
72023
54845
57271
47575
31154
48337
58829
78492
63024
46634
9084
51452
57996
1473
76908
89294
45502
52633
63310
52839
63612
64094
53432
70379
65489
68649
43828
72777
71298
53141
64519
43531
72504
55407
31642
99087
28440
46203
99670
44468
43954
81041
62735
8902
97432
60188
48664
18509
82487
81560
86774
89881
51757
90684
79816
44046
51483
66699
56691
99155
25635
30594
50545
46454
96327
32488
46756
71143
59786
95540
88196
8965
43865
68686
46786
74045
75444
12753
52788
11439
47061
45805
83702
49020
96926
45575
58743
46349
93503
43112
77210
53062
85948
66724
78139
59947
67420
7420
23176
21025
45879
50331
45296
13292
51355
46999
57672
71525
60372
84776
16791
49249
65121
57924
68408
62357
49528
66583
84110
94407
81320
58834
66155
63320
53300
71644
91735
49144
51651
95511
59235
62311
76263
98816
82320
81446
53731
45314
80624
79995
82149
51378
56986
75404
45288
61007
73731
59778
49506
52644
50400
62666
60971
60240
60812
86564
48421
13006
95512
67543
77792
62303
44765
52724
72695
75488
55201
62892
81322
61382
46267
53276
63897
65858
16973
47191
94499
60307
79632
53807
89172
785
69250
64641
74314
8319
44286
15256
52544
85977
46965
72234
68153
80743
50323
18323
55031
71360
61865
74495
96685
61147
68776
28908
43093
21075
31927
62834
13538
57441
12382
92984
47549
46810
60267
80625
73010
43102
62125
60456
80789
43269
78906
68010
12827
64693
81653
6671
51658
49581
72925
45675
93240
79352
72636
57149
9043
90888
72243
68140
45384
43328
43933
48594
24490
61104
51371
79847
50001
63120
43264
50706
53880
53550
55433
45820
28617
44989
88675
59920
299
63680
89419
13466
62551
43144
51117
49998
63638
77476
48391
70016
83415
85254
45274
77935
43164
71670
18302
89800
50503
25387
67084
53009
85299
57972
43284
95074
82045
70428
65152
86637
45598
5459
63472
7847
18098
78277
58356
75542
76638
20846
48171
64957
52094
3854
12415
49904
46302
45874
56774
27086
47348
63305
69854
43672
85080
70667
57284
73405
55525
93944
51922
45789
73213
54396
1801
59985
73407
86524
89592
57473
12631
64933
70418
67048
45393
51474
13572
28402
76158
47213
62999
17127
12593
43420
44391
52025
51802
45728
52198
44970
46356
7274
76230
65190
53583
61281
30960
52667
60824
82838
88960
56408
86863
49940
73506
53634
70358
60649
52267
48458
18421
54964
7853
68422
95611
21701
45264
53936
83619
49953
71430
49718
64518
50508
43239
18719
98546
45195
89184
63902
650
88007
63261
82933
86947
51525
22373
56542
45544
81549
61061
88094
43062
2686
50824
54282
85259
54437
61673
46330
31513
91561
56414
87178
75735
93181
53480
58989
43309
52114
17065
49099
44923
44732
47674
54341
9584
62372
192
81376
63032
85712
54937
99518
1436
47607
31957
1609
46154
58935
52485
79116
97384
49456
45853
67157
46799
68757
44010
14419
55702
71649
60818
55423
4606
81287
53508
75857
27586
62883
50406
99167
52837
86458
44529
43603
97109
47686
71862
6572
23740
47729
44940
70546
74858
72501
59524
52627
47851
94675
61494
66268
79083
84679
69439
341
74806
60430
91599
10277
44912
79407
30468
54646
74223
61100
74521
44411
97930
58595
17073
19789
88006
65199
67966
54260
56508
5027
58060
61585
45978
44457
50945
43493
76805
55872
54695
68935
80969
47425
23541
63769
71327
7036
71586
75147
79660
82556
44357
850
90034
58260
62001
75899
53911
55470
75798
43957
21403
59200
66710
62817
74995
53896
45533
88557
71411
83265
66598
65938
43213
55520
12083
43606
59492
50311
59047
82039
53394
82092
89431
45756
29100
97675
43174
75844
54744
51122
8255
43754
64026
98901
84995
28106
14345
12315
44339
54022
47182
69001
53335
3659
70590
47904
50746
63355
57586
74811
56855
7354
55440
80485
88833
59539
67692
64867
71668
53146
44456
56871
14048
9153
21490
73847
43412
15122
57682
5964
5216
97908
70522
47495
48836
51051
20044
53112
13691
46258
81237
44420
46500
75321
29433
90104
48720
44685
44058
87727
49962
52831
55796
62878
21858
44604
59006
60169
52926
54416
85979
47381
55411
55713
73859
48185
51918
26174
44475
59078
49618
54191
98660
43245
81683
79976
45696
67386
80874
82480
16567
48053
53796
43440
54809
48004
55419
32469
73695
88855
30290
58764
55490
47964
52866
87645
48066
55641
50048
22838
52965
82673
51532
88507
57803
50208
86625
69027
48024
59329
46311
46783
65033
11316
44701
88606
74030
46958
50464
45418
21579
69356
56640
26740
53016
89961
57196
51892
52188
90178
54632
45324
56455
16779
31182
47149
78576
66028
51622
70380
66990
91635
56957
55560
2826
18269
3956
71373
58880
73551
56514
83680
8842
55745
78203
78127
70305
55086
48821
15832
49799
54248
46453
56441
8822
83088
45457
6681
76279
49491
50659
68263
50629
59904
24065
59785
55897
96159
9773
11096
53760
29853
52720
47088
31085
46181
62639
97338
32542
71111
1382
49879
21833
50990
54461
54958
59526
78367
96229
23257
64726
2407
45623
87507
67147
88729
64029
47459
24851
63915
17859
26433
59942
54363
77068
56201
50615
77627
6453
70244
74336
78639
98615
59081
50370
73458
59516
45059
88297
93650
88515
66323
62618
61284
44379
2580
51079
47570
83273
64343
56682
43904
20942
58081
87028
63269
45197
50121
55431
92005
46061
57613
59059
27875
79938
48392
55635
19484
61635
204
67805
44610
95641
67751
78353
59440
60650
54684
48433
16632
50867
58805
49794
48876
85896
75108
22420
29430
61835
90228
65654
71343
7208
69164
74323
96975
61420
44422
46285
49629
92013
43798
53464
61841
90229
64531
27726
72693
21865
81566
53942
56759
79942
65427
62816
72327
44717
60749
50322
18654
57808
9327
67287
64117
58172
55666
53272
14543
24248
62448
62035
69666
45334
19556
55459
45548
58804
82101
67317
64457
12262
46077
6259
61471
71896
43732
47239
56264
51742
44517
83829
60173
84774
45542
81695
44036
7112
99144
4522
49821
65748
31710
46189
51312
48257
79497
73199
2697
48572
66150
24861
89819
61899
59163
47896
72316
54985
50645
47586
63308
46942
54891
58959
18094
87819
46976
63070
65969
13909
71224
44915
49141
51564
61851
66615
79084
45423
25156
90777
31718
63598
69317
61256
56572
53172
66430
65132
61867
53548
23558
25844
47426
86193
59004
52201
51250
50693
45626
59826
52590
68975
88148
81032
55640
43645
62879
55512
65426
88699
27196
76873
53794
72004
73787
30059
66223
54474
21906
46849
77212
58293
55056
63980
58799
64964
58510
55638
61798
93356
88612
74406
60985
46368
56940
68481
61033
77404
84413
44098
71403
53371
54036
67899
92146
86876
56217
54751
75403
59751
50026
52781
83955
63514
60750
47860
52645
14539
62637
45483
88293
9536
69752
56489
71767
48546
89410
46677
17990
63925
89394
71206
6306
76563
72971
45215
53994
55913
59814
64737
53105
53435
78777
69576
6535
78218
21312
60397
58663
54241
13981
55975
48370
58379
74179
85482
50068
23030
82144
49203
43738
65396
44948
75478
49190
9301
64252
6131
71740
3512
61463
9201
76296
56030
27925
50468
46831
66603
23196
54882
63274
65438
93270
46541
46347
32700
48975
58790
57510
96245
46086
47754
16236
21576
60774
1194
44092
63476
45729
63670
62219
46367
12835
26498
94435
82247
44755
9846
50705
56616
60575
7427
62363
56700
69821
81323
29657
58778
54189
92709
16496
75419
20169
53997
59026
77477
25016
51613
46262
62230
98971
64566
62026
51836
57216
45462
76105
52799
46896
80516
49961
71085
58636
60874
89782
86420
4835
56466
84285
55038
88186
93397
50965
22531
19655
88972
62378
83272
15392
45778
52499
80964
24315
52337
50123
97188
49088
6858
674
97634
61063
81752
48571
67077
49524
54445
51515
90598
93380
44563
59684
85592
90425
25964
73067
13000
25041
51682
71
22237
79682
78794
72048
94682
49364
90527
44703
51511
46830
49153
55697
85081
67801
79046
46785
44629
27304
52950
17053
70818
75709
29884
58351
66692
20422
81182
3771
54731
6240
55296
61324
47391
54204
17253
1975
50514
59435
47961
69737
48272
2811
50059
9098
66709
49568
52036
25624
71524
90513
29629
66014
70828
78472
68288
45597
2472
58249
86338
50420
51947
49837
46030
44372
57183
331
44464
65605
49351
57168
55972
3599
73879
56721
49405
51704
13096
50232
568
67304
53027
9369
60631
27795
44125
44570
49776
62094
86769
49336
53576
65597
62234
63865
49667
51535
72903
46026
73468
62507
51435
70102
48863
49386
47800
93307
80556
72392
44102
46792
46577
66079
46212
60347
50941
83744
53643
57523
84712
45030
95940
62477
62158
55843
50695
52254
91091
60785
60494
4793
71730
60013
79807
3978
47609
51437
49064
57670
48990
2763
88546
24929
80051
4097
13523
55741
50751
17421
44499
59083
53084
50022
81902
66995
62186
11603
2815
92820
98329
46266
80174
7612
58432
46805
84716
57288
48357
18486
53578
78713
56974
47693
63076
47174
56549
51109
89619
44022
46221
90656
428
99020
51530
80391
55234
52416
82347
57718
48715
85017
48234
96813
70577
12179
65226
65212
4473
54794
72886
51981
46117
9075
63901
63393
72013
50462
63701
44099
61606
50858
61629
25290
70055
47991
54201
76430
75689
54024
52186
48861
78976
53492
63814
97455
54047
82251
44342
46192
55032
53825
84245
74431
87992
58789
31835
54342
48107
49905
68389
63178
86307
45259
21467
93520
44709
73237
47573
56484
61908
98298
92852
58665
68249
52637
55672
76136
48511
71726
62978
22546
55622
46279
73867
57596
93638
17404
49275
80021
45406
87340
60160
99118
47867
56715
78093
46035
81569
47019
12889
2598
73683
62847
8904
69170
48926
90635
72487
92427
78578
95195
45742
65906
75514
19827
83709
56732
29691
52927
81505
74151
54235
50875
74857
46578
66125
99254
23612
52235
61080
46410
18612
51672
52212
56387
79056
50864
50784
51934
69743
71145
92864
44209
47683
54950
86289
10442
54052
70747
51633
56617
6694
93281
27829
51084
99294
82262
44549
3587
54041
7438
54043
86449
44465
63205
87647
71498
56915
49387
62210
61196
60358
52987
66764
55192
62756
45141
59032
61515
50287
96388
62608
45770
85110
12763
94766
26255
44930
51259
25178
44541
17075
14309
973
29792
53723
66007
46197
45694
21212
66406
46259
57721
46352
58075
74893
93649
63728
2039
48030
47730
63844
53570
66318
52593
47568
93104
87773
61237
51797
71651
45048
94648
49108
57101
11071
54588
47527
64609
49501
26361
66588
49412
50729
50951
98109
48236
54686
93199
49651
54202
22668
3677
48533
62524
32164
59943
70340
49069
5406
68384
48027
53258
16962
46199
48940
79190
30870
50426
20738
23467
68059
54942
58221
56104
64615
4844
15103
63627
64487
12355
54434
72733
63282
6733
56728
84868
14304
54513
61779
59465
22756
75989
66510
48767
71880
17256
26452
67246
47843
53985
49572
48640
96125
66356
77204
66379
59715
10735
58639
49897
70299
12063
28647
67335
51830
60886
54132
81435
77479
49159
49277
54571
54638
81274
60558
53460
3186
55931
89583
71227
69430
80466
18205
45006
56314
48563
16926
10832
8698
91038
54151
1678
51597
82390
86795
96457
48025
54155
61183
53622
18429
65713
71812
51769
65117
46062
1291
68114
28577
61711
14091
73718
87883
68106
66661
46387
24293
45344
44880
54181
72507
54705
16209
56358
47847
50541
48316
5053
75180
50386
45309
44795
73068
93501
2696
87612
47941
55626
74566
83986
51689
59831
62720
86726
61864
51617
15577
63967
53088
92194
81269
97910
69208
94130
65244
55309
1168
54787
78902
56400
52049
66996
15292
17154
51442
45875
98470
45249
73393
693
65309
63117
65430
57628
47649
57455
8573
23934
45304
78407
55168
77710
75698
94693
70193
51085
91378
90164
67151
50750
53178
91768
55294
55210
54878
70836
44922
51111
70658
62163
68921
20192
58736
65270
89624
46278
62297
78174
9642
57890
44927
72420
86436
45988
79956
55364
79586
56891
12271
60362
53449
1153
12089
27559
73073
45972
70056
55618
62926
65723
27534
58998
47257
57836
58282
81132
19410
59744
63218
62434
78393
15657
95019
93941
99378
53780
61337
79612
93030
45021
3051
2433
59737
59490
11521
50670
60337
60145
51874
49638
31544
88105
51729
46547
23352
66522
58936
55109
79313
51283
66925
13176
47858
70676
51029
50646
28552
61090
95064
87705
56097
83663
50813
90225
49197
52690
5827
87284
55280
66737
47378
1112
80189
58232
47341
62300
3607
1076
24159
72964
59491
89317
75439
79926
59664
47272
72083
20219
61334
69123
45591
13750
30026
64855
48006
48278
59682
48062
75299
48871
45814
45154
56716
23683
95331
89111
52907
47007
59365
49200
63174
80445
53297
69307
66049
49224
47596
74315
45585
2629
47445
67759
21709
86860
78176
26610
72008
45752
57337
17464
27539
15219
50259
45421
63240
53468
56397
63955
44931
23007
67855
57301
47195
75540
66147
62255
24197
22274
81647
66357
24064
64259
49684
16424
67910
53369
62775
51411
47894
46692
89517
96394
58095
57651
81678
62226
97070
69516
69873
49841
55958
46118
86930
55966
4796
78190
51302
90436
357
54329
51999
45529
60561
49919
45410
74449
66002
95121
17671
57899
28971
6190
11045
47435
66683
73684
13343
61460
79373
60387
52862
78265
78449
3468
84854
7864
93070
95623
51741
60613
44683
18080
54863
98287
17311
54365
56244
66858
66676
58662
69875
66368
31383
49709
50454
45392
46823
51206
54843
23268
29562
18453
61246
62570
58607
75581
4531
70177
74217
49781
66894
56914
58598
54185
60908
45718
52421
50710
65967
73485
47919
61051
46449
72307
21001
1683
58278
54515
94665
56538
50885
54413
64375
7243
511
60331
66826
3844
59092
72292
69275
55206
65951
51960
92045
57235
81374
56554
53554
56293
12708
69635
53614
16726
54627
60297
56206
77904
45958
94722
81220
49452
20851
13944
68001
56929
58905
58266
2872
56136
69456
52251
91870
64972
74149
61692
63585
65395
73806
29768
49432
54477
22632
62854
93074
61244
71084
70762
85065
80141
54178
48100
60614
75662
56361
12237
19888
61497
63126
85435
71755
89566
54721
99475
61214
79698
13134
6541
45430
56830
14235
77097
48798
75496
77811
60952
58255
62061
75274
4966
65454
71531
63228
9583
60511
90042
65635
18805
78400
54883
85488
52524
71526
61402
52655
61182
87660
51763
52091
51462
60046
79301
15765
60801
94904
75379
65567
64416
55026
86335
17468
70821
64621
45769
64272
27844
51501
81690
69213
66898
23971
72477
56770
86773
31806
85400
46693
48504
78738
55502
59375
84608
67597
2956
58217
68383
49845
66480
52664
12359
25354
52270
92628
71659
45459
90207
73845
52613
59691
75538
54343
70902
77256
83108
93157
55265
97095
79830
53182
59856
47290
46524
60073
47296
7696
24973
52656
55469
73627
63342
47281
89511
59771
73958
54683
61309
17536
71423
60224
83487
31491
53898
69364
72049
27368
3014
45551
50589
71160
6063
69343
77115
79690
18069
11891
62838
6530
56369
47757
47584
76456
73182
48988
46554
67993
45497
22467
53754
45126
68349
83317
64540
67882
20021
64626
59489
57048
28527
13917
62376
74523
76962
15204
11710
96315
48430
3290
83252
47123
73626
9008
89563
62776
52190
547
76925
63806
50721
57316
54293
47143
25619
62707
99753
60156
85518
67562
50450
53740
61211
61969
91096
58202
79592
16414
93132
71573
25476
57726
66069
47889
55763
18427
88052
3611
5868
46814
88528
54110
18282
27101
85624
76002
13353
50820
48386
46491
25033
59842
48471
47192
92702
56512
55802
95300
84042
45648
61083
53250
79030
62543
86514
68681
68650
77139
54781
50922
65242
79153
7794
66169
49960
52938
79239
65573
12589
59580
46210
92452
78502
31465
363
57274
52324
59487
50368
48220
79000
67725
65948
57184
46324
84885
20317
56450
68984
76745
60724
45135
57886
16809
73811
70884
66540
27299
72317
27890
67102
1154
93753
56866
55738
51013
27270
56419
55114
46532
47784
89337
66970
48157
66579
60889
64201
6584
28524
92714
81590
61103
58032
49877
67845
30038
63419
68564
73791
54581
50326
13443
83242
91002
88495
64024
13220
49399
64650
85917
48247
67513
77490
64317
83991
52041
46336
80017
67184
56291
86208
66149
15434
59292
18334
79874
53240
56520
66552
89085
49820
71249
90121
31251
48169
20041
16175
56212
68101
99188
721
82400
53148
60624
48285
59112
3110
87256
91424
8517
46421
72686
20928
56135
91732
56697
51867
65176
56730
60800
75107
75376
54663
64129
9737
56505
53950
75858
84598
48629
68606
52030
52289
53319
83572
74219
93006
52378
93088
18574
47472
84031
92103
65692
47334
63671
46632
76233
56359
47139
16620
69969
50273
76368
79989
47917
51958
82026
27991
61743
56404
2211
61082
67540
63090
52634
99965
48266
89894
11
61227
94787
55110
55815
67580
57897
16081
57470
50590
24280
51009
58318
46729
51239
92247
80622
9160
11888
60121
46254
59964
70630
45842
21199
56873
22551
47352
29013
76631
65255
56658
64301
47064
47066
53672
60059
62526
58214
60655
8204
5693
78102
55409
68739
2240
83366
55041
58786
70930
46993
48908
87248
67240
47060
69150
45821
47747
48161
83191
62872
51985
30221
84422
55869
64845
24605
48416
49717
57494
86904
61751
49030
55543
68031
87038
75519
64157
60045
60965
16501
66351
99260
60503
47773
87969
49017
46432
54842
96796
81140
6045
96132
48374
3915
31822
59833
67383
94788
80320
63507
68459
55578
54333
65783
26043
86054
45514
80234
58467
47700
58505
51467
46202
48224
48323
20625
66167
18993
7950
88010
87233
57953
54834
45802
25856
86834
98694
19082
93633
79903
62095
68956
47797
59707
6187
54910
87603
58002
83504
56740
22905
72085
30631
24113
84822
6542
79877
19383
62982
66746
67907
55087
77277
69748
57669
58522
71318
70622
69182
72974
21854
77062
63625
3916
23603
93150
81688
79178
83148
69544
91386
50876
68990
94283
65025
27221
55161
16601
15973
51465
5943
51623
57382
1219
68538
49199
1178
79871
86900
1150
59456
92297
58331
54773
89774
47215
67261
51691
62291
55420
25610
56564
1149
47848
2899
45723
72767
82166
66320
73486
78488
3606
49899
31738
66982
90768
1397
72990
18286
61533
69602
92634
49127
30720
49997
48140
23351
73342
53568
3409
47163
77612
80768
75848
46885
9410
55754
81253
15653
62585
53601
46145
67170
65947
66912
90040
76054
58717
74536
52317
56318
45985
1792
64436
97152
68149
79403
64313
98809
57446
71556
56645
53702
32070
48658
68089
59380
58231
13836
66880
52875
32756
54485
10205
52569
88089
62721
53902
77148
72639
60563
81787
58551
910
71459
24030
2324
57160
86357
51275
59689
48376
78607
86848
80557
70654
83086
66053
68922
55892
69815
91784
47455
59940
60024
23012
88305
50348
79442
76771
51956
11331
56720
91442
46392
84786
48885
47078
49681
54065
77622
55376
50561
53603
54918
48354
52758
53133
47935
24611
50562
61036
46953
75471
65849
31099
59017
69390
46514
51898
71908
860
51253
70059
50774
47157
51521
51445
27544
47355
46531
59230
54887
47486
80025
3724
60735
68068
75032
14818
51764
65820
65985
82547
27736
64261
47638
86812
11040
59543
70943
53096
70182
50955
54449
53506
63604
21039
50485
91446
69545
63056
18472
46926
52734
63334
63119
53411
97717
96169
98004
47252
67313
98272
9926
77545
46293
47080
56613
51841
3203
62038
51664
55627
49555
28385
75984
49114
47959
20294
85985
95535
55780
73050
46606
75246
57340
48358
14131
46122
58042
48287
5185
72380
82943
17910
61385
49993
57486
14211
55021
90174
67382
66794
52305
68377
6375
66989
31200
80849
52711
15895
63609
22450
32578
59793
20074
84902
49267
65886
95129
63648
59471
12760
62138
87114
45904
77017
61796
15794
48710
87384
65689
58719
46961
82055
28168
95421
67444
48769
73408
50246
83994
95247
72805
62341
89805
65028
14313
30014
53897
23826
75718
51680
54827
67585
59732
53805
77265
93590
48131
4800
80035
64357
47444
86855
11256
79633
59508
57215
82066
46518
22386
23969
32355
2882
16758
16644
73600
16775
45915
53799
83017
77379
12194
46992
63813
55938
90996
45996
45753
16374
86455
60968
48956
72341
61105
58131
52333
17934
68702
64988
55744
62586
66377
24359
57377
28877
26969
69769
54167
76339
57793
82617
75168
16530
56668
25096
47028
58619
58855
63887
9353
30747
81457
80756
60356
66828
64382
80315
76523
59711
50631
72703
60042
55288
82118
67045
59270
97275
72147
56038
63086
73671
47654
78841
66308
22580
87511
65341
97468
46890
79986
54422
66374
97684
57285
23661
77337
75233
7266
91042
82598
55307
51914
22740
59647
14787
96906
60963
98070
48044
20925
68274
47660
54673
68233
50636
56467
61579
72502
59897
96334
46800
23495
60454
84311
72851
29580
94379
52162
61631
94411
46835
86388
47461
53972
70485
73725
60714
7165
64835
5646
49802
46159
27581
47507
54584
11727
17471
47915
89876
53101
54701
58383
68623
84924
60639
48050
72308
51908
72222
62595
25374
59713
7571
84116
84152
54197
51306
66715
77066
54987
84490
5876
57714
62559
52980
56990
17339
65080
18826
66006
65887
50535
48665
49187
22900
20867
53759
77637
85155
482
60742
52453
81432
51864
59273
68285
69090
52477
54922
77309
81846
61894
76252
95061
58204
54963
47101
3888
62279
31653
67569
52436
23509
53111
65473
50903
82410
61192
67834
69833
49740
65841
77721
7304
12491
49844
80106
63924
13235
83772
76664
57732
53734
58781
65491
80697
64270
95984
93722
54899
89090
52213
81002
8004
70870
93321
48680
56463
67189
54158
48622
62830
61759
83897
92031
62803
67419
25687
47978
24174
15901
78262
86202
49726
89965
48380
99238
52883
93555
61503
56832
51314
3570
74935
49372
59370
61287
82210
5243
94705
47327
67346
19465
57677
50984
25154
80909
59610
47274
59087
70306
61478
65966
32440
54060
16536
22750
52398
29161
88464
95158
48457
83778
48405
67058
76833
47016
79969
64257
95901
79092
32326
74484
78022
58045
83517
9560
62545
70164
3573
66258
32189
72984
23744
67975
50874
74548
55916
49342
78763
78797
14414
90715
7641
47702
56794
25605
90608
72417
64870
72627
19152
79138
64610
50194
61889
70854
64467
46178
19856
81896
71003
49125
32004
55449
52351
73661
54778
50189
26918
30637
1085
59025
56846
51747
75766
62140
49883
17285
71457
96430
2946
82067
77611
96339
64774
50754
96081
4976
65134
46635
14268
53637
77929
55319
64672
79591
59338
94224
86001
49371
53154
48540
72078
18087
75126
80399
71891
85360
24594
23753
72088
9455
54463
59522
69446
73984
60549
49274
47954
61868
72267
70461
54
58704
75983
28948
61398
84273
49105
53038
62532
64884
53752
64149
87413
23407
51754
94940
78378
15258
58441
47188
20978
16279
50449
513
63157
32438
54530
99203
61088
27286
53962
46501
5238
64168
66005
58828
80474
54955
49189
62290
63966
66229
51326
6561
46730
25529
93743
14826
93530
89139
46320
88266
15669
54261
15281
55945
87631
49002
51423
88899
80023
46216
73461
27655
5621
48625
69555
68159
57477
85363
81749
66627
59208
64137
65788
78395
47065
47912
8392
56349
47738
50197
78751
9245
2952
53675
47932
55148
48759
51186
47150
75810
60065
55073
71250
51429
23083
66326
87332
59864
18926
56105
77923
3230
31724
81713
97104
71745
59414
96207
48890
89574
75639
62262
74423
56490
84254
6973
65466
69308
17224
76479
6796
66656
30829
72096
59311
81527
95444
48110
75093
77917
70758
7603
61652
12476
61695
81475
96730
48595
84591
81497
50036
96375
49378
80664
88518
80080
57261
51108
79652
65351
83118
74404
68876
15759
68462
22981
64212
46910
53156
18624
62318
3319
67197
58279
48163
92748
52568
96082
65031
49503
61485
85107
18929
47556
88433
54277
68574
66555
16540
17793
2861
47529
74264
66104
63788
79151
88228
1430
22937
83372
51210
73709
99823
73534
48454
62389
78583
53562
67471
60727
47462
47768
23436
81196
47430
81341
85305
85972
62275
30454
88819
21663
64679
27622
54802
54973
97984
74763
85355
5965
58479
65640
55460
62759
49339
63704
48646
73756
61818
55538
66700
32631
57075
49355
56248
27219
53544
50592
66035
46751
92211
53099
57992
77608
57624
60894
58832
55472
54923
71046
73635
16194
75223
47887
72961
9491
85024
58483
76796
10373
5497
49162
49256
51716
31177
62773
49369
71699
96343
48976
66963
52668
50956
21787
10283
89505
69060
65633
49680
96669
51479
76895
93532
56025
18188
60453
62588
86190
24679
21317
64150
25498
74631
55356
28664
68873
54276
85925
71913
1405
64103
20025
65113
4601
49527
15151
48932
47996
1110
29888
76152
50716
6275
55661
87475
52486
59669
70978
14064
49744
83845
5820
88482
48954
17780
47886
65167
27889
57827
49570
9539
7885
27724
65609
58122
81974
62025
53879
80278
48632
48619
5143
68326
48869
12227
47224
52636
54170
53954
46550
86655
26003
15084
89888
72593
60152
56536
47362
53385
81751
99607
80729
69087
26382
51487
52535
96092
52801
76917
13268
90347
83835
55250
53188
51570
65659
66605
48704
88004
69037
22902
53771
63176
24447
99562
67384
8387
67548
98774
61000
94548
64444
84846
62547
23746
8344
50411
67311
61741
49366
62102
47973
65743
71514
58192
50666
68441
22357
66363
96571
64083
58974
51835
54732
71744
50844
56533
32147
48637
81306
88355
15138
83915
30030
57343
47051
61776
47907
54733
56424
46734
53351
50125
79025
47208
25473
53445
31637
52433
46818
49708
21078
69283
53698
51176
53139
50910
64536
30087
68160
56745
67974
61666
58581
62655
66897
73191
88744
92289
60715
52827
48168
64725
91865
54032
62968
55840
57831
91691
71671
51878
10488
21315
22670
89685
95874
54753
50151
10966
81167
73275
76930
49757
48588
74972
55303
32127
82703
16604
57350
48797
18530
98633
77890
91557
59296
89567
55112
86558
96550
22232
58237
15737
68991
48881
4655
64553
63055
68541
98756
8181
58133
56992
77157
58788
50526
22152
80696
56255
2646
93761
53423
83119
86318
51055
64199
94063
92845
12930
49316
62658
94664
63660
75891
818
61387
7214
50853
67487
47199
97693
46797
22619
54726
50013
81738
5705
28709
60017
56722
47233
62447
97599
14437
68916
59545
95405
58101
26678
51599
2224
66573
61171
61411
96357
57466
48424
54013
56955
8209
72423
88031
64625
49891
62886
75377
60133
71617
77398
51694
64182
76524
73885
4546
66062
66212
10960
70607
94796
91829
48952
67291
7802
22790
26744
98592
48459
21323
66365
26046
46728
50196
61381
83924
68809
93560
19673
48736
85771
96525
26904
78334
90569
58141
57537
60565
79425
98645
4505
72173
67177
53978
48156
69143
64616
54030
53580
18478
78236
20649
16190
75949
52942
48815
51125
30364
65437
26978
69662
95279
59997
18123
72589
94868
54719
52543
66851
94235
51318
46972
67298
49838
16129
28010
67202
88949
96795
59045
8798
57627
89627
63248
73658
11873
22810
62678
68993
92277
49632
54993
84535
69483
70651
92300
55453
54590
61551
22108
27074
52710
48097
58643
57517
91837
7892
71538
92661
47466
50933
21794
55446
76863
30174
71616
27058
75626
6229
66972
46914
57405
52358
99812
21214
59016
2034
55255
68646
58708
3601
51008
50309
53553
62174
97895
25254
72701
55908
59441
51510
82397
56938
58958
68393
79480
50812
58680
25461
76628
65799
61441
15168
79201
95993
65378
47589
46940
78587
29756
63705
49182
50769
23160
74277
48541
52117
73406
80440
64899
19511
62733
6697
60533
50843
71709
69994
85408
96907
15705
49986
89437
93153
54291
30985
92011
56833
62390
21043
90019
86465
59918
49612
85829
57295
69863
5261
71703
73124
92960
58583
58677
25655
17674
26927
51582
80375
79331
89385
66836
52340
63386
61716
84496
55164
72838
4304
47427
65631
85444
58054
58039
63510
64070
89249
56980
98510
26370
51642
66383
60167
47590
85810
49458
75494
49774
84525
5596
97831
2207
82099
86491
97785
9403
55581
85509
55236
86849
48045
98965
49704
86781
60230
10255
49346
68086
80819
91812
63255
72075
75054
57004
3379
58813
15153
80241
67363
63400
50139
70680
61130
91140
73495
19408
49360
80085
79499
8774
5746
62212
59478
79835
63617
66112
49927
68632
6399
59993
92543
59018
65558
47655
78309
72906
59069
62463
78424
62263
21526
4005
4015
48239
66082
71186
52600
95776
171
94017
91706
96022
86177
48850
47158
51807
59086
7142
15593
75331
778
87092
54095
75016
31568
56898
78057
51692
78315
55480
84961
91430
58629
80661
54381
5336
63333
83195
73104
31017
84426
68708
81586
76190
89726
9664
59222
50905
62493
48852
75085
52046
1086
1751
11109
90995
52563
11353
80244
78270
59709
51242
80548
31454
50865
50626
64303
74899
96026
12510
53674
29484
15685
83584
50245
18331
62370
49575
64240
2272
74946
53000
84105
30755
82903
3840
67980
16466
65560
90972
27841
57779
65545
31359
29297
83921
23896
47364
51770
60263
11024
88832
73928
78546
28607
16681
75349
86576
56913
71846
57164
82381
79538
60054
27712
62446
12028
66806
84230
56437
68636
20135
11871
79036
16253
48774
2770
84524
57248
64275
4057
56156
26668
15014
63415
30362
72212
70026
73572
63554
68000
64330
53074
58854
84163
64837
53036
49293
57932
57425
92910
7837
47884
61915
73083
76826
72766
95954
9461
97643
52923
52193
48848
79486
66307
68733
56776
57198
54752
95751
10665
75070
65020
53428
47644
60918
48286
49914
67110
75238
79179
91013
70365
48739
49502
19553
54700
85793
66592
83611
53242
48379
742
9408
57534
49686
14111
79349
78155
50064
65845
57588
27303
29962
60390
87793
55167
3748
52615
25167
80147
81960
95707
96995
55919
82835
92073
48545
57782
56324
59108
21070
64980
74353
75025
17492
53541
55128
61198
50076
59421
58277
49090
87235
64646
47721
47447
65330
54117
52022
85309
17444
83501
71578
70877
57418
76752
49770
61435
61391
12163
23560
51777
31393
25508
66861
72782
56340
93474
72451
47775
99375
17087
61748
58456
87789
49556
60048
51693
22577
69108
96157
54017
70780
64644
83296
82568
54556
51940
48751
63359
53288
52666
60564
61840
87411
92050
53108
57918
65250
57857
66132
48886
25544
51363
10168
71977
52560
71542
62209
77136
4142
68622
50316
69529
47986
8665
15717
53820
32639
49609
57227
63751
27930
98265
90856
50009
15713
5121
61946
8326
90950
18863
52064
48921
30622
4809
48806
73420
2779
20995
60185
58119
62515
73252
57664
92348
51485
64090
47853
75094
63443
62672
97130
6873
73118
59724
31162
23504
79011
60268
54722
7954
61589
77948
57386
94531
67536
59772
1895
69991
54678
53948
75298
50809
54808
73053
55584
67937
76268
74898
48128
97209
9354
60853
16988
63982
71628
52959
62417
74147
7737
67342
53398
4739
26434
50628
66827
63876
935
24216
28350
56731
85484
55783
14303
49884
53253
54427
56660
55293
55711
60941
49514
80799
54635
49762
49628
83787
64653
52057
79863
59484
63375
50179
97879
61570
75572
55660
61045
84869
48503
72757
70842
49193
16293
1283
58823
48014
65386
9071
68641
88486
6857
96055
55604
79012
57568
86060
57141
57396
54310
47830
55824
61509
52122
48793
90842
72828
66151
63756
51020
49499
49188
57933
53160
87371
48276
52073
59789
92370
50338
64596
83780
48403
67465
65590
81774
78619
53372
51619
65230
55330
61231
76393
67532
12308
53444
15472
76431
59473
12701
54763
61469
65286
52547
51224
66862
10172
68605
49805
50153
76608
53481
48942
7206
79070
60324
51503
70062
51226
59485
31181
99456
86715
48592
79390
66556
53654
51632
51529
67926
3478
90685
88902
63186
57289
63141
79265
88895
47667
55274
71352
75917
65399
86578
47975
31155
71334
66296
51364
20002
94035
98716
56384
98618
58150
62010
16298
53220
53851
26603
11459
98382
49388
95096
82510
60461
69714
58519
59001
85693
53124
81259
23991
54330
48371
77434
1979
26166
21240
65486
87581
71271
64502
12331
78253
72271
52550
82914
30492
66010
51722
63983
51612
48177
66401
88926
57303
56912
56671
55152
70745
54459
48837
49383
48283
54404
49938
52003
54188
48791
73364
75051
91242
72251
66720
86806
48007
69177
96957
98972
67061
70170
72934
58440
47745
82631
74595
71238
81324
48186
88410
26469
82366
22739
52128
4649
499
90472
67078
70042
51351
75559
79237
59511
57915
54798
25810
65214
55313
57581
80817
92225
11151
69903
51070
32140
25433
18568
77515
19284
71400
85468
54624
51251
57837
11975
48037
62081
68102
85523
51044
75220
64380
54677
63916
68141
47902
54256
52708
99247
69134
13943
57385
73909
65355
79436
80151
49917
48311
52857
96494
71147
87882
53875
64338
53764
1587
22426
48381
65848
90959
57701
48409
68132
16765
83673
59727
32321
86931
95258
51962
75216
58053
70478
72482
20332
59500
30522
59881
59246
58571
90323
57247
52249
60262
70687
82034
51311
85767
59366
15386
95720
24883
68509
60444
22154
52775
21806
8266
2314
59996
12688
22601
79810
63425
53854
84564
51791
90002
31086
75734
5203
98533
51155
50203
74971
974
76881
85915
58304
66773
62928
70394
1476
71729
8115
72912
95266
60189
52782
81823
64061
71263
30658
65512
70719
69942
8261
61359
61433
64033
60661
72264
91514
66046
4413
95953
56005
52654
54323
827
2384
55271
24768
78567
85753
61709
58768
85570
84794
14766
94042
23181
48346
65616
49801
64247
59424
12410
84634
14943
99697
75452
57616
66352
58971
55090
73565
52244
87929
62077
78349
56010
83669
53747
1666
12080
98094
73448
9465
20620
62473
3763
68062
93494
83474
55040
54033
48922
82193
52620
69057
48174
85522
95240
60858
66494
50216
78451
62791
52765
11567
63270
49865
86081
1578
57746
53040
91083
55572
55297
56883
64421
28782
95437
68201
28724
52502
2057
74578
75288
94984
58435
62183
24177
57057
50684
65432
58210
78768
69252
63200
85312
57134
29021
53377
55873
71948
51150
88822
51225
68302
51284
69597
64371
71710
62316
16817
98765
78479
14646
54324
62589
48867
52786
48106
79879
13258
55845
58311
49175
48420
70304
52975
87405
70215
84136
81708
91647
68493
1745
48746
66392
48496
52301
63088
70312
49042
83566
99066
6910
48812
2802
85109
71441
81984
50441
53114
80275
63113
18423
65180
61255
60015
54566
3339
77365
80130
55834
52566
59979
54643
91692
32483
56032
56811
72108
57440
53937
51994
64548
49706
64439
72944
65138
77950
55841
92824
49636
63392
15604
62623
57406
72899
56354
75820
76107
56327
68009
84630
51473
84819
76267
50239
53404
64593
66650
99184
91138
28422
73279
52441
49822
67750
50095
32590
89536
72956
3966
52145
48248
70644
69755
31075
53906
50493
64329
17564
10494
48137
19110
66922
75827
56836
60260
76867
70325
48738
89097
98292
54308
72414
82387
61875
57347
72798
19618
55767
58644
87786
51507
49974
54288
60105
65859
93882
78371
63243
80274
48355
71815
81718
85139
6128
53162
56250
62624
53150
53901
76744
50780
63632
89466
77020
99870
61134
21151
53257
59126
56686
68407
63177
10265
76298
49691
6897
52516
59590
79093
97662
32611
53886
83480
72363
49231
96347
22714
53426
72031
81922
72299
93469
79420
56659
63408
73808
2443
49054
87018
52511
59671
48834
16220
64353
81785
86779
56984
56047
49092
58562
84070
16705
52171
70691
65188
48753
56305
26424
71294
52900
66349
11767
53353
53558
56074
5636
54738
71099
94459
79728
63732
90829
7086
61643
50830
83244
56079
98435
65682
50895
3275
63657
51149
57968
56951
62115
62285
48962
97127
73090
63194
8730
51180
75788
13071
4439
53784
29242
90898
56260
57994
18803
66873
63041
75791
94175
50551
73628
73965
8988
2352
14639
993
68771
81071
78060
85413
17598
49511
18163
70560
51007
87268
79094
67943
74487
95586
54650
89288
56631
54871
81714
51143
82458
74350
48840
76185
75918
67212
91626
81601
64983
78767
60893
18598
55479
78063
54274
53837
67433
67441
91761
90157
88069
29542
72914
73411
63752
61694
63780
64490
55267
55084
63370
87785
61422
22291
48413
7434
14587
70741
84977
84843
71558
70355
5661
74587
60032
11068
81721
62460
52619
72747
9420
59259
65379
73489
87311
70946
73063
9599
91471
57880
27030
20495
61774
94245
88087
50391
88988
49937
60445
62994
59209
68430
2309
18633
5950
61506
6539
57689
57764
8011
69862
56607
95851
56188
52287
89832
53078
67439
84750
62126
68202
49761
17816
87841
53725
88477
59099
59835
84801
93
72201
50877
72577
69165
63729
69881
68918
57391
62000
55629
62772
64443
85480
54026
5644
75203
27308
53157
30389
3012
52444
96461
72245
14680
27146
88652
77361
27645
48263
61421
49325
31132
10619
56094
93326
70624
18203
91331
8585
57830
52830
68337
77763
68447
72453
72835
49035
58454
58951
52991
60527
67661
61904
55473
50855
97029
5506
80783
54907
63542
73210
73918
49672
99025
49005
50367
49803
80543
53655
67171
68259
11108
60295
92173
68280
73664
9281
66359
74943
61117
88655
50707
83941
56297
199
10806
86688
22227
67407
97430
56864
57712
55674
76382
18988
51106
79703
60914
61037
83490
29778
83607
83871
50057
56991
54482
52375
18458
26400
57639
86472
83142
63315
62583
48868
77482
88701
58541
56910
74822
72706
69582
54788
53895
87328
51868
78597
65011
78403
66923
5035
55205
50235
19474
80761
62826
66586
20076
63569
24192
99795
59438
81523
56371
91912
83747
59286
70315
3539
65305
48451
90786
76189
54602
59852
51141
50934
55720
53381
57739
49643
76793
81076
17933
48686
78965
18411
79177
70438
73769
1566
72551
6608
86962
63161
63645
25273
69380
61443
21951
65932
51389
55054
76903
95254
13105
87525
66244
15806
54319
73814
49780
65488
30896
77645
60635
63804
52526
229
15715
55392
68580
50312
54426
71681
59665
14769
52312
91512
56978
11493
72428
14672
96287
48887
72883
16142
88448
32312
19628
83078
95094
72641
50603
8610
74687
16982
71037
55178
58414
22914
72957
8823
57233
50897
51992
80627
65646
85456
63237
87325
49922
68983
68452
58585
49006
88443
53744
5929
73931
48548
5472
51492
3528
94473
52210
23266
53332
11765
21014
53968
56597
90816
60682
58791
82801
53616
64798
32414
63487
63343
66066
62374
49701
48723
51886
9214
74872
12808
78483
97649
86315
94558
11061
67090
59265
56924
82938
60651
1084
81289
59892
15927
61722
78758
52572
67501
49810
50388
21918
85308
27140
52330
97410
51396
82765
56058
60238
91347
59989
92567
51620
53361
9229
56332
65046
50847
62724
81148
49058
22362
61219
52165
63586
74034
32697
80963
23887
59344
344
73349
49454
52293
65158
3976
51625
79817
56126
71342
57958
48977
66998
16269
55143
3315
48857
68891
49164
52081
50805
23809
62560
67999
79772
54655
58780
71775
17001
91869
54267
54550
51894
64857
68174
56754
56021
85188
16830
85345
80003
59255
31960
59055
16107
51659
21299
52432
59662
66157
19120
65708
79159
11944
66498
64831
53955
61883
81975
19346
76383
63574
73061
94982
61618
55175
69919
97400
70083
63118
55183
79972
65852
50888
59266
31209
49046
71477
70952
53500
79109
4339
54314
52721
65836
73581
68402
68276
24083
93172
20769
17286
27977
2266
52810
54598
92100
58647
54086
25668
62159
2675
91595
84780
94642
69972
9002
8078
51089
56434
62494
56184
61880
20583
49673
58536
9210
49398
52255
30918
72397
73303
51430
18274
74970
52943
52507
58409
68041
8404
50831
68741
57871
74615
82910
60038
68455
48882
93406
54472
54929
53781
74772
31306
85899
85667
48917
54345
91987
54473
61121
52872
52818
84898
96202
19262
60202
64739
85455
75836
91295
7001
59536
49670
71607
76012
51552
66595
51996
96785
49122
5452
91686
64813
91827
57208
51194
78536
4125
21303
87749
52583
61043
63005
26291
3491
19142
53532
68784
2174
79508
63543
50265
12813
77980
81330
59253
9323
57214
78436
27820
50685
64069
5525
91016
30611
92019
50081
66888
57388
49729
52168
65929
56232
93239
53171
23631
96864
54645
68501
98653
93492
26187
54015
97162
49959
99769
95081
31334
93441
57856
70806
82874
23615
60745
55592
60658
66514
98147
7497
49526
58698
84185
74571
56963
67541
66992
75772
61416
74053
30063
58725
17517
50574
85204
83579
1432
54866
70912
65944
57540
72744
64941
84192
50938
26705
60031
48841
69839
70260
62956
85830
57506
5707
67221
99114
59788
52905
74762
57244
53862
78958
29080
51062
65549
52908
84456
50040
58819
92131
92549
73009
62091
20665
77526
65229
28429
67285
49037
67293
64104
57152
11324
30352
57309
84015
92575
4059
57807
80609
88762
60228
59551
50143
98180
98291
62085
54597
64934
67088
56111
50793
61087
56870
53454
19073
4680
15277
49479
29875
80264
60943
70509
57767
12038
70534
59173
85540
62103
8625
28816
78251
94258
17890
23793
27438
15913
54252
66503
49464
99698
55272
62451
58315
49262
21051
72616
8114
78415
13331
49949
61333
92596
56348
60159
88068
83606
71340
87653
62245
60733
74036
61120
72248
20427
98351
76593
74945
52056
1572
66278
49297
97373
58656
27488
10580
82656
71016
65701
49186
91793
21489
58650
76749
93322
14081
65181
79528
51608
56943
49026
4089
49563
89892
99768
80804
70213
62151
71716
74058
59870
15712
5511
83137
66039
66551
82718
65871
53166
89948
56137
14770
89769
76915
8937
58770
58705
76153
21996
25969
84802
73763
65606
30095
78771
75381
84068
53881
73119
54247
1544
70264
28521
71229
51083
59390
76658
49285
7246
83160
52841
63122
67039
65565
68721
59552
61826
53325
30391
88325
21021
19713
23497
53598
90007
83318
50701
10382
57457
18797
67079
76973
63688
72452
96412
17018
28518
59858
1416
77053
52679
59436
52492
74903
83413
376
12240
66424
54947
66833
56161
69415
18063
50781
3705
91179
30640
63398
63606
75764
54259
14395
77767
67718
54816
62356
28304
27782
65120
52532
67
91544
67348
58626
66217
51160
17202
61144
55573
18951
62939
72604
75595
56147
84979
63424
50621
51750
78667
50084
31020
49888
60709
50193
70710
54847
68675
82471
85020
65021
74540
19281
65317
49866
18251
95740
86924
26852
61658
64307
11478
94466
83171
51782
54724
28629
78444
49957
67417
50014
72479
66978
67902
9990
9476
53899
19717
69953
266
13036
51146
98787
51392
95340
72578
87497
64953
71051
50998
62569
91418
16504
884
88286
70140
62289
94215
68282
59158
66020
87875
59203
68331
74551
81150
98742
67982
49295
77241
57997
60931
53336
32037
55585
16324
77982
57034
50766
78263
57960
90540
62808
27334
87699
80464
71855
57858
93370
89904
83074
61609
52530
19909
12928
18086
99196
94381
53987
90485
20712
17353
55835
69934
62348
24859
87489
56251
68747
92594
55712
68694
49487
50563
3370
65705
91262
59718
18221
65157
65876
74386
54479
68846
73006
19923
81422
91876
73916
81260
94552
57800
60902
51356
54856
96025
78298
76888
64279
21955
49758
54994
71708
7870
86068
49671
58190
85092
83468
87903
65318
57860
50678
63809
74201
76699
67566
60846
4721
60871
15834
54549
62864
64046
71426
337
98669
75350
51341
79120
93455
59412
72969
20335
74851
10866
1667
30021
61607
83834
50556
49635
81169
15693
78603
64843
54399
14897
54008
95137
57395
51387
73964
50673
61477
5312
26005
61701
67605
59450
553
57914
50917
2551
64820
59830
65724
32210
4711
25564
4806
78171
67458
83813
76247
97708
15813
52253
20053
86577
92000
68516
17439
53023
74693
62497
52971
64254
19567
24412
71917
54290
86377
86575
50089
50313
63698
63618
30390
54075
96982
60487
51439
2806
7204
66098
88886
89786
55637
53591
50821
55159
68503
7559
67757
55740
58891
53824
50872
54364
73668
5662
73365
78879
64363
51634
55642
3105
64256
58223
4024
6519
59267
62706
73613
68278
79674
91654
76812
26973
50791
9370
67823
60793
55979
64782
59118
63921
71179
49735
64189
70967
85542
64984
87574
9149
51718
15815
1633
76891
71218
32544
81326
67938
67663
80480
62938
50219
84034
19412
87239
92191
70151
50071
2112
53388
59692
63433
64534
58703
25724
76254
63110
75380
75099
75120
69015
50983
13028
32276
65215
19456
64793
661
57314
81103
66319
54545
22710
79102
68816
29078
32381
70124
18781
61434
78809
77169
61980
50340
86940
25247
52508
15773
56056
81840
93612
9211
57090
63335
60313
22570
76418
73921
78166
23217
22833
11314
31553
62317
97771
51534
61529
19629
49698
58816
99711
69573
79712
23383
5663
26343
54222
63994
54347
72821
70334
61803
61813
56180
59481
71937
31061
61331
89620
53505
82872
49995
52234
21876
87668
70442
49665
66354
66590
70425
19821
67116
50107
5690
53762
80699
28353
65370
60258
62949
70962
67796
57058
76060
80326
74751
51673
51779
57231
82495
28167
58327
8707
98312
49619
25514
2869
12574
63836
57213
9191
21432
50006
58433
72297
82879
53236
50092
70612
68435
88609
6558
73108
61476
59960
56157
20257
13263
56328
58027
4648
19016
64288
57490
52838
89688
97721
15692
56605
56973
11144
67763
61789
84047
77025
2643
58514
87334
16953
52246
83441
61362
70922
82482
75817
74975
56755
52671
98120
66337
78088
84309
4114
56225
79082
95918
52140
72362
26716
31955
58582
49942
97178
84363
64608
52631
64862
58906
19038
15999
13332
15584
62916
14325
68307
57128
52490
94334
56625
15100
89716
50972
67606
95207
51846
65059
58124
66170
54797
68799
25110
77144
88757
50804
71992
27629
73901
62771
22011
32099
5258
72385
55015
70204
74814
29584
89947
7176
66345
20807
29927
72999
59391
25219
89295
18949
74801
75208
80988
22115
21217
56087
57557
61632
8491
73770
61138
84583
15251
81261
57640
18058
64125
73757
79563
2541
93891
59134
3107
56316
54555
57102
15055
63109
88289
79708
68958
8962
51788
55359
89909
72474
68413
78289
58068
13169
53521
54325
61646
71973
75628
57111
18712
60071
60961
89164
55215
22761
67849
54548
11426
58301
75398
75193
73558
65345
76344
70613
1932
58924
68913
80374
85350
53876
89552
53884
19000
66271
80666
2437
54078
70210
58031
65236
31344
97567
68187
71898
23079
83076
12993
7856
72126
28292
54475
50285
67634
50744
57010
24830
57615
52415
11886
68894
61269
91208
59184
54748
84079
97903
83434
57325
62465
23046
30357
53969
5913
66314
72217
50324
90659
70919
66902
52476
91289
14163
66287
55670
4594
83992
49918
58624
51972
18816
26052
63244
67550
52148
91196
74405
77833
66166
67247
87904
61909
61394
24025
73478
65589
60900
87931
27711
4633
15189
85046
11919
17146
13715
80475
99923
74064
52586
51759
51245
55700
73883
72968
8230
62602
63442
28114
69448
50886
67630
50304
78881
50740
54517
31270
57313
15551
67638
51726
8535
64193
96692
72082
31970
74885
64404
84242
86294
54376
50892
86162
29736
58157
83872
51598
27048
12010
81642
70823
75554
56834
70989
54913
64570
11273
57410
63383
18738
72448
11957
90743
91417
57181
78342
70865
10520
69988
57695
62324
60261
65109
63710
59210
67667
69571
85393
24137
69121
68738
96012
98339
72804
9528
52946
10531
26144
59204
51178
28477
27263
52274
70537
51175
14986
74113
52746
60469
53633
75834
83126
58174
75395
79596
59369
61543
63613
22514
25568
82618
52576
79875
16700
78648
56959
11054
22339
74046
75894
59206
57493
77927
96340
92552
88487
93203
57605
79160
88221
51200
56936
60236
51123
92060
51760
84182
57679
63197
67994
75985
56718
81806
60792
29781
23155
14560
52817
63823
52062
56200
27448
60509
50586
63395
59514
16887
60644
6295
15501
68304
71897
81655
50102
61917
77823
59024
10738
83968
54120
50739
68631
30311
30854
54406
5666
56969
57998
27717
89445
7684
53281
53960
21993
67214
85904
11583
70701
6776
57254
84982
80276
64058
50172
72637
80956
54236
86854
76251
79232
55607
73214
16238
90021
73022
60502
14764
60450
91214
89549
24525
81644
85832
95520
51397
76229
61223
52612
52033
95322
74460
86915
99891
9502
72815
91010
88288
11801
65819
90230
81820
17566
51113
7971
50908
81404
19440
30501
8742
57443
68814
23848
52276
50572
4613
5974
14724
67538
88994
53310
79736
56559
81318
5524
76715
11945
20165
52849
94713
56413
77822
62153
24150
28170
17435
79060
51730
76404
22745
68988
70022
20471
79076
91041
16551
99811
54097
72128
62954
52473
69882
29372
52361
71096
57062
57498
17052
59159
75310
64163
86271
63886
52882
32743
14923
82293
16622
50677
77262
73230
91409
64231
54874
25241
24510
13278
72176
51282
61323
75927
8804
62778
66216
32572
62185
55063
64276
58728
64864
97949
56365
67698
65953
24815
62012
69326
59798
78099
66263
72200
56999
1746
84283
66660
61173
9498
2157
51745
69196
62129
67749
63271
67075
12684
94357
67096
63557
57781
57030
57245
68992
24816
29808
23133
81676
24567
2332
53719
14892
5962
53538
97199
2083
14545
3904
67119
63521
84358
61731
56593
17042
55281
93145
81466
15646
52700
96381
54467
51263
4141
10922
95313
70068
97713
30140
30733
78912
31505
55988
70241
50290
75314
59396
32174
15508
59652
81793
12017
93920
58063
98502
63072
82264
51120
50899
96527
54309
20097
53956
66490
70377
24130
6426
66303
60636
73390
50325
81210
50222
73359
53328
68807
76622
61857
53103
54774
13529
71849
22150
1114
84754
99858
4138
60728
25928
55091
71171
64539
59457
9665
81933
93410
59681
7916
74764
58256
92734
73634
60560
63167
1968
10846
75950
16032
68981
79419
68627
25894
56753
61399
57007
65034
75260
85988
61245
50532
2636
55838
5723
57849
73260
64611
60507
58401
58798
55668
76236
90937
73329
66061
52319
30661
79079
68496
54492
77370
366
59297
69594
96187
84164
67742
69649
89921
56976
60309
82438
64627
87577
56483
19653
58676
64955
77804
17781
74917
94098
10463
66802
52335
55784
56994
56222
50662
53940
55761
68730
3001
97276
73781
56018
86783
78051
86332
89651
98949
50337
74651
83373
66452
68058
15174
59462
72134
60784
81668
31460
54387
88368
86787
14085
56584
67454
25501
31740
59961
16869
87709
69298
51333
58841
85460
99468
1257
83492
73317
50700
20763
10452
75083
92138
71353
74136
29296
15844
56178
97780
4600
79996
59767
52761
57265
10627
51640
2223
95633
83710
85873
55541
63023
94061
628
73698
55811
12105
24590
51024
59394
84421
21356
27916
31453
53782
95241
67436
68210
97781
61600
58857
61677
70192
20766
56885
53642
7985
68424
82083
64398
65757
52769
21824
17720
74362
74244
77270
63602
87392
12226
98178
77961
61353
85530
61029
10132
6061
61300
74603
57692
76822
66107
50555
60869
53727
89580
60660
5469
59560
65429
54035
58193
90761
69718
6125
65326
67030
5775
10795
63486
52481
76562
59029
61355
54183
70199
73162
92374
64383
51438
8274
53688
58899
52101
4173
65839
20445
69667
54389
25145
79526
56051
61293
31687
54704
26711
70376
71021
58584
68401
68344
94544
54470
57776
66966
56421
54446
8130
25705
21483
16131
5855
81252
59523
59300
8901
99097
67865
61850
57851
67453
52616
65710
64629
4305
81155
68581
87197
8190
24131
70894
71912
57727
66799
51833
59041
87977
75564
19857
59738
57421
1786
53419
66243
60103
56922
81135
29457
73676
15208
23757
75457
99009
18471
4534
10885
64550
51630
91241
72979
56302
58322
79504
84787
80425
53588
85212
29579
85801
50611
96727
52214
51174
78248
54509
80433
62458
66335
54199
94831
72797
75469
18999
60333
97914
92825
77190
80486
95573
94747
97996
59930
56272
424
28488
92962
58737
84492
1274
53811
78635
74010
85609
68445
26507
58735
77646
85415
54762
29883
78656
84541
51790
55899
25014
11333
20056
32040
67885
68531
6026
9774
66386
76202
61971
27039
93462
56626
88122
81110
78018
7164
82507
89923
65182
55646
84001
53232
57844
23178
63923
54982
51257
27022
62904
22782
57250
63898
9804
57488
77676
26340
956
57734
55233
82796
52699
83755
3921
51548
53292
55901
57414
58707
71805
63312
65693
60380
29092
26259
55757
87131
59987
54208
63475
65780
55096
57081
88199
59878
72323
51731
1739
51349
89596
51197
68945
2937
56152
24365
54457
19186
79593
24349
82013
89013
19394
62351
76467
55496
55154
85125
92299
79360
72409
97784
55951
67238
55550
77227
92339
67019
70494
8641
55950
61947
75005
79993
61605
60805
54245
6452
70386
83666
55174
79792
900
57536
26315
96008
82859
305
82084
56623
59406
59135
62002
60096
11344
30282
12277
86346
62005
19947
64860
98360
69757
54717
54665
20690
54998
6692
70240
55755
24087
69971
30281
65722
94635
61877
73197
60286
52085
54903
53726
67277
32225
16777
85438
19621
63231
82310
96154
88506
2246
84733
61512
50946
55703
20909
78711
53295
51971
61910
62406
28892
56167
1804
58288
14084
99780
52420
59598
52985
56452
21770
77142
95694
75799
72067
31736
60498
60645
89743
75115
69841
78792
54162
94859
58830
25714
85262
68837
55474
67908
7988
66273
92224
94708
88155
52447
67925
30957
71235
85770
76166
51840
52410
95499
65626
98198
75482
97939
15571
57518
22509
97025
63545
82285
74711
92947
50918
55326
11535
72253
59501
52325
94112
74047
72796
89768
52639
54909
74978
92707
2465
72270
99553
6543
82151
12862
23333
54230
65828
79655
52424
2729
4828
69251
61199
73637
61884
77093
89253
19036
79846
81355
64009
64032
74084
11791
77815
56894
80801
68317
64614
13907
60904
69038
85942
90579
88135
56642
75078
85912
69855
56083
63689
16915
55235
93797
81334
20361
88937
83879
57009
55121
66917
68243
92155
15044
85649
52118
69438
91933
57061
9312
74238
22641
63920
71597
53054
23186
82281
70642
54696
85943
59631
3761
74666
22888
82600
51767
79277
1037
68147
92327
51591
57747
87466
69675
63772
76445
96418
18268
70846
55694
64880
65718
97375
12193
23975
5287
96282
56507
57277
58630
13363
94029
67745
88278
7071
55998
51748
80114
52709
56295
78838
94078
84374
87135
54098
24728
64397
54699
51134
51804
89143
79197
62695
18650
54969
69313
23831
57328
69540
905
19630
90312
51915
63286
3913
21331
87472
54970
57816
67302
93675
16520
65160
68494
22978
56266
68615
81860
72850
53004
82187
73037
66088
67188
59939
10983
84563
65551
92521
20328
52993
65353
90221
56218
92878
70579
29063
26026
62841
56469
96968
62607
92855
53841
67207
54101
15872
85412
51366
60532
73266
9826
4399
62496
99815
94110
20576
51705
79787
69256
21742
98891
72543
84183
73995
77740
61222
78699
52722
56477
26561
15819
12376
14501
77704
79707
484
61573
73841
56052
15449
52157
69828
66250
92755
84086
60983
15847
70390
58392
76806
14582
79162
62848
97858
51893
63850
75012
65114
60006
60744
89833
99179
78936
65510
27089
73688
60659
58275
53998
55414
19023
63470
68717
52540
80469
53459
52712
78668
69528
79032
59518
84170
66808
60241
8603
52549
84
9221
32532
63473
59145
54826
71667
31937
54712
68070
59534
64106
96717
89699
97005
68394
67389
51977
8456
53326
77559
52570
62179
30796
53205
2397
23091
82132
85111
96663
14540
78528
61508
8046
61536
79110
71404
65141
56422
87937
17489
80224
98561
52915
85088
2183
23525
66067
59247
18407
13123
68091
57908
71660
79702
64010
53769
65878
69168
67936
54302
80068
11724
83495
75850
56363
75214
16349
29030
29855
95323
73875
68568
68791
51728
82770
80772
28612
44
98481
57304
73029
4106
62646
67789
26085
53855
55926
28397
62990
61608
56168
23276
32599
78884
89287
86596
31444
77330
90939
18127
29541
56478
60887
90315
28828
73472
57928
7995
11212
77088
54971
96490
61816
25142
24852
71816
55964
61873
61545
73659
65515
58177
54225
54540
79998
26258
17078
64135
6592
57022
89973
57804
52803
89944
1235
23770
60550
87309
62732
58600
76213
84059
81229
82614
52565
98277
5572
51574
8378
59146
66956
68268
26786
2601
72149
69825
58473
51509
55883
63165
56845
57678
66905
27561
5849
93371
61584
63330
14854
54672
18344
78822
96040
65874
73893
73877
54552
26139
66105
52260
18766
24638
77348
63112
56860
6037
58623
60459
53798
75294
98808
63711
23908
61456
82708
62325
54425
61164
31589
76071
54362
89229
60001
74663
97053
74038
52194
95184
16417
55953
10502
3082
74853
96259
55388
87342
99452
57023
62502
57427
3039
69964
67686
87225
55060
63872
86121
71320
86791
81213
51805
90026
62188
55069
82900
53559
82917
31669
94050
69189
9968
55513
14090
61735
70141
82357
9493
62973
78545
55111
68933
70301
79336
88861
77547
73078
3040
32271
58199
78303
1620
51610
58257
13303
57775
646
53618
93787
60484
54296
98997
30402
51991
67440
80927
64636
57063
96678
52054
76288
56242
53275
62664
54384
58987
56621
5995
64896
78356
9849
87763
57545
85595
31452
59207
91607
93985
68030
51969
27234
73149
56887
57947
63717
58030
88622
57404
15809
4093
58597
94136
13142
80923
82170
4278
79043
57003
6124
58292
75073
16631
88455
56673
59132
82787
58641
57826
54122
89000
54050
6262
53470
51553
24763
82842
95995
88224
83091
65733
60628
53724
63682
18757
60275
24820
62343
67009
51890
4827
25757
5153
56789
62935
67237
20641
53720
98540
61014
61905
96681
65533
87390
96052
57135
89793
86059
58550
2123
55344
63646
85855
73713
17693
86871
52955
75963
54657
14873
54821
10102
53260
16012
72284
25499
52156
85679
53819
68597
99652
76567
61886
86826
66004
73933
71022
52428
88889
99251
57374
25286
65077
56949
54321
55879
72539
5990
5414
4281
54005
72597
6610
94850
32678
61928
23771
27167
62860
10838
96400
63889
8575
88663
1806
58827
91773
91745
60591
82979
55194
85497
32102
54087
83070
60547
61346
86239
53191
78867
89219
25187
84577
90018
84571
82102
25922
62981
56588
63029
74295
61108
93164
68831
51897
15911
77739
81705
25071
76993
6234
79617
56819
54502
86062
55889
125
74552
53228
55655
65846
53443
55253
67400
18566
61005
9259
52521
75192
54872
52010
65995
55341
75185
76351
4334
67018
65111
23938
77899
15417
69294
67241
53037
76343
52525
81728
74932
59933
74013
98458
22044
73561
64503
67799
63652
21367
66113
65241
57962
26048
76787
75960
58783
23888
24366
78618
63820
51818
52670
76660
56245
32751
74974
62893
20516
58864
84454
25458
3675
71414
74770
67680
21990
57661
70401
53656
52505
59956
80109
88825
24157
85040
57417
67437
16594
55861
2620
7998
32010
18386
66454
23858
55540
73325
71647
72671
97165
2596
68892
65102
15267
51735
75017
3787
93924
78435
59418
31932
6880
91589
60381
65582
65714
66391
67820
91180
71401
80803
20843
12534
60111
73201
25911
84972
68334
70813
29015
27802
81645
12886
61760
75312
71743
610
55080
63754
57903
78164
63761
63479
96223
73681
88540
74769
76394
72942
19375
55342
61074
85067
76665
61277
71256
61239
75255
71905
69382
20556
74727
12477
60374
54711
59653
70367
28830
62915
72210
88625
60114
60199
54273
13804
73434
73595
93949
67813
96652
64735
67730
9537
31882
58506
79897
72913
56896
55984
5508
84602
60080
56804
72258
69657
60357
62105
57373
75635
57413
90827
59488
55476
77924
73530
67851
28824
73682
78967
67810
89390
75593
64376
8314
89252
65439
25207
77624
9614
80236
98152
81257
68750
30212
68473
60117
58380
86408
58226
28374
71902
93285
29483
73747
58166
58526
66695
25566
11847
718
91508
82921
63589
751
65269
53686
61161
21800
55844
64169
73243
88272
24364
89128
82616
75765
77060
24220
63969
80006
92654
53298
94413
22026
28013
63636
19778
91276
2563
19008
79302
88682
84915
53489
96844
77926
74780
91965
51963
30231
56844
87714
54077
60966
54049
56197
66766
87529
10532
70335
87499
75121
53412
17268
95577
64690
90592
71554
96772
23523
63774
83882
55890
7280
12
92758
61511
84084
92153
3998
85850
62256
2132
52774
72058
56269
82611
76978
99840
86788
83818
55996
57171
98733
69381
55893
59825
61736
61395
31187
74500
55686
56171
19731
82169
68207
7496
53919
54734
54630
76643
68883
28535
52299
64919
70266
92591
63665
19574
25491
23362
55055
77435
21380
56071
58542
98736
53617
65382
54305
63187
23068
9246
82352
53888
55698
54300
56480
57192
89360
94303
24818
72165
73446
79598
641
58326
73726
6769
52723
65534
63790
85458
78910
54793
28362
75117
70013
6109
69207
70610
59090
8092
73744
6250
64221
57979
92119
18308
68008
77930
58110
56652
84173
71510
97069
7495
26068
69423
53658
31968
56583
66186
55188
66156
61487
55377
53868
53290
68628
31125
81268
68234
59142
13770
490
60926
52770
89952
64483
987
65572
32030
63778
77713
8705
3899
3755
23508
28861
27245
74991
74927
76764
93007
59734
64805
95397
16924
10456
71582
61379
58384
82635
18245
93669
55177
8991
4181
89587
61404
87723
19646
63693
16043
1991
59080
81299
17428
92414
82305
6866
2903
53663
3108
53842
55600
76260
73348
61448
14586
74105
30040
3446
54320
61407
77682
98001
72472
77116
69681
92110
62075
899
74800
86016
8825
76007
66887
63065
25829
81081
52725
85243
22464
12458
63043
94798
61752
21691
30857
6083
71486
53430
12170
77824
61415
19029
71792
87400
30449
73355
58446
61593
25225
52462
70004
67632
52146
71910
56470
64299
67588
13348
24753
7907
76984
61040
61140
20944
83399
67162
61981
54669
8484
61240
91658
10897
22597
60462
938
82033
15640
27164
72608
86431
2232
69906
62352
6033
79677
195
55504
65973
61206
78428
66812
62937
78575
92134
52352
1371
55374
78223
72746
68710
11104
31395
62512
63859
55197
76196
56409
59282
92431
69041
52256
57237
68299
15246
78230
58713
5139
9308
55615
74911
69892
65431
96664
62662
52273
83565
94211
60281
3694
70139
30981
22767
82379
52706
67385
26116
24337
55707
92838
90801
82478
54366
69656
77769
77420
57294
54759
53140
66663
52581
84375
64263
63631
87024
59408
68506
71804
66534
14816
68707
63745
5807
54081
85114
53043
20449
58419
56710
63402
98477
67833
92145
54836
67305
53405
62528
72493
56919
54435
57884
85199
5509
57275
88980
22625
81537
67556
76736
82518
83653
52745
10379
5793
52329
66711
66733
56103
73686
63277
73956
92244
66776
70490
59513
59401
71552
59175
85714
32176
29869
94324
56669
23249
30406
69272
64727
65802
55169
69371
91148
82296
60773
84834
69312
70424
68397
79763
5918
83162
22104
53168
64066
18144
86615
54262
77956
88688
15250
60618
53533
60396
54285
61499
59661
15233
69377
8672
77443
72837
87030
61712
17681
53093
12354
87565
18281
59242
28019
61193
65249
30409
65924
8400
23282
72144
89822
65600
15024
55770
95924
71550
85856
59303
54372
9524
71107
55222
14807
70540
68939
93780
19026
56858
70724
82664
76586
64940
72280
60538
13915
53318
74358
70583
53274
52665
20305
74024
3138
74783
94302
89557
66076
79608
76849
66867
66476
69281
61204
81931
18263
94878
55482
88953
58238
6060
1268
56760
59189
31599
80353
7815
7551
73076
95433
53389
92053
58940
73708
60680
56663
86973
75612
59587
78896
55352
72141
58825
64846
53331
80805
80754
22002
64423
84676
54270
27625
28499
99315
67894
12130
74049
71843
29794
21559
13982
81986
52832
71878
68977
29665
63314
60840
57020
6846
61446
67347
73033
18441
58848
73175
75515
58977
58986
54841
94700
65166
72651
10073
22611
53605
59094
9822
30959
84753
97970
52517
55918
57744
14424
58875
54936
54782
54791
72061
55013
26240
25996
93618
7073
89171
15466
26439
95733
60765
24148
64277
24194
61427
70414
55577
78653
67100
57161
69902
52463
65216
72091
65532
59100
64115
97349
78095
71356
99579
69428
63565
67892
7026
91641
81503
83367
52689
1199
89075
88093
87335
61723
56444
198
8478
73878
82744
68171
65566
63291
86882
83380
97915
63135
84983
63064
339
53785
54767
74190
87718
70350
28565
559
68178
67095
59248
81478
53120
54301
63864
14295
63858
70279
5192
81417
24219
71446
29787
59601
62033
709
82688
25001
84021
6754
64969
82021
75615
62837
56141
54281
26345
62181
61335
64810
71336
72057
60811
24270
627
59151
55852
68824
80634
84687
30223
63935
4058
84990
79611
67499
89971
92096
98244
18733
69186
84657
26234
66604
54390
25516
98940
16316
80032
90752
63010
90778
58407
52733
82919
64686
73508
68305
75322
79020
9898
67112
21506
3070
55172
21465
82218
87437
55853
66469
61449
55145
13030
78458
66505
80046
91529
73618
71867
79952
56325
58628
87150
56023
59596
90833
69059
68382
8576
53012
56558
53561
59542
76256
17911
55004
24063
57376
55193
5851
83856
54604
80158
30570
78563
97214
63
56641
70232
58947
74848
29857
59975
27929
14593
7498
59840
56312
93846
61238
18256
8468
57015
2951
83347
80212
75973
81865
23828
54105
53354
53031
7557
57290
77441
70916
67743
84978
80702
75460
75953
15136
59240
79018
62619
69384
76700
65652
54176
66037
65936
7429
61842
31833
68543
59039
19895
82253
98285
29934
54499
73596
72653
59201
66809
18607
54875
65026
70958
89760
68934
92396
80533
61396
78238
11645
69403
67719
75703
7141
59238
66526
3384
24017
54360
26200
25255
72877
88718
5419
88277
87742
20157
84324
57011
54377
62238
63891
4978
67321
60519
70811
82647
62180
90287
21446
31994
86921
73125
6507
65806
8505
56298
75098
72595
57529
69716
27911
63715
59177
30878
74371
74730
55936
31617
28637
65055
13446
75033
52738
87298
52957
64073
24631
59467
23559
31322
95066
78616
70552
66056
85950
1797
88920
72833
59452
31201
4435
92753
73580
26746
56347
14876
56746
88611
60415
11694
67668
62276
21703
54385
69541
67972
91887
56690
66089
8423
20193
59023
79086
24644
76980
79105
4221
62856
9
277
86053
65494
54968
20232
19546
6279
17769
64473
97894
74489
54223
7262
82537
69512
65217
11612
54451
75489
56525
52978
68689
83170
63249
82321
28579
60608
57542
86815
92167
68232
65542
21587
74671
71591
66148
22057
85124
58608
59417
55610
62187
68040
14541
59140
7441
67498
2667
82610
76253
62177
61110
16197
9863
69522
65495
84407
21189
27015
80216
63203
8316
9544
71189
60447
88562
84291
54904
74998
93521
84968
74936
57939
84709
54897
14743
66325
93405
60616
59276
66235
75664
54386
58530
84747
71070
60586
18615
70879
84760
88326
18782
11572
80231
28578
98595
85623
99813
81742
72615
57246
24001
60580
90271
63567
93355
64060
77460
65658
55505
66953
11698
52969
57834
98946
78727
31597
91639
24212
94269
63079
84494
73002
18239
1352
68256
74222
90166
58968
60807
10287
95294
27957
59164
62686
59626
56193
26862
28596
64109
57197
80194
58244
87068
60689
97207
30504
67369
76001
55066
63295
54481
69676
76844
86339
81771
24394
8875
55989
61217
28775
68685
55644
55676
20246
95770
27114
79204
68432
89323
78615
95308
60572
54233
58313
14428
7857
94934
1870
15332
66727
91926
5264
75256
55565
76790
10493
55685
75079
66165
87562
81893
12586
55247
75059
83032
58625
98402
93215
78589
64385
61178
84262
93255
28776
96191
78949
76257
11046
57267
28204
85620
59655
64677
55728
9812
18980
69531
69345
55153
59934
19684
65376
55421
56078
27204
66877
26547
26804
65298
56460
30371
89467
98
59402
56310
93721
81833
63390
59924
90574
8556
79468
54020
5086
78337
73638
53644
53170
66883
65686
54378
92413
88706
10450
86443
17700
7686
94867
55385
78346
22299
76050
76250
54317
66453
70787
18946
20326
57203
69209
61310
61002
67173
59383
64325
56150
82075
820
27611
57353
2734
58895
61678
72177
87707
18061
71158
61651
58300
77008
96915
54662
73153
98062
57423
87966
65129
56029
54139
62206
12829
58973
10971
71128
75169
82087
58056
65045
10415
55113
74021
59950
12435
53503
86244
61308
61688
75441
32247
70179
31433
65984
7814
67185
91162
87354
99820
53410
62178
54355
13321
78441
60140
66914
93842
79498
73256
62369
90369
66679
58488
80347
55092
67372
81952
54822
64244
63906
25916
75237
53917
292
3770
98218
57622
88040
31425
69515
55289
5564
61364
345
62963
92377
87192
21193
71876
27659
79411
65538
80500
86214
70735
5145
83214
64265
12081
77252
73087
62379
71071
72020
61115
32645
1109
21665
9283
72047
89887
12386
60855
95647
58076
95938
62853
75714
80332
99852
15651
53974
4880
23492
84970
86761
78242
74886
89494
58021
2267
22776
13605
92342
732
84552
12527
32704
65823
85616
96046
75594
77343
11538
91621
57848
97033
314
70692
76476
74291
58658
76301
27623
53209
55256
57864
66226
59359
3150
63630
29598
19297
30884
67161
58766
61644
75170
73514
68440
62782
83770
59693
70584
61640
72440
85344
68364
65131
72506
76893
97051
20138
31050
61962
57815
84930
9296
93313
19079
74513
55212
59330
68152
14651
94835
17522
75487
78556
65248
27095
94943
63615
70730
78999
92523
18529
67418
4631
68985
62424
61967
70720
7521
67887
15696
8642
72873
64555
64373
68688
57083
58516
14321
24539
88317
93821
56565
16202
75427
5481
88586
54747
10104
75838
12487
81079
73992
14384
4253
29706
97796
76162
80647
90111
22770
90437
56677
95025
65220
29028
60304
56307
85062
16697
83950
66706
68293
68529
68996
66822
54965
86591
60284
2098
97595
31424
97469
71149
10850
71103
60771
91185
66890
32217
79771
85327
65809
90158
19509
5504
77239
56968
54546
72929
23054
70535
68188
62401
70173
11124
29909
60759
55042
63672
28638
73515
5223
9009
81317
82889
66640
70974
72560
58795
85475
18828
56893
80939
73502
77773
64187
62425
56042
57240
61401
81209
85691
25003
70788
28856
54483
57438
95345
77546
54568
67683
58212
64388
56902
55129
56920
55813
58044
57367
82436
60039
83690
7982
77055
61305
98557
16046
17712
55977
63275
60720
96479
68162
5176
65506
88492
61613
56432
62191
73727
64315
63488
8424
71383
19143
61473
55072
58323
87792
90125
76045
64387
81499
57728
24377
64719
87034
60859
54653
54919
23675
17368
59166
95355
80306
65657
56407
13079
57032
7406
54558
94106
14887
83966
60642
54649
67172
64289
23058
60154
68665
87147
11799
59782
53772
60976
60136
68131
21391
13612
67085
67286
10661
26721
53975
58908
63771
60168
85187
15088
76110
58381
97765
7151
71899
71874
17516
74699
94907
79398
86712
53604
68133
60067
58296
65101
88862
62811
68525
64101
653
59382
85848
3095
79090
28007
56204
92894
94276
99322
57080
78473
7689
77393
62718
86116
66553
24658
31619
81969
9591
12880
55968
55248
55630
21619
76601
81402
71732
81831
28284
71974
3789
7680
78021
89024
32141
57272
67765
95149
5808
15021
29784
81963
53889
62961
69921
29811
64948
91637
1565
8446
62740
85878
56707
74494
69909
56449
54187
22910
1128
58125
57354
21072
61809
59216
66083
19538
60873
72231
57590
59755
61039
29298
66394
82844
71386
69901
65958
14055
32243
54212
93922
67138
56186
59463
99021
69440
73614
55921
70289
82522
57587
55302
94861
8980
64923
84099
59106
55925
56907
69120
56930
66439
57035
18552
30460
87597
60790
55992
85520
79196
99803
63956
32187
62041
74838
92326
81142
18149
61897
79181
53628
18818
69139
69938
84952
73048
63975
72491
26512
56267
80094
10817
61290
27210
58731
85055
55625
15401
77328
82612
58981
92361
84181
97712
16559
71236
18171
58386
94567
72508
81675
93335
5566
86258
58445
56723
97707
57923
9920
83290
70114
72613
6598
55884
16798
68682
21124
65997
95645
73911
56236
62282
66236
10539
73488
83320
75825
94250
66681
76942
64994
62336
75726
10900
22701
59141
90431
74329
60359
67066
78858
89657
59593
53821
8199
5901
73152
3430
62421
25849
67263
3616
90821
56492
74400
73244
61393
83537
62083
54689
56401
9024
87865
55009
7191
57759
10581
64166
85752
18110
59701
54034
73366
54850
94543
65140
5528
71692
61668
84971
91274
78158
54917
77610
13165
28694
89447
61072
75762
77178
98241
99010
55418
68588
67306
80173
59293
89461
83788
29221
92006
29967
88656
70926
63242
20020
69636
11848
74501
59411
75472
94856
15424
5021
25427
62108
73145
71969
77472
63531
95807
17413
3089
27819
73036
7363
7345
70388
64509
88990
64219
77286
28954
72723
10408
55165
55315
3876
70616
26855
78670
75955
13117
27169
78490
59660
80102
23179
22437
98103
88474
89927
77293
14227
54150
23978
76176
54193
61846
57249
89546
94434
93024
64495
75426
23542
58838
11258
65509
62871
77920
81596
77504
54879
7593
91597
64021
72591
74904
56750
13888
21200
63596
57422
28195
942
55643
54016
20801
54055
56857
54268
80603
61978
22675
66817
64040
77729
6181
72081
63748
58803
6201
21886
63669
86301
66253
72426
65861
77690
60647
2254
57330
60666
14451
11955
76924
67493
4728
63848
70779
56216
6589
83971
55471
69923
69111
832
32123
57941
67190
12974
79982
73382
91221
15398
7634
88681
4403
23752
75934
65414
94886
68893
99745
88512
62051
9728
62671
32240
99006
16912
64638
6677
17157
54373
77392
92592
62224
88963
28044
88423
63877
7812
98442
59559
88956
67958
57594
64408
68120
65791
93071
29971
89104
62314
23208
24685
71995
62472
2037
56436
15353
67957
71469
56027
4408
59030
7750
13243
54500
61032
96858
59792
78434
58755
70189
58295
71953
65890
86167
67676
94964
14958
13068
59628
20838
65253
86729
9085
90094
85286
60587
19338
8294
61249
9349
5989
77138
75190
71114
8606
60095
15841
56219
74653
60542
61955
87296
68815
61406
62711
93541
90601
66780
91299
79833
60363
82241
31967
88367
82322
81702
62171
92252
1748
57538
10188
10810
79037
59274
28272
13130
70955
56578
56599
57000
13717
15886
88218
54561
82490
2707
4061
18943
60948
26675
58686
19450
57551
55002
80983
86750
65990
80381
65498
79575
59875
65897
30734
68240
75436
18430
6990
28349
23617
57166
87640
97769
57787
81445
56570
66312
75636
69600
92160
20416
65245
61236
6550
57360
58942
56928
64895
8728
76429
79268
2759
11822
69992
29697
23225
84482
60662
54988
62464
8476
67381
58504
29933
85253
17645
10120
60153
77782
82440
32496
31434
73314
79937
63373
767
85244
91245
64785
54885
92142
55818
87321
80808
73250
71759
57873
72825
31382
24338
95119
56736
69379
76377
59139
74550
7322
14860
88157
56727
89848
15337
69877
87362
29349
6491
54804
12456
67123
61808
4761
83093
59331
59908
67070
60290
69689
74324
70359
87488
29998
3627
66678
58691
25982
84880
66019
71389
28910
69796
17923
63533
93660
85788
88476
58359
59190
17110
87968
23403
6738
54591
82944
88592
20608
10733
66499
6202
30938
24553
56713
57597
57819
57687
83973
56933
62708
54667
78638
17069
62962
56288
66691
60405
62852
55810
63895
55681
56142
79191
61242
65744
82164
10374
56823
14100
93771
78743
56501
19235
81613
2640
82738
6247
16229
69738
99865
10701
82972
55533
61568
72542
57416
2642
73679
86222
22874
6314
25344
69383
21434
64741
95402
70410
11069
80959
57195
14047
78941
60231
71136
63091
99856
66495
91669
72496
8564
14287
13960
57129
56364
4555
74646
84476
28156
97515
58080
86581
11546
66837
55894
72649
67808
95766
60504
32437
79164
80271
67175
28717
67361
59654
86421
87401
69782
65910
26850
10407
62927
3869
74468
8762
82441
57882
71909
71965
84914
98581
12542
86978
83249
76737
25140
24791
2176
59387
59741
89606
32679
83240
88844
87
67913
59760
62768
2292
87220
61350
20392
24021
59170
71715
65374
77395
95879
89383
65336
63238
68755
69562
70819
9411
71210
758
70753
27151
9767
80370
62119
54703
75325
81420
59986
64469
62437
59832
61874
77786
26807
73311
20785
55797
94560
69623
58418
30779
63150
70371
87564
82891
70161
3496
61524
16186
83846
54989
65943
67914
75754
82448
2109
75609
55911
55230
64713
84147
74032
64620
17424
13016
65291
61870
2678
83518
69500
55753
55100
9709
10625
68519
77013
85640
61455
88095
55814
59290
94752
70972
74275
76281
79568
97115
63674
58149
74382
22479
56112
57281
70832
58470
71873
74557
54938
32325
64913
63428
26110
61221
88236
55447
27550
62644
70218
77609
60930
96933
55617
13889
30477
70021
60332
56729
77372
61341
65262
64507
57655
63331
94172
56488
65443
20717
31655
57371
62753
10086
56394
14751
73451
15371
83360
22769
2959
74274
174
81758
5651
54615
55039
62993
86511
67406
60520
65955
76114
16767
74826
63656
12217
7677
90167
54607
62920
75064
4153
32660
22792
79532
56818
75267
22018
92536
74040
81819
72726
21783
55701
73939
60226
60090
76314
80371
16813
90151
99592
55987
67705
64827
59054
55107
69478
10293
22506
64601
65365
5404
75551
86865
65628
58417
15419
85600
6551
69975
57773
71367
20429
56841
95021
68004
65484
99091
54986
63477
66153
58963
74654
72783
26279
69411
94036
81149
98980
99229
79316
86532
76360
28808
80358
11651
81595
6957
57970
81882
10201
78394
58811
60899
7050
81791
69779
67776
82212
59716
81020
5196
96371
64155
99809
20788
93737
89397
75061
97079
18248
24411
98364
8645
89821
58402
58338
62697
81308
88251
86160
56852
88572
83158
55935
57792
5114
58555
10528
62062
89361
5719
9121
55387
7054
97703
55099
25272
94961
65390
70886
73453
27383
98668
79929
75931
1051
94137
61670
65128
83394
81373
71793
22021
60255
85153
60663
62121
61114
94597
31876
78220
98318
69198
60969
22737
14977
78170
83096
59761
56330
62765
67678
88773
15215
11970
71791
59765
84179
93471
99774
1905
73569
69219
64293
88878
67655
69878
69409
77019
65908
57323
60950
66344
90435
61367
18734
31847
98818
25606
79290
66017
21442
6254
78380
19984
57753
15946
55458
60609
64515
92834
79044
61931
15022
98571
67702
65086
83385
58485
86920
62806
76238
78542
81610
19411
28145
78828
28685
57403
29751
85871
60780
69395
92197
20603
58627
66347
1428
62683
63027
64929
28041
1714
75913
76370
83120
62899
58443
64099
74524
5483
99479
70267
57514
95588
69535
64392
16997
26612
85009
63676
64424
22063
79117
55806
2916
9724
68451
64447
691
78105
56086
18922
55379
57253
64878
58251
74296
75167
80924
64760
56996
54890
60022
73615
20701
19786
66316
56378
56921
64582
60220
22169
59110
55362
9683
65665
67067
62162
10257
66259
74458
63257
79722
25390
12885
32273
77196
89449
73038
77738
73249
7891
85762
15726
20411
24500
55173
62785
62164
87776
78913
26381
76117
59343
21776
67826
4666
64834
95078
59377
72729
63947
57713
18120
92712
67367
67559
86693
85535
71045
74122
26784
70432
65356
66547
87201
74148
92846
31512
57415
25493
59147
71781
56916
70547
27997
24311
63899
95228
65076
63530
73476
78041
57637
72559
89263
64879
16408
78461
88780
20730
95739
57546
23033
57961
30864
76061
69144
14683
78864
14087
21653
12866
59625
3985
72748
1564
67296
63412
60432
98772
56383
57656
59361
85740
72050
25835
13048
71331
79742
80135
72188
89189
98950
69486
86582
2062
13377
4526
84280
68523
85318
66671
55778
63422
67564
78131
55163
4133
61058
86539
85953
6444
17901
99617
295
12578
80518
63817
28128
16586
75388
76751
70347
70091
76825
67615
91493
78883
57772
76295
60148
72755
84797
59357
28523
97807
66029
63235
67944
90590
71928
86880
58937
86805
73680
94049
4830
63057
24058
73862
91906
63706
65965
66048
29270
72889
11806
86395
64057
95347
30976
15161
63591
88971
19121
76989
20508
61302
67284
65501
96970
12079
21603
31188
55862
5188
99703
98405
97408
74622
71304
74746
65246
61267
73204
92275
31546
90686
22718
88389
9964
65504
61241
63546
57308
62798
59360
64287
78278
98520
23489
26987
13953
82343
65183
99980
5028
8976
23762
8013
83613
62890
55487
60708
93315
64510
75293
67672
59926
57973
72227
66463
59107
55779
75342
62529
27469
12244
57938
59335
19074
62764
95574
1024
71456
1019
93393
85269
84560
12282
21183
76923
60838
86843
73874
9093
74138
80758
55001
59642
65074
30493
73198
69792
20490
71966
66752
76333
676
90078
4134
54984
87522
59528
58675
59571
4490
60142
69465
80781
60191
97624
68150
76820
66134
16181
86925
87976
8265
5109
21359
3091
56665
32244
70617
95016
59268
22219
76178
2633
78440
84592
73018
14234
61149
56719
65001
76581
64954
85178
79135
94469
90880
95029
80566
25914
68348
86317
86394
55426
153
280
92245
58352
31752
65784
16878
63466
12608
83659
66863
81941
61459
93440
4960
89158
82377
78554
26667
90165
59931
65276
59921
6310
27792
61210
72182
62925
62651
84745
69617
56373
56270
30497
62154
61684
64285
59250
29471
30987
67636
56590
88992
845
26413
72073
64770
79493
6655
68853
76083
71489
1650
92234
7145
88260
21044
10301
62665
84316
26962
69674
20684
77474
27906
68491
59505
73567
98445
65519
59887
75329
85685
18222
62877
76613
55772
92471
140
25437
64979
61891
11966
77137
58573
55688
11496
84725
87722
1100
58218
68470
78537
1848
69455
66192
62657
95585
77154
63162
63624
30157
91994
72302
10211
55327
73437
69215
64361
60627
89492
96505
72215
59168
2131
55443
65923
19046
55687
96303
4003
5195
66842
20956
67869
95557
63338
73974
72963
58184
59769
88160
62019
68896
61175
88695
83174
70671
80871
65240
93005
82705
99696
99788
23916
68813
95244
93988
67026
55788
93057
64666
18845
14128
67449
10603
10434
96175
82885
90960
64917
73419
2128
57361
88424
27284
27330
78914
32158
73936
78286
67074
76599
84643
72438
67206
31934
57756
82271
79437
97772
81584
63008
30044
70645
78374
86766
57432
31969
62271
61734
59820
9108
5542
56509
59568
62557
79602
16539
79087
56576
58525
57811
61452
69837
70726
29627
31256
71487
58890
96672
84632
27084
30675
86009
88713
30608
30098
60643
58375
15142
16033
80519
68497
81935
75387
59704
59065
79139
84537
71653
73573
56393
59914
70911
76474
70717
11306
92488
83030
71935
2177
64180
59354
64680
59643
31595
75101
9657
93304
78110
93565
59472
87770
86499
56911
83497
61349
55492
55708
88116
65415
58343
25
71547
75153
85165
4233
69142
66042
69646
60101
29323
72193
59384
73146
4771
16718
27426
63846
62992
18224
90060
64529
76385
16764
67785
65251
56872
3049
94309
65830
58552
55789
84392
61581
56198
76427
80986
10784
67646
62604
87279
91122
67921
25766
7318
19116
95192
69734
99170
8927
55628
61642
69749
81624
58197
82648
70475
80448
58771
92181
56611
2821
77798
21651
67592
30662
763
27241
76411
98622
5236
56553
65457
25743
29667
6115
77970
72206
70520
55771
24095
10193
59520
29644
71293
23027
28042
73330
68603
72060
64249
61703
85678
65763
94977
71590
88182
80067
63378
68821
2518
5445
20760
80573
10085
81898
71766
96643
66549
98904
75818
56882
66577
71018
63396
3621
80591
19271
72668
56015
66959
57982
86509
69161
65664
76369
65899
14654
72725
64320
31874
68537
56567
74426
55430
72865
74623
93851
58367
61289
71198
26514
66729
95721
69771
32104
98168
64292
86927
6588
84528
62828
71841
14168
18435
83726
72398
31747
11431
72742
74526
67081
70632
61445
62201
69950
79872
21146
76535
62254
5117
82534
59861
67766
81181
76761
298
79293
84251
74891
74381
72129
24819
62388
74957
57716
98775
75354
66135
70620
64413
22682
89531
99055
89028
89255
30606
63750
85847
32478
96351
4291
82277
72790
63089
75304
95101
63211
67446
88245
57305
62042
92226
76730
29119
29602
90998
4156
7510
95054
26638
1499
23512
81788
85471
18716
79483
67710
63136
63233
99347
63301
88720
82634
70568
92319
24233
63661
57381
27869
65339
7130
29640
68680
3217
68556
63558
22010
21995
55545
61919
93297
67583
20734
57426
55986
68319
90143
14426
80718
96519
78505
27989
493
62329
8676
59917
68112
63036
75910
61069
31237
57766
60252
79221
58170
64971
6969
14953
6497
80341
77067
61274
61079
65982
92445
69547
56532
83181
79809
61749
8590
77644
96504
61006
2984
19766
9658
73163
59616
70573
63236
9677
66122
66385
60457
64599
59318
58494
55864
88772
19278
73815
58945
99945
8320
55929
80934
88133
5734
99081
8226
27691
88137
69344
59730
60285
89356
31231
84459
61597
22934
79141
31691
72926
74260
99755
56374
68442
55956
91792
58022
11718
11578
21135
56174
5211
74467
69004
63063
798
56717
88679
29856
78366
21204
62625
68079
78960
67149
26485
59217
78206
55734
79187
72630
19399
74931
31588
89512
67196
64595
85177
82291
56447
86297
21036
92067
73578
15982
92613
57366
12652
63345
90055
71949
62842
73970
85411
58546
56995
16198
58028
68756
15470
61645
984
74720
56009
61756
85211
69968
67590
71850
56680
57951
61122
57065
92437
59936
65264
10194
61012
66647
80878
63033
61085
70035
57117
60423
21543
15645
85335
93744
61307
71697
83628
63937
56308
62067
63081
97146
13474
88957
90622
12648
91611
21430
15944
3490
71308
94646
70152
64562
18043
6795
92055
99280
58594
19099
15188
20046
72768
31315
58712
80047
79950
61194
18984
56524
27290
61322
92359
58188
57723
84500
78904
10298
77557
66311
1949
72055
9991
62132
56843
93938
91988
79273
150
75136
74949
95640
66086
60814
18941
65866
57623
61297
90016
65003
75919
69520
27798
63548
56791
76641
17417
68786
86031
22106
27106
65208
60138
4642
64410
94490
62461
74005
56600
62267
13919
2313
71267
73854
57458
70768
85021
69353
70861
98676
60233
4289
27793
18963
64817
76087
69913
68404
27177
12464
56580
72262
28389
84097
66550
21211
70606
60366
78007
71449
92782
59965
77304
77764
90983
58631
31807
10166
4377
96083
64335
12339
15777
97660
58714
95609
70194
72938
72817
67143
65754
75297
78035
66414
5182
57601
84348
65900
81689
2386
64197
65884
21733
75969
58938
64585
79887
27634
84352
59619
57817
81381
5239
5538
83946
71795
62098
66538
59378
67700
6570
60052
25208
8667
95715
93411
12868
71958
71219
85934
63020
18337
71453
56345
71610
56144
74224
56696
26570
99924
80328
32306
63679
77105
1772
57694
57530
59115
94593
92187
13633
97545
56748
75522
66472
72455
61405
12118
9552
18105
83282
19597
85582
72666
59550
69865
28943
57757
260
72461
62321
22416
10280
84792
66085
72646
58350
8169
69709
68804
73494
63258
64889
66445
79927
61671
68861
71024
7841
57501
19897
90832
3432
72221
86418
22239
85954
56518
28566
82143
16773
60235
96514
3872
59945
57593
24101
58777
94894
57748
99248
81879
12681
63481
30628
29689
58155
21345
78213
90523
66195
29408
4056
3350
73860
90097
59529
58634
69570
11094
10632
67817
67684
73989
81993
12837
27850
79447
16383
65482
12834
65218
12628
57234
22384
84222
79898
64640
68544
57521
59340
76348
61650
82095
62835
76006
11455
58268
58931
82367
76558
77706
58376
77412
5656
72871
95400
64390
59263
28912
98299
83768
74988
25052
56205
76378
66245
74094
82145
24249
16727
81876
17998
1717
16241
15047
75406
950
60906
61026
26919
77751
29509
63753
56807
29379
56130
20159
58995
88159
81829
5711
18746
30181
89922
32562
60486
59764
5146
63206
63143
94670
66467
65919
83860
88760
80506
64492
61918
20651
12298
59052
75182
87578
99512
57983
93387
64506
60213
61019
98205
76707
27815
83620
20809
56154
89956
64998
74327
71972
57707
17852
57668
28355
17463
79684
8649
61625
12283
76466
76729
61966
22183
24571
58397
96969
10674
20552
67046
68007
61628
60164
67086
70423
79321
8465
60901
30863
62203
97575
8194
79448
18741
27128
62222
15313
27674
78759
69083
83925
65057
75753
89435
57221
17418
18827
97737
82992
65643
75661
27032
19498
31266
64663
95804
96167
19949
78049
71199
65524
62490
59385
60860
58092
61763
89342
67915
71281
67721
61442
74852
67150
57165
75625
69586
56586
65709
58730
57326
75993
59093
20448
2120
89733
73548
92685
25877
86594
71631
86030
3937
84365
90368
66241
58194
62023
80143
28764
60879
11540
64365
68167
16541
69152
87477
58953
25453
64474
58403
63568
99493
83001
87111
96741
58513
70808
57592
65762
81212
62444
63294
59283
58090
9723
56278
71721
86109
94521
86469
57143
74636
87210
14508
60731
59893
60845
78974
31275
28568
19114
76407
66935
71870
85635
67724
82018
85736
96835
80840
74554
84609
88142
61429
73323
4558
7229
98509
79762
16761
68731
87366
63013
21093
57885
60603
61136
71690
2003
74973
76507
20626
64747
66731
13340
56979
23148
59043
8057
65623
57585
95011
63996
57467
58649
14115
96039
63430
85321
82364
70909
71676
59592
25936
20040
57465
57509
66932
82485
57029
62069
79582
65041
4784
62898
58664
91414
28923
65037
86619
86123
63587
77179
66012
94579
86479
20685
28767
57145
16929
76829
58000
29106
91907
76497
64886
99880
59575
67836
59948
58544
88082
28240
95217
60854
99404
22707
63004
10890
99304
57224
65639
18511
13563
13512
61604
76624
57986
16722
28818
4227
71077
87777
70089
2820
32227
61389
56355
62540
80579
91326
95309
92450
81535
60150
98770
92026
59817
58078
75756
64074
57349
93867
57621
69904
81504
77423
8119
60113
59555
11758
16595
6044
8987
64622
65116
74141
78020
57784
92010
99473
75867
60582
17485
93865
63962
64327
99808
18452
90586
87463
31249
79668
7784
8447
92157
922
63642
56965
67755
88449
78210
61725
93344
9576
16434
22475
99979
97419
61525
86641
56497
64331
93395
66630
72553
1955
58319
68633
66721
66373
68684
88677
29209
58693
64175
77111
15830
10903
95070
87164
68165
10262
82085
74221
10718
60161
71614
66136
69477
84438
66613
70032
66924
16801
19188
25682
56817
81632
24589
21441
63121
77685
69200
80990
74525
57671
81005
60078
76602
72642
93934
98802
95880
84235
59698
14195
2265
56782
80538
26167
73361
16149
72447
10308
66397
80529
78634
16430
8553
67682
85138
91383
69474
61177
60243
89846
3552
64814
90688
72089
74950
77971
61989
85272
74685
64978
68887
86651
58084
27824
16896
98427
91790
78595
29891
95767
77298
8863
59941
75770
60083
81725
93617
7732
82789
58660
77757
78094
68911
61590
76615
80255
60208
64432
25598
79997
68271
17388
32618
65614
64937
61601
59015
57971
63649
23692
8105
80567
58117
24972
65173
72355
81753
58733
30405
70060
67210
14619
91082
86250
85392
67283
58109
72915
68113
94446
32072
85270
77418
21351
63597
89051
58034
63789
17772
63246
70075
71824
60434
91497
67842
77164
59723
74096
9501
91948
25474
63212
99732
64750
62281
64409
58369
63930
61675
75048
72071
68924
32646
65742
70143
13678
60898
11504
67205
74530
21205
70453
14300
75676
11706
83988
26029
90477
78178
32684
25010
78180
67904
66915
81035
62006
79522
99702
76286
96506
10679
64659
95546
21856
60895
57012
58328
62558
82186
65361
72211
67492
57901
14358
25722
67504
89039
90690
15318
66687
80144
64482
59407
93543
64148
82403
31000
90212
65179
28757
66459
87146
99510
64535
19117
76607
74298
59787
57813
20225
76246
17873
78175
61461
71787
85715
92666
30996
4893
56850
64738
58559
11059
61465
72181
31569
64973
73079
9772
74249
71106
60497
6574
86599
79224
4286
19601
9890
17764
91374
64238
68565
73025
32463
78870
2803
70917
60203
59224
69374
72919
88141
28323
58236
11547
9795
3530
68697
31776
68825
82970
60219
75865
57896
60758
56848
64003
68355
60466
18480
83630
5796
76338
93840
70047
20426
62166
62795
67621
76831
74020
89497
58965
83859
58114
64310
3969
69895
12779
77419
64571
95377
32392
59102
14661
4718
69432
27763
87193
60822
62984
81886
14344
32257
75491
16435
58098
28027
82093
121
65772
83725
88029
15271
31536
29289
60395
74434
27072
67829
15467
85597
23871
70446
69115
31609
58635
80501
69768
79915
58645
14757
89076
91851
77831
58688
23350
68074
57222
68314
65394
70002
62368
13492
60125
20674
83567
74894
68498
59603
22318
76816
21474
62050
96184
58970
73460
67470
59021
86118
1393
62884
99915
32215
79384
99018
17082
63552
77809
29273
23970
73594
89113
62621
87587
15382
63216
28271
77639
6587
73818
26405
30499
20032
744
92631
60289
26049
25859
12246
85564
74588
88846
59837
61481
87808
58480
21114
58064
86184
67113
60409
64961
58059
29429
13471
65497
28756
59889
84749
21173
65945
85498
82683
81744
2350
89608
96075
60373
70136
62170
21735
6350
30207
87846
80336
64523
66749
73535
16362
24634
85414
79485
62244
94808
75161
64023
15149
19527
79804
85890
17760
73103
57743
18860
70294
24581
98799
57456
5247
78834
62004
95565
65123
75372
59617
11245
65462
65337
79813
65833
98935
30180
68987
93190
20731
23477
65171
83631
71176
75425
58826
11716
16788
63123
64989
71330
20175
31649
57853
79583
95726
60630
22289
84877
77555
2885
71764
24198
16410
74318
2029
91020
71753
97789
78355
65552
64362
3321
77175
58164
74019
67203
87097
30149
58787
68849
63410
67802
69342
58556
90733
92441
26
17624
82297
75326
71380
65619
59176
78832
8198
30000
78940
99305
63970
84856
75638
25713
62987
20547
93208
90005
62868
79431
94681
21830
57479
63824
72289
72807
76364
28136
62468
61596
88181
59496
72948
65281
4869
817
31902
64096
22297
4541
98051
90010
22574
57894
5665
61298
65798
60035
8917
86135
26902
32145
80415
67912
93505
77697
62870
84125
68176
66726
19039
98556
90309
17567
99676
66220
79920
16016
59977
87409
74257
99250
62574
74133
98919
80310
15379
5064
67264
90719
86653
17370
64821
57843
65550
74740
70246
62933
71833
3214
74555
91398
64245
78598
66763
8651
84955
60767
57870
13140
72424
91752
58960
83499
88065
70169
63880
74485
63724
87476
78255
11449
85567
70705
80163
81059
92630
63348
57307
63000
8027
22631
61733
93495
60010
63125
23028
85501
57229
72583
24749
59413
77503
8830
31208
27143
97487
11285
27277
58112
69302
70209
57942
77844
66201
20845
75232
89438
74144
74311
58745
76505
63189
65137
80670
88226
21348
69130
69400
60723
72162
76076
62304
97263
29769
65673
1092
29478
26121
87897
77582
26954
61095
92823
98741
93558
61034
62675
18484
92756
75979
61787
68758
76462
60493
86639
32430
69954
78168
87262
60429
80263
61718
61329
19324
24945
75884
1985
64952
20870
16305
27118
93421
91141
69489
4442
65006
24010
5922
62542
70936
68724
67122
67309
61812
95967
61154
60515
69114
62626
80912
29916
57397
59839
62731
65088
81510
58025
740
67226
64319
15870
11025
58153
17076
84841
58008
3194
58224
13026
62236
62169
73601
15903
65998
58154
61370
64020
61866
16853
96148
16660
71339
68599
60596
91040
80764
71499
88694
82250
6566
13945
67322
74479
29664
76101
77648
58681
75589
60172
89326
6337
59196
3322
80323
15862
61856
87490
64234
62247
26483
811
81816
60725
84487
58175
92819
70342
59442
87288
83009
68080
60005
24796
10579
70108
72068
67201
64202
90267
66735
78284
5320
89740
58763
31445
5766
71095
76840
82536
79280
16759
91473
68095
9507
90394
95098
64794
12180
59990
28687
30451
7185
172
97777
57578
71007
71723
12463
73438
86692
58718
75802
78889
71963
59791
20319
88244
71481
87558
78040
73239
67349
85578
90591
23466
97068
62104
81571
60942
82219
80040
63610
78197
83351
23805
71117
60294
17969
88077
92551
78681
96350
68864
1021
71307
77911
5493
87198
8948
77152
28071
61510
69543
96258
1858
71885
772
93886
73590
14579
59853
80178
71185
59346
75139
57969
30155
57850
83362
11481
66920
65471
4794
61737
59014
23788
69255
74944
30942
66900
63737
5131
60315
23557
24777
75228
15383
60383
59983
84343
63718
20047
25639
67783
66722
60482
68012
67082
86299
64651
64181
81851
62964
70631
5607
83378
58461
67596
16156
90918
73524
6997
5867
82519
20228
86291
60820
60336
10752
67614
72954
64967
3796
66282
94677
30971
62141
92572
76571
63834
12864
60752
61943
19957
77859
66542
4756
14996
94083
438
3346
67949
92417
73716
72520
64491
99640
75355
7881
22608
78558
73761
62470
28495
75567
64406
29241
91945
79396
17129
63384
32456
96320
89359
3
68701
27252
59131
58135
60841
68475
88189
78221
18477
67318
64671
80902
70073
64688
85170
65661
65777
72122
72488
60907
70134
57796
76708
62600
62777
7219
78880
20117
66958
70107
31640
3809
16874
78373
72033
93824
69005
94103
90613
29311
84667
18659
75556
31416
30251
10828
97362
76096
77145
17062
71712
651
59403
90695
263
12806
68635
63251
16612
62414
61202
81346
66376
64946
74907
78300
26988
57690
7826
20108
83337
1830
31153
80451
8165
69677
58653
68370
83590
78628
59459
24913
61189
65586
68277
61414
91050
90120
66158
70291
77346
93241
74160
3117
67524
75652
83773
64950
74254
71688
58316
68221
62670
79968
22562
16317
58893
3220
11519
81795
75549
68765
79382
79849
74869
59062
99506
762
78361
63929
59521
61655
76758
7886
63851
61135
85184
58016
95414
60741
71485
73560
30783
66999
65098
64598
58263
93124
81707
29027
64900
31362
63948
75356
13536
66221
70185
9381
15459
80257
88020
5856
2702
92025
11599
28181
62690
3877
72138
92577
67330
61330
9036
86057
98415
18073
67050
82877
65902
87025
20973
96799
99618
72555
72093
59243
95384
24702
65901
92987
60849
60026
59935
6614
63009
61070
70363
91338
74234
15317
21881
160
5088
60921
84429
25905
59663
17940
70871
21984
61957
72774
8017
68107
65408
68042
61474
88639
95663
74896
61858
94351
94959
59686
23745
81440
63349
72249
76672
12289
79828
9331
83299
93674
25696
63292
98113
24895
95295
10291
29678
95685
80327
87386
73444
61163
83133
87214
19974
61852
91958
79819
85706
1341
74660
89160
87914
2905
89857
75688
1410
15575
75133
68072
79240
65122
14421
58167
62277
96850
85265
65676
66265
57755
62165
71265
57824
59928
69814
75414
28222
86083
84821
99772
65761
75448
94421
61781
22803
77219
7937
2775
89421
2486
60266
7895
65162
82292
63830
72509
20160
23674
24014
60464
58793
76280
73566
79367
62859
68477
58801
20230
74609
7269
79775
75358
77058
68426
66146
11382
87825
59232
100000
79900
72628
76532
87601
69399
65283
91459
17540
11962
78760
76446
71125
87837
58458
20811
63538
66117
69980
29045
63339
61504
89166
73532
3965
99954
28079
73844
87583
76835
22799
65274
14924
64706
57954
57812
58978
77802
95
59506
77835
62815
60008
83589
24556
20979
76104
16918
69611
8428
67821
82090
66440
88070
18867
83387
28514
69055
59719
65865
60825
91843
2938
69580
94144
82950
60555
90285
11501
32379
10465
61327
29739
69896
85255
7819
17476
75622
85744
91937
82215
29655
86786
93228
69190
65816
64975
10252
71144
61535
63861
59599
95516
30318
63482
15291
98687
66644
65324
74462
77035
79746
75751
1694
22393
81204
66946
61944
16064
3992
70440
71522
76912
83494
10447
68676
11976
68182
23687
2235
63332
99750
4349
30722
98431
62704
5695
61552
6560
28092
86566
3826
66059
60058
63416
80632
61179
67148
91135
69239
59753
77755
72358
60098
7508
60803
67795
99219
87858
11089
92307
67916
24158
73591
76569
16173
91581
63723
92325
20120
59890
3453
62384
74928
59537
58163
62788
98269
6238
70495
31735
71483
79770
66264
27610
91029
31656
2529
58457
96734
87456
64943
60916
30941
64142
96179
61107
2276
82797
24642
63840
28733
21222
84008
64819
66713
94327
26489
62313
62985
27879
91204
31794
60619
22214
29634
59376
67314
60270
3703
88167
13153
71138
77120
12780
67731
8652
92273
67485
66024
60194
89674
77071
20177
86760
26142
61959
65764
14658
85173
12823
73951
69569
84534
65065
7721
70896
25133
76540
21405
230
66389
69868
70934
27579
23588
77871
58592
68144
25020
3894
64088
59236
73095
62110
70468
75505
94751
70993
89526
88080
68936
73136
87481
65012
24066
28784
94274
76981
66739
5031
86287
90803
70176
19140
28427
69061
63730
63047
94707
73026
64282
10722
65172
97623
31802
63563
89593
98167
76379
18431
79206
66328
16218
29125
71270
81375
61615
30691
74820
9467
70211
91580
73302
16564
85033
99511
70601
83245
93796
93420
15564
78085
96584
78637
12056
11783
24310
64703
15897
58104
77388
17474
4791
84346
80891
90556
64833
62475
98086
58423
75479
58792
32594
70346
29374
65602
74248
31993
1741
69680
72359
72400
24323
71393
10518
75497
81029
86874
66860
83150
71058
888
71553
1351
59613
68034
65855
98835
18737
58220
87126
80420
82435
62373
7035
85061
86117
64516
2469
25892
95067
61814
66641
59797
61990
61419
71593
69802
1515
92681
59002
80138
84685
94272
89525
81128
58869
21414
95349
10105
28178
78698
63943
88295
78908
25736
18031
9218
83765
17903
26634
64951
68642
15510
17166
97367
26539
10511
71348
31895
80841
62027
93784
60177
3880
2379
95100
58425
76862
19187
11524
29260
64207
61726
65939
73740
76499
20162
58872
99786
59277
79659
6790
74594
60890
81757
79741
95608
95020
85029
30417
6622
96836
27012
12836
67331
63905
82625
74188
21521
83031
65338
24833
71747
79525
58272
60592
64508
61276
19145
66021
59399
93805
23696
63190
65502
61746
27853
78991
93577
21656
4515
69187
84951
65225
943
99007
68874
13394
67324
87823
61890
18821
19283
62064
99142
79946
71054
58845
83528
29149
79027
59219
63098
74157
60531
88736
59475
10504
22721
64696
22928
94836
5936
88830
94919
76322
60693
32328
65470
69124
80132
81225
29924
29799
1622
89594
68222
58428
85082
1389
71599
74696
7198
64018
79791
75909
21220
97607
81447
60438
65455
82623
25607
65340
24800
61740
58870
69472
95280
76517
93589
91576
69864
58709
65625
8964
97055
83602
13664
62208
10962
74837
26162
70362
9565
90172
63099
61783
83917
73717
60892
6663
22836
2934
19306
14430
72724
71067
63227
59072
74683
99960
75413
20131
60526
73012
72489
88559
74331
7562
3119
77334
90144
84081
66693
74567
83939
69074
62031
69279
69628
83471
64210
62799
61357
66465
81061
76434
68860
12964
65521
13217
58673
83734
85142
62199
21259
31677
94151
27595
60085
59007
85918
84258
66060
61068
69282
65753
60770
83111
84290
67946
29057
75702
30445
62537
70820
92237
29144
27070
80001
60637
19279
70251
24247
69401
95012
61067
86732
64037
84631
74354
73945
66520
61968
30386
8225
78295
92150
58966
60135
78288
66038
69453
11677
8511
93733
1347
73849
99943
73059
63154
71097
80111
74292
77925
76093
77375
9144
66523
10979
24230
30526
19610
10339
9059
64056
77996
69063
59535
59857
90209
60465
68294
58684
29594
87791
26319
90088
62225
29537
32681
5785
15361
81581
90912
28478
31549
84414
76623
69269
63640
92994
3859
16391
64347
61907
8684
90530
80365
59479
67134
65844
88614
63785
25943
12147
6421
6532
74380
62410
74351
62459
64034
88766
59174
27661
81616
90480
92475
60729
76506
24464
27543
22684
70488
61845
71893
98280
58621
16742
72544
67254
60179
2485
66118
65239
3002
13991
1995
60433
21971
63441
9430
66306
59697
78417
72564
13261
72784
3708
69618
20969
98827
58903
16099
12121
74417
60291
88881
61532
66293
76625
87925
76635
69770
64734
61956
84989
68994
20642
76182
95494
82481
90382
60237
80140
66417
62293
886
19311
96920
83831
14877
98013
18957
84944
64464
60754
13911
65835
93604
61054
69550
64332
84742
707
26053
83192
70697
68719
93873
71467
26440
91723
14929
440
79720
79252
75239
82385
72379
77787
22825
9930
18038
85264
98970
62959
84063
59214
87661
79022
12465
31631
1063
75175
71821
61623
62713
73571
82282
59615
90596
65853
60110
61823
72018
63936
21063
99884
79484
76271
64466
97353
70148
71923
74601
74953
62967
76605
64102
82710
91640
63526
72945
63845
81981
68960
72260
4926
59305
29843
23089
65765
15340
87019
89021
71634
63111
64339
99187
32280
26789
7247
72603
64113
82317
30182
72663
72959
82004
62946
93396
98142
85737
76081
64869
67076
24406
83167
60495
74675
58852
82309
71435
86926
97028
92952
3222
82662
61849
90110
81360
74118
81172
75338
13702
96456
86343
91566
87853
81557
62340
11805
77078
10895
90660
83815
12075
78357
79818
6633
85638
99885
11660
62099
75165
60605
83238
58775
6950
19708
76126
60488
19231
75674
63853
67392
98918
76666
8493
88047
75837
65721
87130
31558
62629
74561
66624
63741
31682
93908
75565
81577
99801
67176
91798
63644
29432
75924
71314
82452
71098
64775
62995
81109
17048
91074
88827
59922
84916
64932
13406
80393
9164
11211
60274
63007
9376
98609
77800
82023
79806
18161
72413
71970
75854
30272
91344
72254
3920
75597
215
77705
6408
70093
61932
74657
83601
80594
79853
19070
94799
83036
21227
59111
72571
62229
85599
75248
19844
10285
19515
86498
81638
62426
95282
22941
73189
98722
31920
61648
92086
6091
94549
92175
98406
65052
62283
74866
91663
60508
69386
69795
20648
93754
64607
22581
76452
1798
78290
79228
712
6317
2612
89338
29732
63108
8845
60789
21692
65599
71043
9387
67911
6174
74332
7550
76832
98140
64016
71823
65321
60865
75746
60830
82089
22337
379
61898
2986
75340
1822
20759
71994
28485
79954
73624
18292
61213
90196
12364
61338
96696
770
26065
59876
97401
80621
59483
16549
64537
87835
68863
67918
90450
91871
66364
89173
18563
80614
84087
61060
66758
71118
58983
4301
76482
89118
58918
86840
61949
77202
76743
59307
81178
17912
86597
11503
73868
62910
76680
91187
70988
62148
23260
63115
5680
65194
7161
96062
29646
29597
77561
71282
24829
60876
76931
69323
71961
80895
18732
11113
71749
62633
70460
85079
72895
70738
76899
68745
64804
72486
23703
82182
69711
9363
83970
84237
79744
94518
62302
15066
70316
26017
72708
66636
70769
78827
5941
73056
63340
61879
27688
62382
5823
25676
63182
68139
74391
90061
67308
13519
12515
15154
17554
23414
70150
59449
60360
5779
61158
89378
67457
95533
69180
68400
62385
66543
71989
25378
82509
14710
89245
437
20814
22983
97000
85446
82866
72814
83762
9262
61720
15831
95559
75552
65418
69370
85103
77535
94256
68625
94573
7157
59097
60155
8350
90925
26544
11779
69336
84412
60183
64336
80072
20901
74712
92192
66362
81054
68192
17899
79013
29398
87165
88028
63659
60986
60702
65954
26599
27170
62668
93160
74429
79757
74111
20543
76304
32152
94771
60463
80267
98379
71577
13290
18708
62673
20728
23373
27408
61172
75476
26313
63147
85792
70160
96885
96752
65996
3181
59885
69497
71028
10740
21643
73069
66564
6092
77235
62774
61992
12344
77522
66246
91072
81428
85852
26487
77894
5355
67616
76122
65621
71317
70248
21344
13848
21718
97472
73640
79521
85940
13288
20170
96076
61834
80280
62541
70864
61180
71428
5291
84932
66973
92188
61431
28062
76529
79864
65165
92102
63279
30907
98021
89257
65685
68579
62427
14434
25754
70950
60104
81552
21617
73612
81070
132
65758
81037
76929
94109
69277
60570
1887
81450
65837
66047
75303
64924
96086
79122
65759
76469
80028
73151
72324
82227
84830
88153
94617
64945
2287
80131
60278
68962
18622
73280
60020
23293
3329
75692
61153
12800
24792
93273
8157
9948
81310
8122
17310
92048
76287
71306
90636
88969
71572
15057
29172
66584
59673
63272
67087
77027
20875
68594
60806
97041
21553
6281
80476
62147
66955
21487
32313
68997
91591
82977
1437
85296
82094
87326
68950
9527
20226
11023
1059
3378
66971
83358
65038
79715
73221
27632
59211
65285
94572
71223
93330
72710
26882
25738
76954
4481
64496
88964
84092
65916
77652
80057
5144
74328
69028
609
71623
97117
61031
26926
26735
31996
83617
27216
82941
62471
97186
70126
361
71975
79474
95001
72072
83281
63999
72874
4824
60412
80168
11686
18756
89415
76120
76565
82719
71780
62894
61930
61674
62895
81094
23549
77654
63653
84967
12114
63763
31825
86004
5423
11836
95830
81180
13522
79527
90729
7075
87860
75700
94275
30496
32086
65347
63101
68557
61440
88335
70528
97046
84033
22094
89354
63721
8723
65142
19064
90159
4086
22604
69427
62568
5591
71790
80290
74709
30707
91014
87694
60737
63635
60573
66023
62087
67153
62070
75781
74235
77954
21142
64699
68360
32390
24477
61686
64505
81772
82370
70822
13896
70307
68048
72019
14801
86551
99834
11128
63666
16948
99419
87543
606
75242
72468
65670
85500
16345
26217
5066
63266
7503
66008
60346
70476
94971
87656
26115
74642
5748
80378
67879
87327
74940
74796
21591
59434
2349
21499
64072
62436
84807
92334
78036
90707
11198
78410
96221
97234
79850
73310
80459
62487
75072
60344
81249
72739
85307
65847
74664
65904
30191
17952
93904
7714
31392
74744
67273
77040
32523
32055
64188
88714
64305
91499
62423
32501
1530
98335
94679
64683
76995
73135
73065
88504
22258
61742
93218
87957
67696
60420
8071
69476
97874
8853
67414
63302
62983
98975
78216
61483
17879
62804
17549
74933
62867
15962
67738
96230
75278
801
32376
97242
3035
64944
79395
17023
75164
6451
60075
10567
62955
76521
70674
72599
98504
15883
18601
64337
64836
81231
64949
68374
22824
15739
30325
80012
28760
63420
61777
92847
26210
17412
82953
93345
93759
73997
63561
79306
70737
60296
59783
86752
74252
20077
32746
8144
79176
98941
62198
76009
79259
89001
82327
83724
6293
64559
93207
20786
26529
65776
85583
85136
77863
7196
67645
63116
94765
30323
60055
86173
84198
69373
1539
81887
70324
19052
23947
24079
72937
84771
75060
64260
90367
27412
28697
69765
18360
64722
80074
3668
63884
62358
60392
97286
69362
96708
23810
98115
73169
85716
87911
60839
63808
91220
63875
95884
67875
84244
65206
74099
18432
90759
71622
20297
62474
88954
67327
31145
64970
63256
25761
99650
59883
19779
12743
18184
1474
24520
97121
77100
65511
30912
80736
19711
88165
69023
84463
27931
22022
69131
13411
89193
70715
71560
22946
18970
95712
67804
66712
10352
77604
96826
61836
67604
97057
81625
82476
66716
73972
29772
74546
80582
72148
93606
217
14531
92260
60196
4425
20410
75527
78922
8267
98954
22994
66213
84612
9588
27348
83516
65804
66635
80856
63234
77593
76458
81844
23959
81431
67639
7025
91001
81719
69494
79671
66986
78613
79826
5727
77502
1417
79621
65979
3622
94834
32490
20262
8215
90748
75375
18335
75849
23554
81861
21814
28253
4914
25882
63979
75987
83797
12000
72902
71474
64445
99421
65061
88620
64790
96116
75062
60353
70094
97788
62701
69232
62969
91160
71645
92193
72848
71624
70862
13330
14615
78915
21706
67924
10942
61288
24592
75097
7391
31360
69091
63740
61278
69514
3403
86528
69633
65287
82134
80739
63321
8364
10472
16746
62066
77791
80239
78140
21700
62769
99839
66645
88525
25490
3492
75272
75221
76480
12066
12537
4834
96503
4350
70905
82237
61321
61086
70008
99400
96090
90033
74370
917
82811
68914
7371
66593
15035
99632
97288
26486
72120
69778
82813
64036
68917
32602
8463
62498
62155
66834
71291
3808
60143
5843
20595
65148
91084
95513
59871
77119
95937
2239
16078
83536
60675
63972
72110
98576
88263
23147
27866
61561
69630
68898
61705
96809
61077
86185
19591
27974
66172
61702
66789
70384
79732
60491
15482
98135
78503
63953
63462
25318
19144
66435
21386
81636
72664
74915
81618
70145
78529
77302
63080
80885
60551
63426
1087
90294
89456
66825
24677
96464
67518
77733
60339
25136
70615
60748
99729
434
8601
2197
81443
73129
59860
99550
61268
23882
60667
90651
27011
23731
72516
71834
62555
85554
98207
84927
25784
19015
2370
66416
28194
77845
76424
19401
76212
64649
96201
91560
22188
88581
60342
69449
97208
21068
74127
60293
73657
62431
4696
10917
6105
66665
63556
62478
64235
80125
71951
81830
30849
27669
96675
8886
63831
29019
30894
25987
13372
64384
78202
76347
82759
68328
13913
94196
64434
69406
78341
65435
13164
77182
20521
83596
99738
76321
63028
94016
83785
70308
76412
1315
76801
82369
74918
75607
16662
97228
9758
69574
30476
73051
60399
84432
74171
60303
25642
10392
83570
17144
70517
80717
18306
70736
77625
21439
12664
63267
61270
68269
91990
3101
63222
89813
83693
27649
80716
29954
69885
276
99071
96189
32250
98745
2357
62922
74385
79278
71354
2111
95415
85291
60545
73828
61181
81101
68295
84911
61479
75492
80652
29830
31768
24962
62936
72196
94823
80139
69220
72109
75724
66835
66466
83681
73043
81871
30859
78845
72121
5368
83604
60485
76659
74071
78852
31694
98014
70677
6018
10921
89258
63031
602
92303
1611
13994
99581
67843
67300
675
16264
85690
83947
82479
8828
16762
23566
86225
15543
74279
8159
76677
87346
94496
15183
21475
60615
86540
18608
23248
3154
78191
62703
84228
62036
62945
23535
93637
95500
69376
25850
72541
69270
5782
92535
81084
88075
77301
71215
70105
20466
75580
60411
11890
13430
60066
68629
67840
87267
25627
74200
63575
87070
28707
88179
1589
70984
91879
73737
62685
75430
75290
68017
8891
85743
6807
66193
61730
84803
76345
24119
67780
116
63175
16405
24977
16483
89767
97484
66930
69887
78895
29936
67359
73758
65950
67549
60470
65289
99272
8039
89026
2328
72255
71956
944
19529
70224
69022
62072
76399
63387
64191
66530
28788
77664
69874
64876
87373
96715
97343
64391
93738
81131
14363
82677
86147
71822
82642
76568
91923
11227
98314
12737
86634
78608
72781
75437
74017
65716
76775
74313
63726
65319
82504
32404
84434
78526
19645
61123
75316
73157
1802
75965
95495
72991
98264
97944
62571
18125
61027
81565
81592
16095
14913
65069
74215
25386
75490
71075
31106
13144
25956
28344
74870
88789
1808
25249
76514
64704
87960
65503
69648
68018
11541
65369
82180
97883
21985
77839
16756
2505
68692
11254
17608
92934
30
80597
32059
76541
28033
82626
22424
65112
72728
76098
92071
60299
71292
80508
32671
4511
65840
3997
63869
66659
60891
9985
65008
64122
61403
5210
25683
12280
61053
32374
317
85042
75129
68998
62869
93906
82204
79755
66638
78320
68847
91634
67002
83289
64428
77998
92504
69699
85285
87376
77908
63163
93460
99555
96603
61588
6320
85779
3982
74270
90329
72918
61462
86607
13074
84098
62960
91368
73641
66508
98472
65850
64577
68562
80187
76041
77402
70275
72884
70226
31327
14795
66361
99825
72241
75394
62429
97126
83410
72038
1245
78412
64501
12219
89940
95385
68465
84770
1823
71701
73622
23496
64547
68967
60501
7920
96958
74718
67233
87465
6687
68025
98548
65054
84464
87134
62645
74859
75036
67165
85722
62241
6647
75024
1217
12592
89698
88800
5830
86690
64586
69178
89677
65480
77796
3764
67137
83368
88812
28075
19119
84153
64452
14046
8922
12051
83152
60955
28774
80689
30928
75778
11659
28401
63181
16031
60419
16638
92578
75201
85827
65272
5189
95962
66317
73497
95756
68166
1672
3679
91836
62045
91346
21161
75485
6365
62509
78405
523
84826
62750
79705
66805
65419
31849
99076
63037
70129
86628
90615
18075
6789
64824
65125
3115
3289
15789
67186
76809
80115
62319
8544
31189
16232
72353
60734
89801
70437
18119
3637
76720
19504
76683
21944
84974
82107
30809
80838
75727
26010
92426
31999
23609
89794
67303
96632
87436
79637
89913
61690
25802
68005
60621
91652
32258
89920
66797
14472
30937
8766
83464
18580
88848
93711
73345
16444
78501
64915
76089
25651
70030
72575
64939
27619
88361
64138
67967
70587
61052
22932
61373
17409
87462
61885
914
67391
70444
88898
76910
84550
72265
9934
92514
72866
12044
76047
92810
81383
74211
82126
31057
83443
4245
14342
87003
62217
67156
22441
87352
69944
93119
32653
87378
86702
60988
13999
66513
75296
69826
81556
79428
64226
5311
63280
63351
87620
79944
20770
79199
22561
61555
25394
16712
64859
92860
69096
70975
67932
84318
71548
91969
78332
69285
91908
61208
93779
64196
74242
87766
4855
69499
19300
90905
73320
63208
1705
79805
70181
61934
84213
9082
77744
63580
9833
15409
69050
68362
93624
645
24637
92933
71789
74948
90911
77514
91271
85707
81057
73318
12932
66948
65024
66976
32223
75962
62562
26112
5923
79518
77885
2888
90903
67099
63468
77684
96860
81008
60834
69806
575
60888
61047
64963
72946
22566
31812
66686
20739
62331
61064
71212
62306
73771
69025
66654
61500
70775
86595
14511
69217
15539
6713
61541
64763
78552
94694
65273
69784
82785
65265
23121
93499
23763
23801
66251
86801
77057
86770
20966
76760
71029
12973
66756
89302
19224
65775
71192
68852
92862
64942
72189
11303
79716
93282
28939
72239
69354
90168
17074
13941
73413
75586
68403
66606
83655
83557
63647
63471
78626
67782
71783
77350
89108
75023
13595
12417
4323
96851
24662
80285
12323
64823
60779
65295
78421
71193
97656
7375
85584
85541
90445
61626
79550
60868
72229
69940
61484
74418
67412
81436
7355
71232
24656
16581
66585
67131
11845
90264
95106
13005
99078
64372
15635
96831
74236
22841
63209
76019
75957
3354
79479
73354
61778
2158
64755
26186
97441
19688
30790
68038
27697
92128
95231
30484
32672
16404
65451
65282
72064
7488
19995
1259
96072
94793
32096
89009
64154
32450
6471
98836
15479
72132
97517
62911
393
74134
87520
77389
78055
88587
74702
65343
90678
83136
94378
98320
93896
69955
81074
27467
67021
83956
5240
10954
62457
60762
96879
80390
11111
70940
4087
307
79799
70049
73272
71357
90798
77808
85342
64603
68753
75921
11658
21748
71746
83462
71606
95547
76485
61111
19292
73352
26617
72183
65424
7489
7698
63326
77173
28298
70708
90541
4251
12778
95472
29488
31949
75975
60794
17962
65099
77231
88033
64916
94452
79303
29952
61384
94633
67029
66375
67784
68644
67370
78873
9569
74172
66779
13325
63388
24104
69519
65627
3712
61770
61624
87743
79165
87039
30262
7763
86327
64273
22595
23141
79767
29170
14547
25979
81798
61998
64067
65384
27845
25108
99067
63494
85473
81520
61113
74124
73687
93678
69999
23642
84651
74055
70713
70171
65695
89752
3870
66734
94899
91951
73238
31489
71615
4417
66224
66657
72497
31021
24617
12795
62511
11512
71258
68380
82597
98390
67455
3249
67242
62273
85399
63539
16437
83689
2839
73240
70699
61243
67154
78497
67010
89737
85959
81812
73450
80684
95822
15889
77991
70682
12072
87215
30746
81068
5186
85630
70689
74996
62909
97920
26974
19480
85986
92944
3945
76204
83496
78515
6898
82165
79443
85612
32036
18326
17138
97404
30785
4073
88858
61432
93490
75991
61991
93401
89250
62862
25407
17909
19721
97588
69858
83969
11114
66382
75621
86831
86462
70116
71466
17591
68734
78509
80002
83595
9913
67425
67554
18457
61392
26419
9578
70750
87089
11867
88602
19329
71132
82587
79051
88925
68217
72808
31697
73233
7518
79028
7184
86842
18809
1982
78770
62485
29496
3831
67006
20826
67552
8408
20397
75629
16687
67195
61544
98698
4573
63879
70019
69886
62299
65485
8082
77865
65789
19303
3604
86990
69246
73742
64366
1987
64639
25392
92601
29253
89899
69280
98684
66387
69033
30772
20545
77029
92694
83304
17315
91944
73952
16861
76617
62189
82948
70071
97014
96679
14380
19149
65302
68777
89992
80877
65364
14921
30134
85043
12399
73577
63184
72700
12816
90731
22062
6658
23066
24628
76472
72172
238
67486
67200
74741
69916
75862
20819
14005
92497
16928
62438
71220
68065
24538
89443
85880
87556
76911
73712
69212
74625
22507
5177
74180
63621
61081
66330
69609
73990
1034
78586
62442
64556
95281
90067
29473
12153
96840
5899
85039
76235
23357
70711
78228
20561
61663
97017
69984
70649
80752
75148
21921
67228
3603
26699
896
90562
64554
64071
68978
64891
99785
10843
73449
89392
10028
89544
69268
95808
72347
66667
70908
18235
72244
62546
29942
67652
73767
74490
90421
26122
78764
1287
24244
11162
19304
67577
76997
70117
82690
62322
9419
94099
20922
71038
88415
26031
67456
79368
63907
13885
85672
84339
89473
1223
61352
67244
62563
14452
87281
70694
29025
75610
4902
68216
10076
63483
90072
30361
17496
12679
86723
61954
66234
96711
63066
19482
2367
91391
89997
85085
69327
26795
4905
74707
71571
73102
66723
63268
94825
71276
10365
18508
76249
73443
99426
65019
70326
27756
63733
5893
2638
86521
17181
75096
5413
31204
73528
67623
88380
61828
64993
65247
78846
78080
72602
94288
96570
98175
21640
75860
84889
65469
14861
87836
72356
13151
9805
99349
64481
83125
75282
7616
72567
29275
90724
84864
75335
66324
84387
85095
90943
5620
63650
61888
7572
75177
70575
67649
63073
63535
79066
82037
80952
76078
98976
17973
67626
81230
72160
26810
80079
79581
79839
82605
80958
79644
21165
98527
83506
80733
83379
71127
97492
80041
91439
96523
80638
80945
29053
2342
64830
77364
78389
64872
5602
63140
14053
77044
76025
64733
69069
77849
73386
74067
13034
62071
83909
64892
26944
1655
78643
13255
68614
81889
74074
63172
12160
94596
76618
67854
88906
80887
18102
4479
65095
98528
68117
67133
74216
7038
83839
15091
73255
81095
97394
12223
74308
20147
18851
85282
5968
96432
67923
62564
68559
21254
82097
6149
84359
64728
11453
63900
84319
75071
65296
67568
81104
7122
21399
14700
69229
86224
95126
93819
62375
77099
67101
80695
62572
67609
32305
95841
70097
82985
29121
90559
83712
12023
72401
81263
62280
64854
89228
65907
67054
22711
84647
8088
64838
82383
62037
78989
61704
14567
74470
94610
89751
10909
67236
28608
68098
86290
94874
30514
23239
81775
64500
19307
82894
63734
23020
87103
62709
79831
23303
31734
81920
19820
65793
9392
78909
77674
18116
29465
27538
81147
92718
66497
97309
66701
75897
72335
24846
99191
69922
65797
72017
65513
8483
87794
81030
83888
23274
84263
91543
4373
64105
70981
92388
12554
73583
61480
92092
27602
74980
72900
82826
20273
21773
82415
61519
74397
9645
79646
5558
68311
26286
90552
72673
94349
69805
64808
98982
6965
69876
64112
65416
67452
90354
95664
66768
89828
24340
94375
4678
79150
27435
14855
32487
95970
68856
66115
62194
88849
80367
95491
31091
25036
81842
64936
72989
31418
89929
81745
72087
92773
77946
88636
19161
77853
61537
15214
75234
79964
62211
31819
65879
63719
75895
18195
78804
20251
11004
65154
85866
72286
65541
26161
69485
11901
77132
65917
78721
98346
74992
83777
86376
70673
64965
32427
94126
72898
2079
19792
79173
98806
96513
71119
65294
552
61819
72045
13628
66774
92598
63662
20298
8147
64462
8806
17679
86311
24000
63145
99017
1796
25123
66097
69257
69824
82836
67496
79195
67618
2577
66106
4155
72994
3723
62251
26191
71752
62265
28814
79977
26981
28449
22492
81912
4398
96392
76073
78385
29872
65561
66781
95570
68064
80031
31510
87113
82432
69075
93820
80868
94301
65921
88509
31406
63352
72827
63497
82973
7747
98284
75521
7248
23850
90012
64326
9621
89827
68986
96156
31139
67657
76949
69173
25064
27473
73765
2569
87056
64179
30848
17360
7021
65962
79071
65191
242
76320
91962
16728
91311
63166
68075
6186
15853
3792
66859
88302
64405
70269
69702
85023
2965
3228
94706
82474
24544
99784
22171
62500
74068
93248
68716
81275
81219
64489
97659
12371
69435
79908
78919
9213
25975
16882
5432
89384
72998
68928
72112
61766
66094
71682
72431
3306
80660
1651
63934
71040
69932
79435
2504
20653
21920
84408
77290
10286
68760
30828
73872
97013
75357
87894
89459
79653
80610
97740
76985
29864
63549
85215
16649
63500
19336
84847
67537
65595
66034
28417
12770
71153
12215
67896
6207
25102
67229
63697
81226
7137
70320
21738
32076
71166
65596
68027
92884
3928
97481
75057
62679
78754
29621
66058
92872
85625
18396
93772
28058
71742
64089
88578
17479
62113
89844
71687
77858
88279
71174
79125
5332
78352
92401
74177
67617
3241
90492
64233
72065
74667
65372
89132
64427
66288
71391
78023
84427
67262
65168
62216
87633
73999
78476
21661
4128
92804
75039
22866
6380
32549
73475
64043
80268
11013
91917
23933
3421
98072
96966
74135
20125
7785
89562
97151
28361
16338
66409
20083
89303
63389
22361
83541
64415
62797
26280
63358
14948
68479
89655
68819
71017
82202
75874
32106
70767
77581
21712
80395
63544
77034
90782
86159
86992
74399
98183
78192
84398
26444
71208
67107
18630
89605
19185
15259
74471
62598
67602
80806
97850
4037
17694
86991
65383
75550
64724
1865
64514
93914
84714
72573
10288
24597
67945
19700
89559
77661
79689
84645
24903
95526
93703
83055
65963
83117
84277
81271
88481
32405
78568
73689
526
66487
79353
64591
31572
67790
78297
97018
72368
76785
67919
69511
82360
89720
84520
5688
12919
78329
77036
67204
93277
10994
82041
99783
53
87084
84255
22549
8310
76866
90197
72690
83391
76489
93863
30784
69490
69827
64708
85218
72658
78245
70090
20886
85813
853
65062
3277
63376
12975
96058
64712
87531
5325
23592
74076
85619
63566
31684
81064
25510
69943
72030
62408
64922
31449
24081
93347
62065
66298
76442
87136
71260
94204
8148
75845
78321
63281
90971
65277
78984
90648
65725
75513
94002
67947
13452
23304
1113
71464
90220
67939
64910
7432
62193
4164
23530
87745
19922
72931
68421
62723
64904
28796
558
82906
71609
98575
3353
62533
30603
95490
18971
23906
78606
75876
81122
30926
64648
75561
84306
67768
96103
12287
97215
85469
67599
84558
71350
64082
67216
93266
24277
20499
69652
30639
65875
28781
62394
2932
74845
24199
6070
29546
75295
90737
81627
23794
68055
80706
23459
65219
63654
82005
73133
10990
21213
62268
23943
14914
32605
97723
66431
62499
85423
66285
93135
65312
71395
8515
88723
83063
86888
24403
75317
84466
85354
80229
84969
98803
90515
97282
94877
70233
13910
9255
87432
1280
95510
64717
88211
86428
78560
79678
111
14569
78593
72891
25430
7121
96292
62659
1925
69565
92885
20921
25664
67464
62418
1634
25422
84988
12025
64931
77485
62653
65707
78376
20746
2764
1131
71062
95492
17207
28542
85295
73701
14484
68968
87272
29734
12529
30124
85876
17
94553
18952
68889
4623
4426
66304
29101
6916
62407
71209
9622
82591
86321
79834
32248
23104
90295
23660
2964
4866
5771
81964
64525
91649
72557
75218
6056
64242
63547
62239
65539
10879
63833
84467
80287
83654
68189
74684
79014
13260
72548
2977
66838
10031
9388
92408
84987
12533
79505
79560
83791
12690
63592
65574
80737
83293
63673
23227
7537
82079
23491
15971
96999
4872
66682
74199
9466
72657
92132
2400
80505
78631
83520
64044
23517
27233
26763
9165
79760
86305
31877
75367
97021
67502
74613
3815
81469
72006
96272
63404
62614
19469
62323
91810
5091
6628
74372
30218
1082
26185
26100
87675
67544
63687
28287
85430
98453
75366
72015
62888
79361
29626
32558
11002
11395
95190
98957
21702
75045
75438
98793
68198
7880
79940
20134
91251
12367
69772
89146
31995
62751
66197
76209
70633
97973
75701
66937
21616
12391
11566
81063
3080
93232
78100
64935
63159
8240
1411
9992
89368
71290
69631
72885
4807
31750
2319
79270
70352
96250
95327
64781
79838
75157
64195
13619
11602
90774
62752
10774
69414
79264
93866
67128
24298
65922
15131
72830
26491
21492
78835
92811
91467
76365
77003
16495
71055
18801
79988
86413
79511
4453
4760
7049
83186
62642
2507
21745
79429
82754
99706
85001
13823
14835
88291
64578
63945
28864
82809
62576
68592
65314
69010
70274
11815
26004
93108
76415
88505
77005
62833
10557
69171
66388
68678
72320
63129
5092
93177
70052
5378
7542
62516
11042
62700
77915
75512
16179
23053
72069
87471
11969
76963
62492
84384
76610
88842
75795
82062
26453
26208
67194
84682
20380
92432
64841
8881
27066
72349
96991
77369
62819
69089
88674
32120
83393
66448
20289
69741
23002
67959
90649
11300
10458
14289
1590
6368
28133
70619
6745
23194
94310
88204
62770
64224
20368
72228
65297
92624
86352
84297
70158
68173
98933
79650
94827
75042
7778
82608
92163
77147
17569
71772
87227
91286
74384
73039
9412
17086
80552
7558
66181
95713
70393
937
30139
78143
7984
87958
15915
64981
22375
30801
17731
82138
13887
70938
74268
84641
64321
90844
75009
7311
18336
64779
62905
22193
83463
87822
87492
32066
96178
67003
87149
71410
70772
77401
92674
1970
22676
21723
68251
69095
63571
89140
65151
83447
22688
75721
71168
99190
85129
86025
89910
11184
20207
88049
69589
72016
16261
68088
82506
74424
11607
78520
85555
2467
99848
90359
86017
10015
14804
86601
76248
85787
10576
15600
69112
14409
69035
67256
63927
89122
11463
65620
14372
20952
77586
65146
89401
94909
29658
11051
13221
78781
89035
96480
10325
4997
77734
30028
77601
83832
63341
63562
64479
71763
62554
73282
71907
78680
83545
90639
85205
63658
20094
16931
17091
21185
20189
67270
74956
27055
76090
22828
87532
23520
1047
99079
97529
77576
7011
70885
22605
65290
83312
13434
79346
10559
84294
86832
63675
69670
69031
66670
89201
13681
64701
95921
31033
75155
71083
66045
63768
63102
9533
72062
6660
2091
66116
68520
75633
67752
73357
12629
63954
76566
76243
631
85745
76819
20483
82111
69266
75707
32551
88391
67798
65773
9435
20476
30817
72425
80030
67243
66717
64309
97593
18500
70524
179
79055
85533
77492
82740
3162
3133
84623
71842
72097
76035
76865
65124
19671
68361
63493
31552
63169
68640
83743
21536
17584
72600
90116
63914
21362
85300
70272
3515
63709
63262
96976
92442
14019
15376
67038
90779
84751
70734
62857
83749
19264
78452
91702
79393
32074
29880
257
73035
74629
70765
76064
63835
79876
66689
67427
74115
72039
4380
22233
10781
74979
32748
66322
74320
64394
10710
85900
65082
93457
66096
65177
93719
5024
19031
64668
68320
63155
67866
63096
22727
73383
65346
6938
63168
10147
21196
81712
25264
87618
66421
82810
3509
79414
89320
90992
26353
18520
84644
99217
9542
77002
17954
73285
65393
80406
28713
76451
66182
70053
67922
3545
97414
70816
66506
81863
63067
11761
81740
22723
85963
83124
78521
84345
71194
7328
70506
81700
89755
81473
67695
66994
78172
78849
25955
12306
83544
86041
79209
63759
85130
96214
15610
67459
75648
87312
2651
89080
24072
96658
21292
63152
91779
67068
69563
62821
74514
8686
64378
88118
80357
17604
69158
73412
71865
66041
30310
64669
6086
18490
80855
84573
95284
83564
82991
86782
84800
32335
20101
77937
69596
31274
80314
94062
9021
64140
85874
86669
76346
93816
98959
64220
5434
18503
76740
66350
64865
87491
78185
91399
16498
72590
91390
99713
15515
98426
76869
21540
2219
82632
28447
19534
68454
70411
27526
70512
86905
86775
75546
6300
7323
73490
9386
21509
83982
72951
88060
73702
76026
98675
3987
67791
83582
20767
66194
83446
24543
89049
68449
65706
15020
95635
84209
66080
98634
81864
26332
69831
76219
76808
10404
70202
3469
75270
78408
98239
76589
73711
4812
75056
16168
79824
72799
94161
573
77990
77429
17147
21006
75749
65493
26077
66191
71407
89179
67760
68283
1398
76198
83809
75370
17678
68654
79510
76005
72949
84128
1127
62919
67250
84206
78840
788
67720
23914
933
75879
84299
96181
64887
77457
70317
63149
63755
2804
74748
30007
18168
7927
75763
63524
77928
68155
7830
92364
84681
87339
31797
16188
72370
91210
78572
67059
63142
21357
71583
21313
70280
93357
26901
4046
97321
22540
27719
24430
65090
75475
88281
72009
18267
68446
85216
66380
66486
81411
80675
15248
84317
89509
78466
29813
27811
22547
29339
1924
63890
70487
71836
27562
78601
85421
68438
971
67575
6219
32665
86589
64976
85628
73608
5259
84839
66664
80027
71262
11044
67376
90074
79415
648
74245
18047
82230
63459
72360
22650
82088
71228
70163
68643
67341
4205
79955
30523
71857
85511
85
97918
68929
95113
99791
88854
71806
63229
13566
31314
63464
91019
23305
74050
77315
66940
29328
94005
23109
67489
66299
4584
77829
70496
86530
96319
1555
78929
89227
24176
86153
5339
30818
24906
20209
65941
72670
87652
68768
13272
63797
23834
83356
1394
16814
72862
91494
28880
14323
2198
89783
75227
24584
72459
91462
69577
7535
73424
67362
80186
65649
22321
15210
76049
64425
73927
65496
70983
85331
72123
66481
70387
69262
74341
81218
82524
82717
85477
66544
78050
74373
67565
70965
83012
69957
76591
86360
66666
86672
8163
72432
12142
5560
70953
9660
77675
23909
94087
25348
26175
88435
77335
95509
64573
74496
80324
85965
95099
9368
66626
67659
80932
31351
76187
12396
99748
77916
74352
82763
17539
9901
70197
29107
78591
64894
18871
73882
28354
72852
14941
8750
83183
71036
80284
65933
73993
7692
71254
67578
75411
91125
75271
70389
71418
66844
73362
68959
65870
67619
86830
8245
21052
10271
81810
89083
6294
68573
68128
70580
8905
68495
17794
3768
67611
20765
65196
16249
64480
7278
63451
95467
63347
94585
14486
5381
66793
73896
79566
70253
85947
63337
92706
72618
68656
76130
72540
23019
76386
84139
20366
80120
65316
84586
64852
12571
74025
67255
70722
94703
79534
98340
80101
1807
75327
66632
7414
27513
2136
82574
76647
69857
68823
16554
91724
82767
69655
64828
96797
98024
25840
66189
64002
69832
75131
15659
74841
70417
27144
86719
29625
322
75055
87037
70998
13345
96389
89521
73173
77553
10299
67047
27938
24867
26331
73409
76554
99701
13600
29283
6481
88371
5612
87881
91568
65299
85463
75608
2970
86434
27117
88374
80669
72924
28273
6184
93701
76215
78390
77444
22911
64702
81652
68630
65481
4207
69852
84593
75794
78067
15311
85273
73046
5205
80388
589
6058
10540
97395
88792
77494
15365
4477
19997
82197
91132
69781
83593
83560
23759
94589
65135
13784
64389
25275
78469
67868
66610
71089
11339
32564
67553
66142
64968
67995
86295
71074
97262
68483
6751
64379
93534
9426
63928
92043
10586
71718
65829
86919
84212
81730
3932
69729
30799
73633
70776
92830
63791
65461
92125
80797
82784
8279
81349
31185
83210
71335
87625
81832
68248
93372
80900
3745
69840
84732
77741
77310
73538
67989
24717
32685
14425
17821
73755
15545
31226
809
72041
95048
71252
71700
79024
99218
68472
86853
14116
12757
67877
8450
75864
92324
84957
7283
81649
86893
9274
74691
23657
75104
86097
71175
90507
2358
83129
90322
81292
82443
71253
84440
20455
63997
85367
95828
79530
31016
25312
86917
66557
81006
6239
74154
71184
24748
18504
8297
74447
401
72333
22084
90091
83231
6586
15130
19855
29837
73980
77881
11640
1172
1665
12443
87121
84788
24223
29405
66204
93999
1528
75986
76008
88250
17732
65821
75582
12875
73663
30474
75187
88030
11667
4152
22235
30927
12238
72601
13898
73218
84005
72140
70144
73305
3276
65564
5302
19699
67884
78269
12117
65655
4277
88265
67461
70807
11598
78081
92034
70138
972
77725
21516
68381
1215
89019
24305
67280
868
64028
89707
72854
65579
82876
19698
64698
83432
92387
69393
210
80008
16521
78006
90680
13265
66814
8063
20644
84243
30276
87246
28815
66625
75202
26751
69683
71288
11237
82602
90407
68242
30105
22287
4308
92587
19693
82599
14465
84917
18725
4123
5437
97598
7360
71835
98862
65810
74146
64612
68845
75206
67000
66219
75846
25087
80283
96974
80058
32048
20174
22317
90341
67181
74415
65863
73484
69030
83732
19334
75209
99532
68866
25265
65322
23815
80321
65728
2312
63794
20977
3632
27572
17530
28123
78907
64477
27366
74640
64194
64766
77565
31886
79253
13497
72681
25673
73020
68943
25573
15547
4773
82499
88967
87224
90604
2325
14191
91806
68840
11233
78782
3684
31246
76710
14664
77054
75930
80478
63822
32144
67747
24020
2188
4030
20810
83491
65978
64284
9986
18868
87259
11366
78098
8820
76013
8496
27005
18227
14693
27142
88417
84866
70661
69945
73724
10123
23890
87516
14712
17614
6376
82324
13049
70899
71165
65915
75384
3566
79669
84038
68385
6986
65447
92179
24551
14773
28994
67266
68948
9020
28961
66141
91222
76244
96291
91316
83868
90797
75333
1486
97340
70838
15731
81643
97749
75823
30868
68398
67141
95872
21707
19384
3961
67276
15863
88659
5369
83144
29139
13987
72908
94184
86170
28503
31650
69653
1640
7713
73261
9960
65825
78946
21755
10313
68877
74175
68518
78688
96467
76905
16560
91045
8974
70541
75742
2167
71394
24981
83824
19763
701
85168
70020
95718
24271
86221
92088
19701
71234
25212
79777
23621
98463
85688
92923
67905
13876
70707
28842
68590
24327
4785
65358
6344
73775
77338
2604
190
67012
89912
85207
79412
86734
90051
66300
15437
21809
78237
83226
98325
69315
67893
79210
65032
85694
66187
78954
76766
474
9460
72171
73850
67364
7156
32232
149
9232
72285
3145
16026
77642
70303
19349
8435
22647
22735
6785
30068
83866
64442
73367
94396
19166
79585
67129
88390
29375
82280
64232
15791
18596
67290
67168
76907
76990
24118
75637
28046
99575
26296
89221
31332
73121
12673
64541
68135
20664
89847
78045
71124
6176
67525
67830
2501
2348
73268
14649
98399
64291
64151
22939
69013
89063
5421
16199
79719
10512
80066
10786
64063
81086
65615
73113
28787
72395
90404
88642
95410
95815
64124
21263
66202
64322
67889
66980
70890
8127
20981
23889
71013
10914
89336
68391
15680
4740
67135
17689
69595
5678
97147
94762
67411
76769
87990
5451
24864
31792
9843
8739
84531
86505
94893
64419
79469
90532
79104
64674
70471
12112
8398
80650
84340
3187
81956
23097
76748
86617
82515
76174
74681
73088
99587
78682
5606
24618
17939
11029
84236
9332
1331
73869
75669
18346
96256
70681
25061
12605
98365
12498
25720
78386
82173
71183
89457
78836
64200
88134
89314
29075
96617
82650
65205
72876
67940
66950
87160
68126
83686
30006
85323
86721
83881
8718
82957
13082
31407
20441
83396
78872
89300
12097
97512
79406
23075
12749
80847
65127
74445
10593
26475
7640
70101
11509
4184
5609
71344
65292
65987
66639
87582
91866
95369
1575
75956
92704
67811
87347
71027
4908
11475
79509
66360
13956
78044
10023
68838
97294
7397
11267
99894
64162
81377
71322
92656
90738
66162
65671
75049
70311
14109
9268
9079
69799
73675
64172
66462
75623
66429
95836
88013
73473
2732
2576
67953
73273
96064
29151
98171
94140
68203
14839
93736
68313
25921
89625
70449
80340
95583
84857
73388
92599
72554
77244
92393
8022
78945
27357
9367
64718
75019
11482
14461
70850
96246
3118
67772
72532
24275
1326
17824
87004
18636
2304
80685
68709
72402
74731
97182
32198
88787
98636
87641
70729
1164
71595
8221
89851
8026
79461
20865
68332
5249
83571
87592
64561
85226
75616
29310
66190
81756
31178
91651
16150
86422
28758
70282
8779
81336
27298
12596
90043
14147
65198
69138
67479
90214
455
623
91633
99494
76111
81862
81848
77662
84850
21129
75906
20954
74369
26707
65680
96667
77186
96806
22889
12826
65893
80444
64123
1400
30554
96702
66084
31717
75285
31283
73098
98925
13937
65049
91211
70906
79392
76306
75473
17493
30167
69838
24924
4080
89409
12260
64446
90867
67235
18932
72051
27683
67477
96060
99287
23204
67992
12990
25778
86851
84202
90183
77279
81126
67057
85347
76778
66829
25684
82423
26111
88934
80043
68677
71520
79085
85653
99527
15811
7831
75336
15308
69608
69341
3156
70119
5127
64246
64960
14517
76527
69829
92728
31521
19369
26441
25162
66567
70426
5979
65256
19771
76432
66578
14933
11456
25799
66813
82484
83241
69350
85907
17317
28074
88158
72391
72174
92052
8795
77569
19626
21400
26129
70968
10530
23134
65525
97745
75685
21130
95935
84666
27796
73562
71932
78525
10875
66750
69572
89998
87517
74241
92604
67516
19854
68875
19396
67260
65580
86640
19968
75759
23521
72521
89071
73023
92658
15083
66233
6679
16970
2495
70977
64524
22105
93254
90621
99058
16946
90599
74081
74518
6307
89248
10380
84453
76147
81075
65711
90311
18150
68919
86427
24400
82661
21635
99449
65464
78843
89452
80049
16846
64856
64560
64575
81727
24279
6739
17730
84218
4400
78783
73947
80308
32216
80763
16355
81053
21234
86568
68200
14824
76311
29714
68262
70065
27339
82577
92328
80960
31402
7761
86361
67505
73915
92949
19969
89706
79359
86330
74797
79856
95031
88816
75280
16211
3948
81244
74639
20011
96985
89550
75901
76310
66395
66804
66747
8257
12782
82063
11647
88072
27523
75534
83807
4371
20520
82071
26297
11997
21726
13716
72674
88785
67474
75318
64478
94198
74039
16176
1277
73381
98112
6563
65063
13391
79333
24214
92511
71439
7973
70360
92700
74543
20878
88746
67125
93877
82619
83635
10585
64797
86460
74723
79054
77655
4873
81301
1098
1189
78260
84325
86247
68553
75961
82750
84364
69306
79710
16110
73938
10565
74465
76016
13069
96631
82663
64630
30240
70799
78418
78715
66331
26079
10344
15530
67239
427
66464
18185
88404
20964
69554
65598
69392
78629
91835
24390
30481
87391
92008
4639
65227
69694
22190
8577
68258
99814
77461
8947
84279
10558
5303
69104
64877
95155
84376
6688
27891
89147
30596
69803
13578
84741
90356
71379
84103
82734
24689
74912
20272
90854
91143
13761
73160
66622
2160
69147
94358
69629
81808
72226
30374
5788
8069
80527
85148
21527
76388
92818
74342
93595
90979
72466
14066
16452
67044
91315
86889
76773
7017
96909
20250
85680
83647
75929
67040
5681
12070
3213
22653
70773
15894
88630
30789
29109
65366
81245
87746
80487
67689
5852
81716
82882
69601
73097
97586
8213
68600
3533
70959
89678
74498
72337
8136
66078
66003
97443
71041
77653
82110
26577
65066
70576
15719
86146
65017
86227
83083
77683
77031
74158
92311
338
31094
70405
79589
10213
31147
78642
18229
65267
72803
74861
66529
6292
70109
70752
65043
89614
95404
71243
96466
21257
70781
75324
14139
72580
79340
29814
64801
18545
89949
7540
96902
66991
69431
77260
23895
67198
65070
70261
75712
72028
32135
71264
99875
6155
6989
21520
8449
25748
70581
30781
67410
21581
68899
99253
10186
89636
72927
18382
18174
97436
93392
75434
5529
83268
29586
74000
26027
23795
80065
70889
71397
29904
79502
85193
82130
32192
23572
76146
76934
79131
75365
76222
83044
92293
5993
96829
94533
96608
72550
76423
2949
90210
66262
68090
2168
69052
74161
72629
70907
66539
22155
74059
2993
91571
90542
95794
87306
16075
82998
67476
10509
79304
28660
71859
12068
78569
71268
24865
88271
69454
71527
77130
21029
74210
88088
75501
87005
69790
67398
82804
72654
16577
5595
25401
88012
87554
72219
87344
16657
67744
85713
30351
75686
14701
81279
22579
72923
13650
81389
28115
93656
26760
28313
80113
93333
89916
89045
29401
84406
85757
75171
78471
23206
96295
12449
80429
76994
79391
97213
69045
66247
23363
92480
78239
80185
66945
73353
84076
73540
87170
5957
65307
15793
29687
20682
72143
71996
90879
232
76168
2570
28614
31158
78001
67806
84594
79740
9554
66705
85596
79286
74098
184
21728
17220
79948
69607
18763
84883
23107
92057
71983
30315
80351
17198
79630
85854
28150
18898
73804
6640
16780
20892
80198
80404
1978
27773
76880
82019
18208
77415
66889
21177
90767
24540
74810
68728
71203
68181
7423
68316
70801
86537
67109
87242
6118
72582
14809
81328
68045
97836
77413
66954
78477
69385
2453
84762
72530
18872
65699
31073
90027
22599
30233
71471
72533
26837
69537
23567
96863
75733
70256
84713
78454
26818
79454
6484
68793
25216
71860
25121
69072
500
72920
90669
72439
25763
23833
24772
91119
23923
1594
6571
26358
69021
68937
25836
91959
71911
6236
71533
13601
67733
95827
66968
349
82501
68379
68533
77109
85176
87053
23140
66488
76455
82713
71370
75915
7816
67288
85248
79057
81291
73374
68412
70447
79759
77166
72950
73576
28459
92149
17064
74432
92988
68014
15959
18682
75058
65422
94304
14381
30653
65523
30039
91030
77489
8882
71549
1207
90048
3918
30377
82803
67409
26002
85146
69533
95755
84648
89790
10342
73820
81826
18445
92940
11518
4988
75779
15859
26389
26157
79216
93662
76848
18002
73123
93219
65072
86958
65068
2187
86820
69337
28666
76021
72610
12925
8763
73111
28339
87799
20237
67906
18807
10950
28366
78650
25886
27902
23894
17185
76509
78142
67014
9202
66399
94307
18735
1811
65999
17035
12918
83310
2139
12728
70990
73141
80837
14089
88521
69418
83179
90063
76159
76332
18022
75225
91490
79935
80104
84694
76277
92113
26328
71378
28509
27888
92220
95182
7939
80755
85298
82249
67334
82986
73339
26749
71148
67633
3007
31565
8
82345
68691
77283
74474
28238
28026
11075
6209
76798
80649
69132
70817
85150
82699
69622
68902
16502
68524
71894
93516
69736
86042
97887
67097
69956
19596
12566
81339
93238
29841
11105
77921
68938
65593
80242
70285
82469
72001
88544
68584
28143
72415
8074
72758
3157
96725
30072
85190
75885
11448
86941
77422
97804
65918
25460
76419
24149
25597
89607
91524
67777
91697
5981
3691
71962
8460
85464
66418
66310
66531
75412
70222
78129
87850
71081
4175
80892
556
91033
65284
6263
27769
69897
71817
99156
77107
73165
11628
8477
67897
14889
69668
73452
11140
72779
81099
24862
82341
91339
70122
71838
91838
89316
88436
4758
22141
32136
93563
93798
69632
79402
78090
70369
1653
25100
80167
31024
91533
90934
82008
68186
82636
78136
79842
68834
95632
97212
67642
7699
92467
71922
71689
30693
68817
84143
528
10568
5489
74229
68759
96210
78690
31711
69776
96563
71429
25678
76116
81232
31337
29896
98437
69509
91919
94989
13245
8648
84540
32689
68347
25628
78413
95332
15407
11712
95357
8626
89069
83099
15907
10025
67310
79951
8186
27653
13333
87634
93431
10007
22075
65391
87474
91092
65211
16119
90575
66108
66402
71295
85506
19517
15343
10384
85419
662
88427
84138
83216
76330
71500
83476
84812
76381
17133
70939
66093
7678
89309
81868
75454
80643
27097
74868
6838
69419
65514
13286
22385
67815
26401
78720
79889
67708
80318
69691
69420
90935
80896
8936
28558
90735
80854
78831
67584
73898
13323
73784
27002
26595
75528
99216
9488
68464
68029
82700
97204
69949
78314
14906
74964
5751
26425
65914
94080
65942
78660
73677
86709
71915
32346
84672
20913
24362
66130
73779
72955
15828
29050
87646
27307
17357
84585
70255
69687
92558
67600
84231
81546
95344
87422
66975
1455
90332
26334
97081
74674
70991
2622
15842
76024
65656
93850
86235
74704
24734
71768
91982
86961
84474
90149
31476
32712
20434
78047
94550
3438
88840
16806
84980
88549
81069
19973
69445
26823
84341
70338
85316
529
71082
91309
72958
65348
66332
85798
84495
3209
21600
24136
76205
65617
95045
21296
4200
82362
78177
24918
78498
65407
25528
24437
4386
66807
96266
98061
11528
7888
32380
20149
70956
82526
70465
71598
71204
17012
76577
71646
8871
17070
76515
66736
86974
85314
68415
78365
67712
24742
96948
99285
13942
2264
27684
82269
80348
81227
66248
69394
87948
18690
4206
70001
81715
72495
3760
87838
17755
27897
73563
25284
95177
68099
27439
71938
91182
85809
76439
83569
98817
7127
70033
83035
73084
2237
90222
71881
10216
13193
96735
78508
68410
71944
80322
86687
9855
76329
27604
83667
73903
85026
29173
91297
90415
89428
74129
80917
68661
80549
16667
739
1841
66090
79281
23488
90967
73795
88542
67423
27947
70354
17041
98909
94476
69082
79299
83803
7744
80034
73092
21239
73319
94876
76264
89379
28107
86895
83534
65815
76453
11688
68456
85889
21096
67850
68158
95670
25565
72993
19425
70866
18296
14067
70469
18446
8835
14524
1632
92352
93188
75409
10574
88301
92283
84194
27677
20385
80403
21034
69192
27620
70221
69507
82029
89799
25131
79893
22400
89418
98596
80908
13977
22448
77759
5755
85374
17309
20579
71517
70728
87161
20605
89453
30163
72485
469
20303
66175
5619
3873
7516
8341
69148
70970
86471
13438
89130
66179
2496
70571
90133
2387
73045
6752
72410
98648
24965
223
69062
4802
80398
71539
19536
24744
75196
4008
89335
91387
68774
10065
73991
70409
85919
77993
72111
83059
67402
71000
77846
86328
70429
30512
65575
28529
73886
68788
85453
86430
96761
88907
73670
81016
27077
18936
17935
16379
83885
86082
75578
4071
6580
29516
67814
77045
19345
84913
78377
88255
68480
16020
1190
69058
86963
12906
19414
89754
88126
27516
73274
7160
14589
79348
91109
83926
98800
92023
71066
848
81696
72545
84890
80985
21880
6226
71328
5344
94069
22117
21929
67853
73220
86461
85324
9109
82960
1712
89370
26412
22511
68715
77374
17699
30428
6463
88041
87594
19085
68444
88168
85343
29776
69619
66403
8584
90001
16122
13800
7772
99141
78030
95043
29494
11722
66504
79536
71280
8805
94115
90850
21369
76357
71091
99331
74077
71569
98064
13433
75069
74181
22589
15009
23898
88124
77848
14553
75651
72660
76621
23016
3935
90276
78510
80331
843
92687
4432
80183
22406
21664
18112
20927
30853
7377
75948
21510
6047
10360
543
6461
26108
81011
71448
67435
69518
74482
94996
22355
67031
74672
87528
70178
71492
18272
30564
13984
22848
29371
12619
79405
72535
287
69725
77906
19881
71993
26759
15721
84334
67629
92389
85885
23171
66144
95348
88831
25990
68620
94954
98355
8359
74466
11959
79112
87218
24123
94014
67451
96056
5403
4472
66984
74267
68015
71073
83020
66092
87514
78592
85543
66646
78705
66174
77199
67558
69979
21048
25355
80048
151
78992
2975
31347
88891
16860
24737
72675
70941
91971
70647
89579
86195
72941
29359
16885
82024
20747
88853
71662
65803
7671
32433
89617
69481
78146
74102
90376
83821
23787
94313
76875
97334
89558
25953
71363
78169
86969
79971
32654
78154
85317
67053
85951
67969
31940
67650
73150
95027
73944
21790
92641
70357
21502
99522
1239
99622
95931
10212
83853
82178
14155
10279
98739
70992
67022
66218
30527
10645
88745
79697
16858
85975
71368
77251
70283
76155
66819
96599
72928
80179
95782
31401
77548
68835
67624
78485
79978
80419
87659
14156
95103
461
73184
13046
6981
77222
7884
26613
72066
75875
67722
17738
95961
91025
29894
80361
30029
22460
4084
80620
20805
93110
72483
12293
12742
25530
29600
95143
69234
18422
72719
66455
7037
80463
71564
68367
75673
85933
8514
78182
95442
86739
7791
94441
3086
79355
93564
92446
29636
93608
14590
69205
66040
65991
78445
68811
85999
1165
28268
76488
29067
66895
80727
73107
89455
85027
88362
25712
85805
94880
66684
93856
30102
82358
27275
24162
92801
76400
75958
18062
73392
82266
66428
67257
81413
73912
31652
1554
21784
67447
14335
3849
70459
10543
79902
11776
13972
6435
16750
4619
92512
67213
66052
14595
90268
10089
97507
74897
13148
23958
70563
22585
32231
69241
30189
68047
84940
27871
11678
26290
94658
18985
4849
78107
98790
14026
3196
11510
66602
29165
77748
71413
89514
90050
71454
77106
90904
95777
81807
75092
18696
959
82133
69775
6723
76957
24834
12640
10635
32536
92593
22276
71490
76983
71406
8365
81342
5294
29210
89839
19170
75226
16382
28242
72982
81873
84451
66928
72027
74269
76686
71375
87571
11022
3063
29824
22512
84091
73176
5928
8636
14533
31280
95242
89996
1329
66908
74824
67292
92399
98751
25030
17369
1617
91278
23536
66127
18536
95888
77428
84448
75235
66291
90534
89352
98275
88561
71786
87087
76728
22623
74756
93014
68275
71032
25243
80269
87155
89266
95515
23873
94010
94383
66815
19238
8285
68539
18899
79516
20028
30332
71604
18298
66367
85717
82782
21574
21501
71005
468
1184
11865
97232
29517
18475
83984
13362
79899
87027
1892
91786
73584
74686
68766
70443
72137
14624
76975
66744
6517
69410
12111
78017
73372
32421
88894
66732
74409
11325
69534
70874
96205
9298
66879
27296
68427
8217
95169
95471
10391
70003
7226
20740
92924
11173
97801
77997
79369
70110
82060
82548
86683
88177
99744
78122
70655
76291
71026
96547
19819
73723
66199
72730
86767
18101
86846
70238
7003
2125
18526
97206
66961
92411
25218
89652
93801
71856
88313
77855
9759
71733
84743
74697
81849
70683
30229
66355
9720
75421
80036
1532
7152
20367
74597
83200
68666
20003
18109
70995
88210
16284
69328
87125
77532
73263
15990
85961
68122
66493
79512
86401
80022
93960
15011
31399
98963
4394
98640
869
77344
32237
21721
14244
82980
69349
66845
75119
87761
8433
28286
14034
23315
73017
70516
69329
83057
9452
96219
69119
68199
79219
87542
31299
1320
84997
84625
83676
83951
67973
68142
99661
9228
70345
91144
9783
5215
73235
76709
66759
12062
10618
89843
89220
71515
27377
21898
73299
8895
67800
27709
91464
87701
74816
23670
92268
1735
3895
26443
8968
80607
80791
26517
89276
68973
80209
31945
77238
83819
66545
19733
75531
78257
22036
86078
75344
67688
12454
10421
31321
22757
66949
75418
91395
68989
22772
15179
20105
76163
1147
89748
67839
98000
89188
79795
68406
90292
98968
10891
73978
90997
84692
73570
16292
17193
6423
69634
25150
23608
26840
68637
7009
93363
9216
69311
68547
99989
73817
86052
90952
30995
69070
13815
30142
6931
15643
87615
81961
84089
12441
89032
83646
29321
31831
32097
16041
92162
26844
81332
17631
86137
85730
83313
92640
25931
84704
74383
1375
88416
97969
28187
69697
92863
79852
3482
78358
74835
74363
74359
70225
91436
86797
20668
76550
86444
81198
28863
92460
75031
16315
70452
79235
13951
16401
88945
70104
17277
85201
81038
10797
75258
220
79985
96520
22332
86884
99832
16263
75847
24375
85036
85936
76555
21349
97905
80252
29131
3164
21988
81001
80456
74155
80522
69610
85785
71302
18377
99758
92140
85210
27436
68720
86285
28094
22674
74843
12976
11217
67631
79859
13516
3778
8935
4234
902
29276
98953
86048
76619
19229
86326
29306
80786
36
92439
82505
96874
76032
6847
25719
86753
90713
27734
72346
83733
80060
96825
71901
18691
66512
24663
3365
90679
70018
86218
80019
85784
88919
99043
80227
74037
81966
84271
12710
97958
29280
70844
77720
82017
84518
16698
90170
29097
94570
74442
74641
77276
28659
112
11405
66651
66983
77969
87048
72707
84039
30538
13832
3822
85804
68862
66884
91300
16210
23332
28569
94331
32021
30048
69835
296
87495
71030
76850
2255
70803
14794
9258
66742
68395
93316
27660
94314
17136
86367
70025
20381
74590
95604
97466
85791
4518
73212
94539
21283
17527
70372
66745
1943
11931
70115
465
94508
7861
75348
390
28959
14781
12933
851
3758
85910
96045
81233
30440
67037
68053
69140
12767
17715
68705
93602
80829
26972
79673
79866
75971
72124
80122
79798
67835
94429
21870
68673
81801
80745
70556
70058
73589
69501
2954
77579
18154
28161
94207
15327
89107
80858
1989
87569
3048
18201
5660
26148
81176
76354
26482
8434
87341
27147
75236
74840
92384
84616
80785
14890
69402
20406
72776
16906
283
87602
27922
73881
26406
76603
24418
66796
15264
19833
27342
77037
77269
2047
67069
69720
82530
73254
23184
73236
71991
76939
8166
85383
15686
92302
75725
80493
19703
81472
90710
18770
71289
76070
70927
73384
26586
94938
89420
74910
98057
88522
704
84115
24876
24765
93094
26426
79326
88377
86988
92368
73101
32506
71738
25912
98617
89244
76508
80160
82243
20586
79696
69417
70412
99827
3722
73245
30079
92849
25078
21531
14101
30345
25811
68003
90137
28205
68522
88530
94845
99613
521
75780
73843
28239
74117
24263
3360
74542
14915
81674
98981
79318
93964
30823
30978
78548
74817
73857
28812
7128
17930
82601
84430
23733
78448
90495
19241
72190
81028
78676
28171
3572
32468
67020
87671
25091
1264
75249
89891
85068
80740
89256
91999
95097
88273
24675
4514
67049
26798
17606
69086
99647
72761
84388
68486
71869
60
77606
537
28285
18956
81637
9509
80995
10398
73827
84572
96172
27908
15943
99882
17684
83867
23864
72859
98833
6474
76211
31027
67388
78819
28921
78037
83375
11617
86489
81666
92645
74016
2281
1440
28430
71854
20071
23979
86526
69966
78075
98036
95523
92337
72203
76958
4486
75723
84721
21513
89850
66943
67316
4525
90723
3388
3578
85261
75859
10771
17636
12599
85865
68121
32702
83132
97480
90327
76069
13208
26503
12301
87015
81003
69024
29975
77228
96453
14819
9829
16584
84663
7842
16390
87878
72566
27774
66993
27235
73793
83377
18879
73645
67570
90897
72621
77149
77189
86417
72935
5630
71415
68648
30243
70723
90667
19811
19076
77342
91340
29825
12597
9146
77747
68767
79377
5500
8510
68035
68536
14538
10578
91699
72887
79906
71102
20924
80281
87585
72042
68013
5289
79724
27520
22821
14872
8421
30439
74455
74632
91215
87080
71088
72633
77213
24579
90944
77554
67948
70696
97573
91095
4041
84282
24374
66988
7195
99433
82158
93918
93515
6905
20072
92895
99042
18796
77818
76886
92785
72437
21307
29633
96311
79465
3554
23732
96674
88139
89023
97948
75853
73902
26994
92887
94810
91559
95983
89341
74938
9038
86306
7241
32197
27511
83325
93716
77296
71246
77784
72498
75672
2835
90297
70887
82140
84121
73920
26579
24661
86399
81821
71159
24922
1701
67964
12851
68006
74319
84045
97322
18848
77234
76138
74280
32236
11611
73748
16613
79180
97501
74321
78196
8312
24388
92087
99423
80053
3811
24681
5159
78732
578
19357
20837
75730
84169
16639
10988
78076
81803
92515
5094
84205
98534
20323
32446
81118
99826
73798
12995
70650
68779
87157
91052
74955
68333
87961
22617
29818
19403
12663
26856
83692
95765
71954
84943
71079
25579
225
73301
70513
67174
95162
74787
73699
6756
14479
67443
74887
32567
78600
92485
17860
6529
69506
97907
76356
68309
22777
75679
17643
24062
11990
16717
6674
81062
93818
93144
25837
83224
95746
10920
85931
94321
11545
69080
78188
96706
9912
84444
23709
19998
99879
15231
70518
74759
14485
74367
11407
73904
87851
73257
11219
11893
99508
97219
73140
5229
74206
92529
13494
67880
73227
1562
75851
31121
89918
128
14371
71811
74377
87009
7400
92767
2943
85573
70669
75976
95579
15497
84985
67852
74169
76022
70764
6695
31721
80509
12685
72818
83406
1992
23539
75037
5396
82373
21286
14738
2676
79345
264
99080
26467
76303
88590
75511
87077
90617
73292
25780
90208
85409
87293
73739
26281
93020
74745
68669
76645
23690
77103
72305
94449
76262
83735
16934
15140
32063
77560
89788
95695
23618
78851
94447
67387
75184
69525
75484
22582
68850
98738
74645
68787
90444
71169
85396
95458
27102
30270
98894
97370
25523
26189
73375
77061
14272
27945
28448
75583
68752
93757
15861
71421
78296
74265
26459
72879
23026
582
13611
80732
87751
90931
30758
5938
76376
77691
3314
71545
21740
31214
68500
73568
8856
69278
91822
84073
2418
20306
83116
82446
10799
1233
3911
19916
3980
4166
83739
89369
19115
15413
69128
95673
11953
99273
26975
24970
10143
81080
69136
24572
68790
77932
82028
23811
84022
21777
23673
68022
79458
31055
82121
69745
991
81405
18938
22793
90248
16004
90571
90970
76860
22409
72735
18385
8558
84621
5006
76676
93695
75307
88669
15375
3361
90537
95435
73324
26745
96147
85514
91676
4314
73234
14583
95483
88989
73016
92438
92341
97510
20948
69264
90095
80455
90038
69663
88818
25858
77324
75149
92918
23875
80679
20824
27057
73735
94900
19056
75645
72157
23193
70382
952
5631
96940
11206
4327
76951
68764
20831
75035
4780
32078
81242
70183
73948
21696
32412
72220
72256
90379
67401
3208
81747
69245
76186
84214
4333
92059
12257
85884
14318
6242
92186
86302
86488
80903
74448
93432
73745
97251
19203
76039
21428
6154
68094
85479
18023
16851
31708
90446
79296
21950
15241
3583
88707
78678
79065
73350
72714
91468
86403
67468
78842
5029
70397
28309
16325
17773
11905
15914
71978
82545
67867
91981
29167
81859
84570
15981
71052
68409
78027
88162
85016
6175
86484
78750
98031
6985
69017
74478
13841
92279
84722
10566
23222
69849
93586
68585
71565
72465
70321
4374
9538
9334
92764
80007
74379
11177
70373
90941
15113
17121
73202
70009
29218
82880
79042
12206
98804
20798
95481
99925
75666
70174
73766
72822
96370
23798
97840
31267
95824
1764
24193
29867
30939
68942
84036
91703
70785
83361
29500
74793
83309
87854
2163
67635
6582
21888
95912
28311
2692
84785
70778
9661
4683
82952
12583
77089
88322
77408
76416
14793
84302
74925
23782
15423
71814
68061
19139
79323
93910
86789
74082
82418
87821
71135
18556
72412
9329
78887
91293
91270
72365
19503
99932
74101
13150
16182
82119
18434
94325
21322
11588
73014
86839
17995
7046
87448
25478
82108
84960
72528
28972
25310
14221
10616
21087
15263
80864
74126
1549
69125
19392
13124
68829
74860
70402
6038
78115
22379
95550
14184
319
75908
83742
76077
74334
69479
88836
79829
32519
19963
77291
28034
81185
83531
71432
82302
70847
69651
89498
98238
17984
70876
7463
28600
29348
15821
90326
5132
1795
68858
30646
97977
18865
92901
30750
20055
68125
72274
98484
78744
28060
99612
73077
69153
76192
85431
24348
22655
73432
67976
72252
19454
77716
12643
6962
4959
80342
73531
24517
3753
79161
68638
83257
15875
87245
77386
81036
21983
74452
71371
10347
20842
73358
4280
73733
20274
77540
88517
87396
17431
26884
6146
86128
91437
25933
90343
13787
74164
94218
31448
69253
79357
82313
83084
29512
99546
71504
69436
7458
9340
97945
87993
82696
79192
86375
86897
70915
2493
98181
85629
77814
1756
87258
31843
70284
72331
14231
29029
94941
70296
89893
93191
77487
82032
2823
69470
21027
12963
10773
68729
25759
69416
89664
7221
72261
82926
72880
77887
2957
82395
74061
76755
3320
82819
15924
69844
28121
82354
72635
3262
17637
68582
20152
75684
80344
86906
68267
93741
20904
31378
72519
9186
67716
77638
83056
77012
88063
83073
98936
91077
72238
68303
10254
83519
74503
84661
10209
87695
99956
8512
87424
68513
74999
68843
70893
11958
76124
18303
97002
81058
27345
98549
32701
99444
19176
13118
19800
91911
75878
16910
86536
75189
3666
85846
10973
69812
8840
70081
78507
80337
24938
78646
4646
74266
68266
84349
20282
27185
89670
85742
83900
91308
71678
73242
28325
78419
98025
83523
85783
77050
74819
91996
98215
32069
82213
25846
84526
15293
14007
27801
68250
20217
78271
92646
20639
95812
91195
9158
95497
84361
69237
88127
88879
98672
93981
12535
81455
19768
16570
78700
15418
89433
72321
75598
70006
98871
2201
16703
5288
25838
97750
23658
74347
5083
69452
72480
96779
88823
17656
3958
77715
1536
73876
71187
90350
86674
68033
84561
93548
69626
24227
71521
11868
80575
10030
22476
29476
6717
10297
69211
68598
70685
70867
71361
24125
22226
90022
85556
83878
86095
95820
90769
76655
71608
10837
77775
68974
22438
89860
69517
7751
26893
29142
86363
7658
73700
76493
89984
86960
81114
3618
74303
3962
2918
68780
75124
30678
87483
27065
77411
6395
81161
79450
12809
15858
68468
12751
68703
3644
23437
11031
75968
22322
93329
82146
83486
72652
16749
85117
31745
25746
91039
7882
10840
68164
82468
83561
67917
76484
6495
25372
94150
70791
69924
69918
78559
20800
85166
99957
17588
72940
87348
69905
18532
95617
81789
18939
10198
28714
3960
74284
76960
95233
81925
29355
11163
84141
78282
18535
8070
18835
75786
79651
82554
70727
83874
94186
84156
94697
11683
13486
91496
10477
31013
93942
86282
21477
91739
73011
98798
69151
68832
7741
97083
99275
450
93749
71541
87628
92679
79410
69222
78012
78839
3006
2911
4310
71050
89311
78709
92250
2947
18693
228
69621
68839
78748
69669
85960
70295
97815
75596
28857
74427
79272
97579
86724
94729
99465
76725
77992
6991
9708
99486
6867
95462
16876
72841
89367
78246
95427
71988
69977
8950
70500
72605
11157
97409
97934
69238
76092
21642
77437
23355
97446
20816
82971
72441
89547
21967
592
20451
6211
79218
75942
88147
11984
16790
83507
74344
28966
89110
83278
72534
83328
72145
7126
96897
86283
84307
22944
87756
74145
28387
89671
86785
7512
89930
71033
14393
32222
31100
26562
88968
8091
22080
88503
98791
82340
83390
90539
80166
98089
92766
17949
71748
69247
13558
86232
30127
73177
22047
21693
73774
12006
11717
22459
68912
81547
75432
353
3861
76830
1464
87329
71313
86567
83402
98444
83542
71754
86351
22925
3131
19926
90772
10813
31161
94194
89694
97549
93713
96703
3401
71012
94299
71316
77183
12833
28433
13253
19636
78596
5328
93464
79351
82330
8098
69780
32474
10445
76132
25308
6189
82549
5628
27806
13692
89072
88149
78267
14435
9845
12985
79974
1793
32698
70954
8371
4996
68619
29111
12662
79933
86200
76695
92935
83896
18266
84224
4753
86608
73842
97798
97195
11679
89062
10045
21669
72820
19150
94786
69322
5277
97372
80054
73801
80014
23945
82315
31857
73533
84227
16330
12738
80987
94486
81554
10628
25526
73554
73356
24129
77613
23977
26953
19750
76384
68806
86261
7588
96257
73049
74579
81111
75923
26266
77689
31962
68457
87545
29777
14259
25223
22079
98085
68237
77563
70997
91846
4993
19487
2002
87795
12754
79416
9686
24587
77047
87626
7106
1953
93951
70456
69109
70479
25172
3348
3891
494
72040
31340
673
80658
20915
7167
93418
76206
21774
31065
74914
87159
91819
81899
95131
4452
74576
86178
93502
29826
74182
75520
98624
70477
5482
99061
16376
68346
30117
93992
20336
78039
71392
69026
98866
70925
77856
72861
74652
3836
30590
69444
70824
23961
75731
74705
77124
76433
87393
19205
4231
3846
71777
17272
97540
80016
22433
16358
14416
75783
84622
87567
5578
24578
78662
88491
29735
321
17096
29393
74282
32561
7018
72230
29806
17097
98662
87331
75945
79848
73283
8727
73436
90474
89942
98049
69753
86249
8623
26321
78186
13727
76217
98467
93912
95453
79639
3126
86937
81224
75389
28507
86205
94631
89535
14387
999
15937
94021
83641
74162
98278
90202
87119
15220
68546
81895
1523
76582
83656
76600
13131
9409
73415
10612
92036
78173
13393
89503
71387
91740
9639
22897
68655
93029
72738
88398
71657
84959
4953
76731
1266
71679
86138
32015
97651
26350
78762
72194
89325
21989
79723
73287
82074
70258
80086
95183
72517
27184
77659
75086
80600
24880
12496
15720
71177
18138
26891
25923
71427
85326
2408
10263
85428
28159
97078
92678
96691
28255
26752
21741
80655
92347
89852
91169
8528
13479
48
32525
14657
69553
32153
4770
14823
90549
92232
70639
72896
72225
80711
92652
20745
28283
27591
97538
87319
13604
77850
13282
92798
90303
19057
77580
6778
68818
16217
68596
82208
96533
23095
23711
86459
95366
75523
16443
69959
75992
73376
82773
85780
74083
70957
11629
1017
87138
2509
12747
99221
83912
69047
73891
77975
82195
30847
90409
22982
30041
72576
70302
70454
69358
75463
25345
80439
69333
82450
74577
76644
71369
87485
24187
8480
73081
3701
72823
87186
73034
77959
69169
5063
27001
78359
13629
83161
7726
95062
9543
80646
6573
86380
2810
71837
22256
82916
105
9421
88908
415
84639
25862
20923
77399
78722
18137
21050
91574
83723
77155
75231
18992
69867
71613
84922
24488
2345
89218
96845
20051
70262
1182
71447
71283
29712
28731
15826
82966
86069
71633
29905
10777
13015
14205
81151
96010
98850
2307
30568
69287
88438
87827
27933
84216
98309
68742
591
13390
96095
77473
95478
81710
30948
11098
81105
28200
71827
26182
5219
81972
73241
82674
95764
75067
94727
94492
73094
85924
97630
10550
16808
73523
13582
89474
7873
92354
21491
93319
83003
25263
90916
77430
17551
95665
82937
77397
18621
29961
69163
29345
99861
77456
72921
85572
74322
74398
82946
96239
25962
72669
11987
19722
78617
7379
14935
68754
87054
85126
84501
74166
82748
23202
73003
18765
25316
30856
74880
82261
857
23571
13246
9572
93527
72536
85834
70542
94955
8894
3399
74604
16251
69043
92090
32279
81790
11138
88585
29196
97265
30194
72936
73642
90106
90847
8683
98713
95196
72384
17346
95157
74066
78307
27010
74316
20947
74529
97378
91519
5436
23426
74537
25332
5183
72178
21404
10741
72976
4894
9166
32600
96225
13101
11231
74942
91925
88233
98601
73734
76317
29436
31976
79481
13254
76074
91847
29314
72315
75568
79983
72118
80981
79570
73692
11697
26799
99459
84491
8765
91854
3710
69310
22728
87609
77024
88334
97679
97424
22107
83253
98116
13324
71476
20015
97059
2181
75243
90242
79764
92574
1771
77102
92676
85179
69751
3828
83616
84367
31690
80989
81120
79311
79924
8340
68797
77191
29746
12509
28996
70051
8969
22255
84096
85508
74544
8399
69899
74863
22191
14463
97862
70433
29102
78443
19935
4366
8518
9679
4676
26736
26326
88284
12902
1002
81773
91967
73593
19772
92017
85662
4612
29018
71982
74952
71779
71377
5892
12799
79031
93148
89105
94725
28307
83371
96767
2910
79006
94985
75300
20567
587
77531
91076
18215
24953
21194
72834
70095
28384
28705
77717
1894
80882
90006
8859
95631
77566
96872
70135
4857
29452
94290
20704
71957
85044
74156
84088
74444
86747
12511
97376
76225
4337
81870
7922
79198
95589
4733
9867
72481
79048
16880
83228
98641
17088
11998
10544
68907
83220
92618
77224
94177
25125
88386
166
74812
77113
12228
16621
18998
3288
97077
69731
90057
17228
28622
76573
78029
91048
30330
81163
88802
86092
6303
72717
93388
81508
21840
88985
7284
71664
81358
87755
11558
82761
16482
10068
88111
5470
81733
72332
98336
74072
7906
29495
74871
79466
89362
8885
70048
89462
85869
86212
16826
72620
90666
71140
93306
27928
30083
4907
85824
79148
80930
9698
92882
5622
72712
74461
95127
79213
83139
1108
81043
73414
19938
71776
10659
92462
80869
87291
89496
70445
74233
11902
13378
30378
74600
21623
12314
97302
82112
83187
84056
5810
68976
4843
2327
80157
2611
82929
98652
16893
660
27860
6248
89442
69732
12374
86112
32658
23682
13533
15958
19069
83270
74212
25694
79207
97902
70399
89261
76195
75408
20783
81965
16871
85052
76337
30532
15676
17733
18754
87891
72960
1561
28584
79547
74139
70793
4836
73655
17333
20880
82072
75907
15918
91636
18339
79366
7560
80898
76143
79754
86554
10572
32721
27926
95068
73705
92358
139
89662
20413
87947
87375
70343
91011
90739
92603
78632
69288
70582
77843
24838
25592
74029
4145
73055
19501
72257
86824
78333
70948
22283
11827
79175
73654
79962
82483
7120
3060
92542
96878
79694
15124
26083
3785
85593
15060
74142
95878
71121
8732
71637
93571
77902
5300
92783
78584
92340
79099
88892
9048
77774
97924
3537
76255
32173
11564
93233
84391
85695
29815
93167
11586
16386
81483
70693
90003
4412
70795
87864
89715
70297
81979
11428
96888
16276
87506
77039
76046
17847
13797
76380
84664
2854
74443
92231
30551
82319
17849
96986
22534
69488
5697
80302
78013
93054
98211
1638
32621
73988
92415
26908
8485
81290
71535
9916
77550
9983
6406
206
31029
77736
77249
73930
93419
75499
69568
16972
94138
80577
18254
50
93446
91081
94865
81319
26876
10163
69688
96781
87099
75529
13227
16314
74263
77074
82566
77629
26771
13305
84744
7485
26304
80339
5062
20957
91832
87145
13632
75292
77378
88941
79154
85795
70072
59
70422
94960
74112
89239
97564
8588
71197
14175
26152
81980
69335
84633
17307
71773
22353
80564
89156
32517
82086
2921
8563
11010
97439
77041
69726
77134
82888
1903
82679
16515
90544
79329
29947
23102
99162
93561
97533
92655
89731
74395
20403
83307
85867
73341
70245
25436
95498
5879
10538
1151
71092
83459
29073
76435
73334
86113
13138
88570
27872
10042
29422
71164
73749
84108
24978
89945
84010
7133
7065
71739
77523
92257
97577
78072
82339
86695
88045
4734
14487
69508
97479
84360
21518
96938
93271
16368
12266
29599
26146
70526
9057
90014
86985
86400
73170
76486
73228
79851
13435
75716
9763
88513
98631
76583
82380
21381
77703
78538
28412
31103
79640
333
95225
2023
73166
24142
6917
89524
80784
5537
99318
77267
74343
73380
94100
72988
1256
74425
29206
1169
29816
89873
70292
25279
74506
80694
84127
18309
19734
72907
20575
15926
77541
88594
82068
93134
91882
70608
85496
9393
99821
89199
21797
71222
76598
16419
8377
91107
7465
94981
22516
91511
82747
76109
22156
84104
77677
81665
80153
74670
93969
13635
26967
87555
92831
19387
3021
27189
23031
2142
79794
156
32339
16255
73291
85375
7446
84351
71326
25632
30509
94584
16088
20615
9094
98046
31578
13899
70986
76408
86120
81973
4552
16922
4187
71581
23144
11831
20754
77877
94391
12651
23620
8196
90978
93283
72334
80570
30835
94829
22879
29424
28073
92692
72769
79495
71355
74183
81578
88689
15893
21853
79515
82606
12479
96409
20452
13587
98566
3841
81646
81116
71797
32242
77341
69931
31233
32206
4267
79960
70441
70351
13655
2924
28504
16499
91080
10451
73421
72829
24960
69911
79471
73895
75563
1031
7957
94335
83678
15125
71305
78046
32647
81165
87200
15242
8775
89925
85958
76034
15322
25783
28333
19911
73914
1386
32497
20095
76494
69860
14865
18003
77530
4810
87196
25854
71475
76308
8961
73154
18017
75808
97220
94468
96965
97354
82246
98689
70054
94439
90466
96567
82402
69701
79958
76901
9959
85719
81200
81679
92993
24629
19467
11714
91254
98674
79441
83938
79865
29134
22205
96733
5703
90073
8598
77707
75123
1716
13734
73340
21779
13665
72967
90373
86454
91942
6578
77436
78943
20813
14015
76342
5284
25323
97702
23997
25630
78229
70856
91678
22552
73720
84226
10667
12432
4625
80056
99561
94583
9733
16187
90181
93795
74849
98126
72273
16128
4983
21004
96820
26392
92649
93146
10305
7180
2414
76350
16862
25881
19902
81611
76397
83911
93948
76193
70609
9143
90481
88358
85378
9015
32464
94733
22643
98507
76916
89434
23402
5925
86728
27458
82103
70566
83431
88254
31493
70039
24599
88131
93868
81614
70383
24186
82802
95870
71388
760
15569
12849
503
99590
25958
93756
8044
79700
840
13426
1115
72977
76297
15730
78106
98535
26540
99451
76062
29895
96972
73960
95272
69981
18670
74338
16468
80149
96589
1854
93730
3103
76150
74638
312
85288
82651
78968
84901
87550
9406
93073
13831
29419
78347
81486
11362
5405
27810
69836
4179
88430
11364
32001
75792
77922
93668
72911
27120
78209
1379
2107
91720
73971
84758
74488
1656
4527
76667
96989
82878
99975
70505
23197
82604
74392
91097
16490
12032
84503
73300
69927
88911
98084
7471
75191
15458
88025
99789
22039
84717
31405
95496
69912
31287
3417
72736
80911
26510
70971
70464
924
74480
96805
21998
78117
1910
854
29370
79891
89400
74776
32740
76307
70157
84157
78599
15260
7953
73908
79408
82620
86433
10084
6277
94227
79670
76156
8738
80312
71960
26859
71981
70063
6894
83706
9431
75110
22760
7405
93972
73441
71765
73215
85171
73662
77385
76933
80112
11880
93257
22461
8939
74572
80640
29514
81607
78696
78859
70493
70278
82555
85705
22538
29858
76448
76294
1139
82918
2848
22518
76726
95075
92972
76420
87415
72152
19871
96134
93152
12572
8403
1631
96497
72970
75163
85632
24088
98310
12724
30956
70348
95774
74855
2119
2334
30309
88412
25224
14222
15173
96754
86228
16247
19165
81869
15234
74439
771
76932
96941
69848
25919
31190
70043
32705
98951
4730
22242
78969
95253
9035
88161
78330
16503
70067
74982
72511
6318
24246
23423
79269
6649
11802
78654
81942
79039
94463
96483
75643
75143
82289
75116
70165
91212
5224
19428
96465
82855
17630
80541
80038
80220
88737
76426
78675
31524
74703
791
97143
15509
9325
94373
83799
71612
28567
22333
17904
11582
25073
81685
83512
86390
22210
81090
88865
74680
16258
4950
22249
8632
92745
21633
288
75011
74884
70216
88178
79478
26024
30188
86483
85517
11687
24442
73396
26197
73492
86495
79579
99457
9290
94927
91881
78917
7614
92284
28847
78256
15899
25183
98396
14497
74003
95763
88838
97957
88267
89129
75137
81512
32053
85076
75640
92904
90429
72158
88073
73477
21479
82307
85728
10766
73730
73838
21384
79624
11643
1597
71123
75332
18219
78003
72166
1742
30786
94293
76361
82965
76669
71146
4433
19757
75451
93018
87798
83178
85404
74368
71443
90087
71570
18278
18330
28189
20610
7303
79685
85503
7792
85369
22320
4189
75283
80249
19418
3032
6064
95339
77140
30736
86274
3261
77746
70604
31293
17988
30980
91750
1049
92282
7175
11816
92920
82837
85700
98616
84075
9784
26697
1560
15637
23269
74986
74402
6289
92072
83588
11095
95022
95343
70086
3838
6839
8067
95252
23931
96449
7972
91782
84855
1296
90763
72325
81573
82821
22447
28177
29694
98797
16233
84002
93699
90386
11609
81994
97300
71889
3383
75715
81052
22222
94906
98501
89137
26788
88357
77496
81396
2294
3106
78141
70186
611
77670
96034
98252
81264
89807
6775
13825
75359
32626
75006
2477
98585
24152
5819
1729
71299
74765
30899
90788
25967
11818
95849
2185
15558
79229
32368
80839
93004
84963
24997
18704
32009
7314
99611
89866
72422
75741
84020
24112
98743
70375
95507
74231
71508
5561
18312
23399
90968
84160
73378
75135
2406
82867
97811
90561
73926
24891
7189
79815
19745
77042
98247
328
92428
6407
25559
83089
15695
10564
83460
93600
73961
25961
7822
86679
5613
95731
92626
86019
88394
80213
19944
9671
15403
72199
20548
24821
2953
95601
24041
22971
14828
23108
32752
73542
71297
13606
19559
9776
2377
8569
91665
28018
5895
78549
98228
75579
12300
84452
93929
82376
92139
7401
12892
19320
94064
12726
82236
79074
29211
90279
94398
76525
10876
77358
72667
86908
78276
87519
71451
93141
71879
25667
21138
29877
23781
25311
76200
20779
82776
27804
19162
27700
21683
93348
74968
5422
85246
81329
30459
2305
85450
85720
70591
28461
72293
29548
78691
96507
15426
10689
87406
2434
12346
76447
75090
96558
99284
95237
86334
92106
21059
86482
30718
74239
10636
16755
97728
8832
30721
83448
70625
71425
29047
81822
88777
89318
17609
77631
86685
27571
5137
75493
83115
80587
13859
76732
83530
80082
80866
75044
89875
7828
32586
5357
99370
6842
6798
23192
25019
84939
13487
79658
28049
12653
11825
71551
5996
86496
18294
81060
82325
75680
29442
73052
83038
93320
99787
86661
6662
15910
12229
83639
12507
91281
91465
5973
32419
3139
80914
10099
73423
90486
27524
8382
24732
89275
95591
74023
99282
18012
97646
19872
99420
84425
87229
30393
71563
18764
80083
79404
94056
27689
24504
3909
23065
72247
74196
9993
70521
90602
77501
4188
21466
71376
19959
918
73825
72007
8596
90749
29943
77073
90252
71221
10206
85112
28208
98705
12582
77467
22330
23665
77305
73602
93584
71719
94939
86199
94402
79773
86268
78624
22573
82540
954
8142
78780
18470
22729
89776
13358
72842
25138
23573
32566
78280
80437
92724
74286
15723
82211
98254
71986
84707
84928
14092
82905
97834
91830
71648
5932
91831
1101
97341
89119
84659
73764
78066
24473
89350
93407
1639
173
76927
79453
17870
85071
24128
82578
28221
1419
76390
73937
5200
95303
22248
76987
96942
82496
94139
28500
71157
82637
73932
97738
4896
99257
74803
84891
8083
77347
28111
93763
5517
89446
81836
11437
94187
95652
75458
90864
73466
71248
81007
97628
99517
77953
84752
32255
72843
98937
23205
590
91328
24047
91778
72396
70774
71094
74839
91666
19154
90483
83594
14864
80045
85539
88727
6749
6641
29798
90987
97809
13500
71987
2922
83324
88510
89797
86952
28414
16366
70653
87142
70982
97217
8745
23406
20799
79295
91737
7610
15988
18029
17382
71278
81888
31538
78427
71202
9380
86817
75360
93717
1938
91244
11484
89644
77215
83493
76823
83395
75537
89738
85195
11986
92109
22741
31635
27545
30004
95917
94884
71589
77766
13821
6887
77245
14755
26081
72318
96684
26041
417
16216
99014
84675
7474
10185
5476
24593
75667
16574
11917
30447
78014
80698
18107
27131
99270
88156
5110
32642
8093
76220
1300
80026
8474
87809
89897
88944
94426
87434
10164
19413
70599
15788
72875
86476
82695
78602
11879
25536
31414
22502
7710
19794
7509
79901
78360
10800
76
77669
30813
12002
14162
73404
23241
75974
29533
97505
73455
77141
11118
86171
83002
79565
91645
9180
91323
26506
24673
8747
90973
6235
19492
81488
71866
89999
9477
26220
95227
92312
82735
99621
72301
22028
91269
9422
72626
97725
83422
94885
71693
70743
29309
85935
74749
84510
77454
83610
98258
71001
79574
83259
73172
71625
24987
20604
88554
71758
82558
24932
27110
89530
16799
19071
75649
23479
72494
75893
93236
9859
28593
17562
11743
91354
87683
11556
9961
74092
95524
99329
12768
88402
77931
6075
80681
88815
24755
9434
83883
90152
75646
24445
10046
94174
78728
25827
28739
15005
75386
29791
91516
72665
25843
94395
71349
71638
82593
81660
90000
87263
79638
25158
80095
19798
5349
16288
25252
4075
21252
80137
70802
81117
25357
2735
95605
83198
398
79750
83875
74110
78336
86636
72168
95728
86638
20538
28987
27416
21994
29447
18398
93689
32121
72525
11737
82731
84193
78697
73058
72142
71139
25366
98419
12830
87452
243
21101
12649
74476
96627
29065
21237
80133
16077
16741
91255
87300
99859
27714
92076
32457
80258
97498
82781
2444
78746
75194
98734
81877
83745
71919
87250
11185
74889
5522
81701
23505
21568
82057
29703
25818
8689
89639
97268
11536
92865
71635
17546
6198
93760
72810
81378
23640
88264
77723
71372
95910
82841
12429
79645
96424
4963
74606
17326
80077
31003
77278
29900
91914
81999
75603
97854
72191
28454
21306
1236
85510
83470
71736
21598
82150
74608
9529
753
3759
78942
82248
9197
6651
77263
74365
9134
74390
3045
90241
85445
94059
96832
77266
76140
71808
7638
21144
75311
20546
79869
77240
71621
75809
81617
86414
81622
24039
8133
26841
82444
23015
3373
25428
23327
25479
74864
90281
81027
10064
2298
6691
88050
79503
77945
12073
138
73582
96336
79267
28609
79782
2985
81278
81004
73042
77558
87162
10992
11823
19571
98823
80876
75800
31324
14810
4487
22550
23710
79973
94025
16505
94133
17758
24204
17881
30192
31279
88054
82449
1842
6139
78994
96415
98782
1102
94007
81325
16069
22949
75697
90838
23344
19100
79227
32597
83764
78703
20830
80394
72684
82685
73309
17240
22719
71652
31087
15194
86648
12594
97865
16507
75736
176
20221
82714
26477
13017
3113
98680
73148
85149
71536
19350
22899
1646
87757
5565
88628
79751
97008
75287
71760
88821
83389
22789
75532
93507
31912
84480
10965
71852
75811
26303
99363
30172
11235
85531
93714
912
84948
86501
72624
21255
76232
27621
2229
9217
82409
98069
71642
26754
14905
82038
27100
81397
16326
95084
89759
21480
73288
79567
73760
82528
10802
30160
21953
727
92258
23277
22066
75219
74515
99244
87605
73116
4574
30225
24172
76870
2788
28260
87451
80773
76800
28752
9956
77903
94699
5418
14576
29913
77785
73721
88752
28310
93453
14276
87021
14075
74197
93890
74882
81362
72806
17153
72084
84483
98386
19891
98969
11208
8099
17620
9365
32159
88219
14551
27225
93654
16919
78582
9681
73797
17534
85909
74798
14843
88324
6837
89327
91307
71518
80535
89766
83876
91655
477
94709
88983
93758
98475
22303
21420
22537
203
84545
75122
89603
99958
98547
25587
80724
3495
28174
73185
22842
8789
74583
14229
72846
95714
32612
74204
93655
28155
9905
94472
72156
72383
10292
15310
86253
73041
26890
72718
86404
1635
81612
91301
10945
22069
8807
81630
4927
92844
76637
72207
71559
5012
87095
3643
82346
81419
3079
72864
96372
15054
31681
9766
93296
73269
86738
72029
73553
25925
76874
17327
5805
23987
19313
4396
23232
84305
74708
77968
23471
73363
96676
78161
77572
94282
78000
90490
30886
80372
72619
19956
28933
10545
76414
77973
71399
89576
71832
4275
72791
81023
4954
24957
78489
13011
27663
21155
91488
89649
79271
2060
18686
74137
82326
28606
81344
85230
80126
96280
13409
30256
75785
81121
16351
93087
6666
80774
71698
78707
86731
6394
94467
893
75524
82728
75034
88640
74779
22308
14978
76534
87255
25926
82845
22185
32753
80307
3225
87540
75052
97164
81559
83053
18890
31053
74401
2306
91510
89358
25054
86525
24858
32494
93626
14165
87460
15594
74610
80360
15517
97229
78224
96149
72312
90203
96614
87987
12159
6845
20389
85559
86257
14386
94305
71750
7395
80747
85845
82295
75614
25004
4028
73369
89854
7912
90609
73308
82272
26682
24435
31235
85005
83189
23743
5593
98259
30359
332
6319
72762
97324
78630
94702
83771
77795
91983
4795
3205
13029
89898
99984
93171
76134
2684
8567
82925
22847
79091
98878
26374
72032
79341
75506
21855
96827
6872
88697
75668
87913
75477
19815
94607
95034
75933
5908
913
77049
4962
99538
24232
75510
18836
78425
74862
97358
78882
85127
5204
91713
72510
3307
71537
92893
97846
6891
17216
87023
73782
80402
466
31746
30126
92219
76879
74300
25797
74297
91401
84730
88145
29426
86622
71566
85063
82892
72882
51
9601
8713
27894
12903
22140
80943
73773
89426
84820
97284
26134
20067
80949
31143
92379
72367
24391
7097
12053
73397
17716
83233
8298
9841
75611
14051
1619
86127
14559
23397
83077
74170
5942
85879
30119
86478
21238
20896
77972
97241
21302
79992
9690
5475
12204
79114
80081
5191
12998
81543
87153
14049
28424
18210
75618
18048
72290
91425
77468
94619
27749
13215
86892
77077
85449
2787
15711
23845
17905
95842
23832
8833
6467
75014
97132
21717
13360
76341
32622
86416
95778
73660
10052
76437
12665
81485
2699
73892
3744
80088
71506
32062
79426
8385
27836
80215
9374
82749
18199
76102
10405
83737
15232
24476
85105
80639
24585
84250
78038
76921
28426
76239
28246
98890
7000
23453
12222
31039
28100
91541
88330
30511
2005
24739
81525
5474
73803
93697
2497
76885
72471
75801
73870
27145
614
78532
72631
80539
79225
82560
78518
23721
21411
76646
93832
88215
77619
3574
24849
28186
85613
77352
88582
4033
95166
12632
77193
81709
89357
73161
73907
71677
28772
91616
17944
6854
87941
108
75752
78268
16782
84249
74075
10789
94213
14432
85048
4536
10323
31936
77851
78420
23003
86677
26691
7351
74195
79298
24600
79283
29056
9391
77194
30832
72569
91124
5959
29305
21390
78258
76847
82157
1404
11780
74584
797
72436
98233
76450
74698
89613
10835
73996
71861
79642
80823
85192
87648
7731
90555
93696
30254
76010
73327
91540
99593
76289
23932
1294
91586
99800
88114
14869
99620
23080
26593
27244
74714
86887
75462
30683
26615
91864
7433
15236
74777
14492
79470
74556
89004
76292
24771
84522
84046
16857
80919
15518
74647
81056
16995
79009
6428
27727
80676
79008
95466
21385
30273
13089
32221
87234
16164
72180
85237
97379
24376
81686
85337
97502
10187
71883
32480
88067
10278
82235
84547
79551
1588
30850
30955
10647
28016
32583
9022
72715
92285
81809
79400
91612
30333
90266
96386
90961
73117
85519
93947
79820
73863
76481
17453
5574
863
77745
81890
2709
4497
2681
14290
85641
80297
97138
81720
79535
97237
75732
82861
72092
15786
17438
81156
18507
90275
81729
425
2602
77940
74879
7519
5316
71931
72888
91049
25326
24367
77085
82294
89937
91
96766
14732
98702
31348
19335
95329
74516
80950
3715
84124
996
3178
75842
17955
85969
95318
77896
80599
91302
95537
72647
15997
29587
9741
78368
74616
83234
90138
84221
25582
6708
23516
81250
73395
91018
24648
27672
83555
90263
81530
89240
88460
9117
77220
15043
83339
4994
966
19657
833
15396
11877
8205
10690
76221
76325
88532
6815
8126
9958
86448
2624
99816
3950
9487
14422
79884
75819
11859
78850
94225
81017
98491
20743
78725
83376
77936
9549
78891
88309
86243
23862
81139
90760
74109
76649
92331
91189
22862
78894
14934
85432
81792
1462
85481
78474
31110
1685
8237
87031
18672
81356
76883
10475
73028
75076
14762
17420
19272
2654
94440
78200
88101
14182
20208
29373
28661
75362
78083
89982
22056
71964
28759
17838
30152
9320
92291
16415
81288
75212
83953
84516
1703
88180
5151
23569
4870
74743
96108
20446
9994
76516
79747
12838
74272
617
27984
25866
80728
1893
78504
80700
19832
81538
22843
27990
14883
22638
96701
10223
86910
74618
97203
80884
90443
87274
12789
84057
1285
86836
78614
23824
9067
76391
11343
21763
88002
87996
95555
91754
76572
11826
24703
7943
95593
30650
80521
82527
24698
14305
90657
89968
82337
75830
76473
17457
81855
72987
82746
79594
31692
2592
78431
21627
89235
31906
13992
78201
78716
8520
80305
26402
1872
86868
10250
85838
78250
95065
9610
3938
72246
96539
12723
96162
15169
72184
2635
80617
82454
86216
81137
30260
23700
98392
98385
25335
12526
75047
98101
8679
15827
96491
26107
3739
78995
85495
80642
81390
96700
77351
77587
75682
87994
1385
27489
29020
22206
77272
12891
1946
28388
20611
75584
90810
77206
72350
89653
31067
74453
22093
97257
79137
85275
3731
3484
20691
17818
2221
93122
26338
28581
81442
27395
86028
29844
21424
97398
84652
87199
12141
75881
2850
30947
95900
94561
93327
5383
76684
85222
77984
79378
6006
7154
77883
80010
81858
12730
82893
77462
31875
73312
82711
79185
78731
90969
77391
23562
3522
73265
1896
8634
72053
20277
941
2637
31859
95265
12953
23330
93712
84700
21821
9433
9464
14256
89602
83837
76029
78096
16607
80071
96439
97022
20023
84881
572
72133
72499
90400
84479
84469
94169
23976
87343
87457
75100
89975
99069
83040
27862
26653
76977
2393
80873
92689
88991
9139
2554
87998
83384
73672
86976
74325
96573
13266
26403
11209
78025
73685
28295
10345
4524
30788
27154
26497
75807
97221
1834
94833
77708
29890
76097
73225
23583
75279
16097
78683
14691
89339
89725
6127
26478
1453
73669
81385
2135
9976
19122
79251
17603
20591
96444
97129
93102
8417
99674
77918
83961
80935
89478
85457
97823
78372
28297
84610
1940
90895
95000
88384
25725
24682
6825
12881
26773
80671
5534
87066
87717
72592
17209
21729
76799
78137
91833
4312
81754
21294
91197
80502
29631
76154
8402
3189
397
83908
92828
87847
13895
76537
92513
85547
9295
95238
3934
74778
83483
13311
95383
25795
73281
13368
7955
26057
79541
85035
72311
82076
3676
86187
98657
97673
28035
6678
73306
26552
27681
12796
8914
1332
72687
969
80204
76319
9456
16854
74805
10546
96728
95356
77439
77377
74413
11328
86370
27789
26265
95747
7393
80359
76705
76274
93789
72294
91227
73636
8036
74695
80219
83823
90331
93900
20419
29544
85424
96726
13946
83215
14394
11808
87989
97942
81570
99672
19554
6788
76210
27750
17886
82624
8143
75146
30326
74847
19964
29991
91803
19196
87261
74739
90291
91797
77311
82256
78447
80059
24057
5713
72565
30647
15121
13741
31421
78534
96543
3286
3783
88564
20984
15500
85159
89666
98532
27874
88728
84066
18758
76986
85928
91117
93978
73060
90049
27248
77544
84410
73115
78493
29147
98188
76882
29887
17060
92453
24483
26616
95381
29000
85247
79169
6792
87430
32241
78749
18121
77584
13504
93987
73631
31870
25098
31683
11322
86697
82669
80520
11814
85007
18975
87927
72801
25807
91113
29133
16459
14725
11844
89864
90809
74508
73417
6244
96802
20126
88328
16237
86165
7166
17395
29387
2537
92905
11650
29639
95832
76689
90231
11065
84900
85751
79991
96107
30216
76821
78160
28376
79007
94248
75319
96618
1187
86574
6861
90096
73402
25338
76224
3638
82035
78138
10747
79768
99981
22143
8472
24619
25502
28846
72771
73856
92136
31837
32182
6925
27652
26861
80828
24536
30515
79801
12055
26527
93898
11760
24251
90717
79881
27779
26066
73557
689
75675
15598
22218
80223
92123
86102
18792
19479
7965
80011
12384
82231
78821
75812
17195
31160
3299
16384
11462
93086
14438
81507
85224
89560
31146
90606
20793
92886
75029
27877
83323
21715
32049
30437
94408
83556
5356
92768
27637
2955
21582
73500
14467
9427
11271
21825
95947
3068
77772
74348
83763
14985
74121
83013
92148
90917
83256
81681
97103
81748
78611
1752
96788
91550
79409
30201
98199
83532
32471
8838
92533
29138
78981
74364
96422
73665
2389
94342
96668
21418
93956
94353
75641
77585
5706
14886
73762
90193
95411
14746
18747
99602
15451
76561
8850
75790
98443
31808
11082
9441
90086
24713
21216
4803
96619
76952
25278
88893
90176
73977
22713
77033
76698
89901
86104
74421
8878
91086
73181
76340
76375
87754
31532
86129
12999
32195
75634
78807
21166
87429
99469
1288
4397
4002
5166
17975
2972
78016
26310
18948
20732
83211
17376
6813
93636
26713
78514
89872
22952
83822
75144
81222
11241
19716
98250
77247
73836
93225
74688
31397
12213
23243
76444
83538
86269
27243
2220
10246
12037
18813
90440
84728
91624
25396
75446
20372
16513
97108
73373
4480
21874
20697
88837
95636
90919
17423
17354
17795
75257
92038
77999
89730
72947
78580
85141
98896
82585
3963
72858
6151
98468
85370
87351
77807
97946
25749
79077
9556
78010
1479
23312
13902
99872
16837
96231
87158
81461
79223
73858
29163
18057
16274
82779
74676
84371
73501
31639
89059
7222
362
16666
86254
74873
88440
97184
16446
73338
13084
80966
95206
25756
83121
91898
84949
74022
77943
6119
74464
31037
74961
74125
30923
23897
8260
81834
73888
79967
26875
29882
26526
99046
9936
77331
98747
8760
79925
83717
9597
12947
78876
15226
2700
7473
76807
72812
96532
91236
26423
85790
76406
95896
95894
80770
26750
89424
11007
1104
83583
12021
95133
14598
73777
7632
19013
90572
30633
94072
89573
75291
85724
98268
73954
9592
28597
93806
92890
22705
88866
32012
12525
82955
89684
6698
73923
90633
21338
85487
1372
10818
80408
30759
74788
32371
14263
97250
74209
77781
89647
9138
74694
31450
88589
75904
32126
8509
96188
91330
78401
17196
75197
89393
88756
73463
77185
27237
86
29893
89159
90107
79619
77174
75173
97594
5390
28409
75142
73741
10684
18648
20362
82928
86130
5774
29578
79401
1160
20544
88046
90169
31277
81967
99194
85200
5449
16626
88904
32623
74481
90722
30702
14903
82388
9638
20990
86470
11874
82569
27310
25588
76992
4297
75663
75947
88344
7408
97064
88574
20144
2041
96401
78079
3088
8921
22521
16627
88913
16267
82774
89011
81501
72855
27223
29679
17958
95817
85443
26867
8154
15666
30745
10821
78338
80604
81539
4937
99239
3323
26865
18406
91976
20961
8799
90113
22692
78348
11672
79172
30770
77177
82988
16074
1212
9732
79584
15331
80749
73313
30698
1540
97312
85922
27459
91623
26936
76702
11371
20409
76051
22948
6217
97116
7863
27502
80750
19043
89878
29852
75872
89616
85306
96853
23244
32397
76982
74538
75547
9548
90834
7553
78577
73630
26519
881
79128
73195
75269
95053
18731
9468
354
27109
98255
93041
90185
86252
89818
85563
91884
98948
13554
6111
20070
76864
83898
11773
96757
74828
27178
5986
75978
30602
76194
4010
95116
73264
93292
1307
3582
32413
20109
1480
99874
74326
78383
20456
79188
90536
12164
16754
4973
2100
99059
8956
22202
72952
83095
91775
74795
97087
1225
19805
4446
92719
73194
81409
87940
24948
25776
96502
32588
86194
96236
30934
29187
91548
26883
74475
87209
2222
73751
14261
29617
10012
75775
73174
88851
16388
85315
99434
90146
75627
73839
22133
4643
88678
26618
82780
6808
91929
79354
27071
8704
73211
1690
6366
93775
483
87866
77038
73171
22405
86169
14528
79050
28002
15972
23993
87834
16303
93540
96740
81018
3364
18972
74408
80129
97613
80608
74913
28896
14077
32344
96517
10420
7396
7413
79780
76355
92667
22829
10481
91103
13658
22335
84804
90699
83419
79597
7626
94038
76946
79140
82514
78952
29195
25983
17115
90300
79919
32670
91054
96973
85655
10808
91431
10751
2423
76463
11963
75866
93833
79943
80436
84773
6054
20622
81722
83509
29668
16889
3057
14852
5107
9612
12166
3010
19037
96869
77082
29351
97249
76857
94532
13294
80069
21311
81087
81159
93667
13705
15873
88974
87713
17005
74969
12074
93911
5966
83957
4415
85816
73786
616
88648
380
8546
90441
8430
12050
77687
26196
83850
26212
30035
23669
80910
78793
3270
5098
27321
13094
98008
99679
82956
73865
79096
89880
89650
17281
74987
7963
29243
11132
75507
86523
86497
87676
8790
30067
6983
90320
73183
28484
78555
75361
95875
83792
79730
73190
75653
15296
19289
78056
16616
31441
99000
14707
14212
12265
89705
31743
83342
73889
8918
540
30248
5409
77498
77075
11841
95615
78362
78163
32749
78581
92091
4288
84118
81112
84049
16277
88565
31984
76495
82790
90517
82348
88719
89779
78961
28017
23432
5844
87670
75343
98107
80428
75937
74585
27904
12623
94626
74433
96738
27958
23417
80063
76139
19213
98189
86772
74619
566
6600
6068
19990
83543
28112
83786
27222
96283
90100
93664
74929
93685
92710
32329
92501
97802
29993
77955
87870
85721
21083
84112
16472
85268
88938
95934
90522
20836
22005
91820
30830
79797
81693
76776
26980
29127
10485
14975
31790
9921
84080
8699
12360
3425
27693
96565
5978
76969
77332
97280
87663
486
19001
13361
23130
74825
10980
32627
89259
11070
18677
1692
77345
29524
90846
32467
73981
82675
11011
1447
24991
94562
87404
82535
76662
30729
83952
84568
97543
26641
74153
3046
74394
4560
74026
80005
4865
7608
88200
15538
23883
5138
3682
25034
85546
27073
29606
28574
28883
28218
97154
21753
6595
74520
15505
87685
23837
25319
15804
29245
86179
81305
82245
94416
5549
80495
29394
22659
31591
75806
17334
91817
3947
96659
90390
13388
18181
95928
87902
733
75944
27615
10049
7981
76988
96126
75211
77640
16907
74985
24161
20302
78148
77150
1654
81582
5424
87353
74001
73678
18595
83513
27137
97124
74065
1161
16352
13274
32570
99909
25645
7366
87500
79203
98166
28411
12929
8031
85169
93291
80235
4903
78053
79186
3195
95423
79661
13445
89548
93310
80588
1997
79731
77123
76996
5231
80524
84411
77455
93996
79913
30751
11432
30099
88897
2140
92632
93897
80243
82622
14652
17791
12005
83814
74174
82808
11639
91770
82732
75095
77339
81691
32132
77294
87716
87132
76543
10002
7475
85260
82015
84394
81671
19585
8979
85310
26535
98068
19348
11843
3879
75988
84431
96946
95379
77830
76945
87873
30443
75188
1829
31841
23050
26708
18194
14285
99090
11656
7308
92012
5863
23113
76777
1531
16178
82503
1733
78692
95165
2105
86802
79766
80272
12518
17090
30045
2996
9173
84126
9937
13552
31215
20092
84200
90200
94190
77521
1118
32720
92675
12910
75655
75543
92942
91376
78150
29511
89017
96870
81369
75517
86538
17907
30867
74048
85387
633
91345
78411
76696
18935
73824
99154
29130
27038
87435
29308
74192
97967
77958
19874
17501
83335
31800
93268
89237
16153
9593
76276
5119
10079
11775
2031
93823
10678
90424
27160
84962
2206
80992
1336
90954
374
32609
98824
87518
77793
77273
1753
80540
90414
90245
13018
75994
98327
85534
79914
84658
87010
31590
24614
87052
30456
75027
82532
82751
77448
82798
94948
81562
82814
24352
78897
22973
86572
4704
16205
80148
17574
3338
86995
89569
96145
12532
24720
75082
31739
76440
77696
17887
20863
9831
84197
12791
97071
22327
84342
16665
82127
85894
78343
15553
94870
28546
2095
99983
83761
81992
78126
76492
87382
80623
81000
8716
88813
90254
93835
30122
92355
21201
27518
84095
89739
31795
23190
77742
8568
92636
84195
5577
79867
87081
21515
80230
93576
77600
25779
19041
75328
103
79546
76091
80465
6488
85529
87184
86084
9626
93807
11568
11532
85843
2145
80064
88654
26243
91523
17652
10000
78927
78302
90736
95346
78388
90885
82698
21593
82139
91938
22661
80693
76395
77438
5869
74612
80228
15132
90840
28779
91275
79843
11913
89364
83469
181
24807
31659
82769
94494
13249
17751
19127
79194
3331
97166
21295
6098
2794
87357
87973
28097
97541
91920
89745
78195
77450
92611
79205
85701
25198
6349
81340
11830
11949
81932
77801
75373
7194
76750
84958
10959
84772
23461
75771
30968
13437
30344
92104
11400
5777
16312
9012
98352
86777
98764
90990
97692
24151
86386
80380
94433
86654
8534
75982
4811
84937
7570
96048
28176
31446
20823
28091
74878
9678
19795
16226
75008
10366
95602
17180
19265
93769
11388
13507
85987
14294
83920
77322
2018
91788
77225
677
14203
9104
7134
74255
83103
17208
24481
82654
4679
82290
16480
83578
30319
2303
86707
76675
18483
94649
18701
99883
3860
97536
79599
77597
18768
76165
92677
73946
98892
29750
76959
82421
13201
5887
92494
82091
97131
76813
75566
17406
94318
29902
89073
86110
95595
86350
25646
28185
80510
15355
83306
31440
14105
86435
28132
85851
84217
95717
97531
20088
93869
90764
74921
84737
18762
83728
76639
74602
27453
8848
87724
88739
74673
95906
74665
2933
10815
93579
89136
98034
7883
78005
20636
17633
82160
83311
32568
79158
99408
83902
85405
8262
18217
18506
86823
15007
1342
80862
77242
89043
99653
4917
82467
76855
1075
31375
31846
9600
76170
78772
29863
79966
93718
23353
80635
24588
25625
31850
79107
23061
93031
22831
11240
82000
30982
24596
80863
84546
97783
13927
83592
16092
90491
98718
78249
12385
90655
19207
23602
74934
9984
77488
80994
27988
24959
80843
31733
84117
6980
83414
14554
73942
789
24357
27710
18513
97995
97252
802
78234
99425
17783
90783
24455
9398
5960
31630
78985
75964
30681
99214
96036
85727
25941
93489
168
4191
80457
96234
6287
6913
94736
82828
97016
77171
15026
87830
23039
94608
28416
74278
17558
30827
3996
74512
919
80210
24743
7647
29094
88958
126
4230
83522
3440
76293
18538
78024
87421
17108
31193
12119
22120
80383
74553
77181
96135
94406
31341
23996
77201
10770
86020
96916
6972
75571
79904
81015
10571
75467
82511
99863
80656
82951
91055
77834
7
91155
98840
2049
7717
94678
95130
80576
78990
81438
25058
97444
32246
3182
26101
9025
81760
19330
90244
2311
32575
85687
32038
11465
90192
81416
80593
28510
83629
10014
31948
96487
91672
16978
8183
14453
86866
23005
83248
91359
84433
79068
91057
24603
92522
74655
17470
3654
84009
95892
14760
78059
2317
81361
28825
78225
84085
95246
22443
92573
93583
99934
24966
11642
74499
85601
80479
4196
84377
77893
11574
87355
2442
95939
16803
30569
94047
76940
3615
89787
21215
17752
76043
23796
90830
21595
9338
76460
83905
81039
29618
4938
26449
98201
80851
84314
82255
372
24258
94229
80171
6599
26688
89680
81046
84335
85093
9113
28229
24487
84353
74794
79371
432
91053
28868
5227
9965
5794
79855
25820
91762
75677
29727
81600
91085
94202
97223
86914
86604
3514
19347
96469
84381
2556
28482
75856
93822
74330
96192
23641
81587
80547
86913
79342
27716
18090
95566
75130
84333
2280
78890
82775
141
85664
74591
22112
14043
81078
90310
16996
87151
78481
2883
17512
77949
82982
27309
92688
76095
88583
77168
9235
74661
92454
84186
90920
82147
16359
21297
12820
92664
293
13195
19801
25307
737
21407
32389
17247
89332
26136
77292
99277
32651
81667
6753
75683
21739
93097
81852
98161
79379
9628
21769
82224
91102
77500
86149
4101
75442
31294
2498
24542
87649
77161
31384
13173
15902
13498
88444
92392
21708
77571
92500
30855
32018
81217
74563
9023
97742
8473
28875
24931
86569
18815
25301
12390
27390
19488
84424
19746
19405
85983
84423
4306
28386
12198
86939
23377
77387
86643
81294
83997
24905
91885
29164
8052
78464
24915
95890
97553
23749
93991
95724
9342
21164
93189
9486
8346
1066
13763
30842
86956
9508
91332
31174
394
75138
12601
146
76914
28142
82800
82059
22588
88467
86447
75276
81448
12824
79554
91481
94412
83930
91379
92058
30161
94783
77069
94340
79803
75435
97360
4616
3499
85118
96185
14157
20606
24218
84557
88099
87812
4912
82930
27748
90345
21722
9714
76327
74813
86675
81518
81194
90313
77018
632
83104
8275
31942
85025
6438
79211
82419
84604
20142
19719
3415
10870
14327
20518
6223
14079
84416
17451
4900
95276
9510
79189
28061
91172
18825
97255
79939
82122
99524
32060
27783
84918
78947
25340
23220
78855
83294
5515
74854
96615
96324
82584
31457
18589
83435
1787
3852
10403
6817
75887
20513
16531
6249
21221
11644
86911
2753
92215
7346
87782
22204
15956
90554
77217
86122
28869
90664
5601
15891
94497
77163
84935
95391
17864
77867
86968
92482
12148
81214
77870
86457
20858
77938
98542
95275
83587
87171
13634
10444
13676
75154
32742
86835
4556
18739
81208
83670
93523
7687
80922
21589
19747
79523
95614
25633
29469
85536
98358
81811
84420
32504
81670
19839
95236
83603
29920
90784
98100
90681
95085
31171
98552
30587
15015
86047
94332
86003
17578
20714
87778
22557
90432
24724
10708
78043
96326
28183
83977
75757
31643
84295
78015
2008
79215
13584
5910
2242
84154
83753
80205
88426
15877
83302
78214
76909
87317
86275
78877
87962
74719
11186
80940
14065
8691
30312
99200
17842
23672
81603
81285
85626
13357
90853
10090
82030
89806
8406
90557
24917
84603
94534
92493
80201
76900
16598
7620
14179
85777
6864
21287
17491
89292
27325
28288
11994
77478
3433
99481
98078
83440
98880
84449
76392
83475
77246
28452
86132
84058
88036
77542
7850
28501
12818
18413
26383
87482
94346
16884
26654
15803
2966
19665
19177
22463
93804
19565
14385
89814
96396
88653
8085
78663
87141
91070
81186
6142
99828
77556
22591
9803
79610
23174
90370
4085
2516
87630
87680
80477
90187
28022
1832
19223
4980
80748
90346
25337
99860
82733
84799
28803
75420
10457
77065
98137
22145
87091
17583
31661
7539
86813
3529
11584
19549
75980
87368
9178
17214
31169
93343
91930
10165
4672
25563
5030
98214
74747
89192
83901
1111
78677
29831
28800
24939
75690
8666
98202
83075
21111
25398
80265
20752
4126
32537
16050
19435
5323
79785
19004
29674
95173
92981
85433
76086
5708
86255
81439
14037
15359
77416
74990
76999
90676
11319
16917
77126
77605
1214
81238
30710
94018
75390
78259
85461
89540
11785
20314
17703
10043
20078
83759
5487
77076
18838
19817
2616
92946
10134
87403
29576
25434
9415
20820
84553
79067
32436
635
88017
83657
17218
84584
9429
80118
82665
80070
27676
94687
96585
86086
94500
25214
32435
28502
81055
84439
88591
23792
28144
6152
16719
87734
81697
14669
74965
87879
77977
26484
91893
86238
82756
91288
79613
85470
81550
81640
90215
14507
82927
10654
8227
76961
91596
77538
91608
20607
86519
81141
6853
86671
85231
79699
76854
79663
78437
92084
90594
99887
14110
82228
98482
78004
5439
27478
14987
96294
76413
22845
76627
90932
77306
24342
92784
14277
25057
99771
28169
2308
15108
88225
80288
29327
7364
12905
16688
75509
20683
79358
87249
10694
82003
90703
80116
27843
98874
95909
20737
80953
26914
86678
31047
75007
18209
7123
17111
80536
19654
78125
21963
92044
75224
87206
83854
77229
90211
26692
82136
80435
17130
29545
19663
85853
45
7901
93149
86600
599
75696
93374
25924
8049
13424
19707
22610
96023
15948
91943
1010
81345
22315
80550
24837
92463
3382
24302
83640
81914
99053
91202
84695
83308
10349
23132
27631
20468
28692
78113
14686
18115
78944
7110
86912
6744
4193
28907
16535
25012
93290
13542
97979
19738
2326
92313
752
29083
83928
91134
23863
9444
15141
82493
88608
5446
84176
31490
89735
2565
98864
86665
96712
30692
84505
78124
31141
75480
78926
5743
7531
90611
96170
85418
25141
10424
28069
5513
281
83217
97442
81359
88154
85782
77762
23628
2228
3762
447
11932
90822
13688
31855
94365
87487
15698
88635
82676
77469
29262
97668
29406
80825
17714
77602
21775
13932
22213
29135
19137
97356
26461
25037
7936
29829
81726
83243
7538
93048
8125
95554
83042
88604
32101
4484
26821
5450
98176
20848
1845
85562
13197
18742
16273
91620
76950
92520
21897
77121
5209
99541
21298
13056
88051
16745
80880
84436
85819
88539
3335
18293
89068
30354
84119
12949
89777
808
77184
479
82328
10055
11350
83553
87042
27404
14815
8560
1629
97808
82096
29850
17034
20694
92382
2351
28131
94120
80317
15298
32285
86763
85219
30582
1810
4344
13704
19735
85615
85329
83107
3445
28506
91736
31112
8963
77837
92731
8993
82557
77216
10199
2178
27650
26225
18850
87036
122
31212
92129
26563
89081
94284
75824
30945
12674
5770
6822
81599
82529
19192
11263
98138
28997
25068
75981
95758
79883
6524
32482
95069
12181
31221
83327
95292
29504
95762
7657
17231
31771
79860
8972
32226
92807
15362
4839
77433
84162
12290
30741
91659
16833
79168
23841
76979
14980
2755
18176
76692
86668
88730
90482
23519
28250
13989
28882
86932
780
91130
78741
4119
82050
87692
12994
76367
76976
14106
98079
19097
14490
81796
16828
24923
3416
76703
78156
31368
82672
26999
76358
3568
28216
85060
11276
83769
77901
75273
17922
93597
10269
25435
4298
16336
12602
24636
77537
18942
91028
91365
94951
85502
82371
89226
17427
77327
31762
10294
20395
28763
93745
77288
12462
99064
26846
87982
98706
93983
96866
92722
23966
81987
813
24842
89347
96774
94712
75782
82563
85811
89824
76283
18494
86008
92524
77617
76783
90886
79089
94857
98383
90251
26393
76464
5346
3584
82287
25770
588
14520
20498
85238
82363
76802
84497
90357
8504
21879
98249
76300
91772
76935
84511
32284
99450
28465
80972
6583
88999
13789
458
22839
16306
3129
23116
8370
29685
22861
94604
16458
78204
30695
75863
26932
29180
80821
90582
15115
84409
97782
12254
81631
78633
93155
87530
6485
2084
81144
9451
80373
10219
93065
83621
26791
16561
18165
79734
84782
4958
87781
87803
31138
20833
78622
9705
82586
16301
77726
93080
30093
1779
77211
98127
11942
19744
83698
76892
978
96588
88110
27490
25596
88483
95974
88292
32640
94084
83401
133
91444
27797
75658
14647
15562
77098
20656
9854
80578
29099
1450
81827
93003
84906
6301
90511
84624
87936
80397
76656
15275
24239
3702
11684
86034
79654
84210
80703
21724
32636
88847
96937
11795
80905
7783
32596
88793
10508
12538
79421
95702
29293
6188
90142
98815
81997
88896
16204
78109
28282
76640
56
25336
76674
16774
21481
734
85718
90304
83131
17362
30521
86024
17057
19059
13903
3751
78535
17641
91537
27047
87678
77453
24683
27397
5018
82106
92837
7468
30400
8124
75681
76180
82342
78026
19359
8999
6761
87493
18206
80024
87810
96526
26404
13115
99437
80734
7617
7230
519
97088
96137
82430
88814
92586
3614
22541
84842
75385
95840
2258
81048
16160
30652
11367
22480
15438
76513
83303
80589
6939
89329
85100
20702
76040
3640
94374
76503
80304
94268
93383
524
2410
80155
80108
95711
88458
81364
32027
4504
9440
982
90751
78557
92708
82433
98003
4434
78118
3765
13174
7417
78261
92101
2448
82512
85008
95572
23599
80534
79130
24873
80309
79182
32522
89979
76443
4817
23649
30336
90258
30444
3726
90689
7825
4376
24580
13480
29503
12184
87441
14329
84401
77466
81585
79129
83906
86506
82234
16820
84793
16771
28164
27662
27017
84060
87269
94889
1825
5400
97835
23071
83990
9581
77695
30503
93323
92916
99158
8617
77847
86819
12430
10159
27171
10004
90127
90884
91555
25168
75720
76125
21850
12389
25445
85217
13555
87433
9603
16650
12776
76258
30190
20307
25309
79256
85010
3557
78009
43
92114
12541
11593
9551
94947
80682
98033
4610
2731
9346
20279
98195
88201
76457
82864
77382
92033
20371
5614
99531
19083
27227
95364
16385
78281
11411
25206
83417
31260
29350
5757
80886
25222
77753
97929
82244
24229
22095
75852
27259
4437
78817
27892
77297
82334
94770
4475
16100
81604
76214
87425
16795
23099
78073
31273
20756
91872
76014
11085
86266
15986
8803
388
75650
8920
93389
79202
79837
78903
88246
82898
76363
81470
99276
30299
5523
28778
23844
80663
9457
82830
93570
8180
2519
26796
20365
9811
23430
80852
32024
29498
9629
24622
3602
82052
81454
99094
92344
91240
14998
88526
6741
84168
22764
28605
10389
77325
77237
32002
31083
82981
83624
13996
99705
77257
84336
11764
1886
85301
9615
18189
8526
13334
82141
84554
81410
84199
15211
79888
81717
81904
87137
13961
82279
27837
83802
81687
5553
28553
95678
28197
5273
25022
21694
83549
87974
82854
92400
1581
11253
20850
18790
908
3951
86710
90560
77380
96609
79427
5351
76673
26074
97670
8523
91419
87313
85820
9257
17634
97877
23296
6158
80590
422
89637
99699
8622
5379
90476
17337
81430
89598
80982
80631
26655
8693
82408
12377
84130
92201
22032
6935
80117
22515
21012
78610
85183
10095
77957
11168
14071
1627
10626
90246
99489
76044
82644
96359
15002
10682
26601
91279
99102
98433
91394
79049
99334
26455
2738
80356
77995
17330
79878
90321
11862
22695
97183
86064
2251
8591
23431
84638
5507
9944
91131
81042
82860
24894
91111
24566
93871
30280
6007
5415
13671
10759
24898
88918
92963
8717
88600
20383
9247
21931
81384
7799
30967
18285
23655
96673
91296
79238
7866
23382
11038
8549
21253
27434
82216
96917
84113
83429
77964
96630
21334
95803
16976
93950
82743
75966
2104
18576
20197
79297
26935
19814
17601
98172
27705
80159
3200
1699
97399
88193
80762
78159
9824
91684
18870
99030
3120
16371
98446
26626
81266
89365
99391
86407
19105
32092
19516
19810
92274
1367
17425
13404
22366
88548
99220
77698
84477
84303
89972
17447
18928
3273
8342
98555
95164
6801
23250
7978
77525
91438
29427
81251
92321
82834
30566
75871
90716
81382
84909
4778
98559
14042
30483
85913
89582
22023
90647
87144
22272
28382
75868
16582
31818
88280
95539
25636
31801
22048
79309
25677
92343
93989
90860
95650
94493
83687
91090
7554
77499
83899
29381
77976
26206
28561
452
21584
89954
97111
77048
30545
82129
24733
30372
24121
4040
89750
14000
87124
10241
26014
97992
24018
30178
21197
11910
13647
82338
12805
2776
29252
1269
96821
83750
7031
1045
30197
91071
81476
3863
85549
97301
24723
27500
77678
78215
80096
21123
85639
8752
80974
23503
10629
12052
79718
98129
89204
4724
11813
92070
8305
4338
83147
84689
14020
20379
79266
24224
92484
22929
86977
19558
27754
11250
98063
79166
91897
77934
97245
80726
25400
27592
22651
14908
13901
80637
11489
10182
308
12015
91063
13940
93465
97955
27191
87752
15704
98232
8032
78756
2466
11869
2138
85281
786
28950
23983
26172
88687
81108
79163
21003
91069
3791
89182
80725
21612
95461
21468
82923
76716
12368
24507
17510
19740
19999
18649
22864
87394
7552
14730
143
86402
91362
97705
97326
77825
95727
86686
25221
78686
23210
86450
24330
92506
78243
14173
30036
92
15222
21016
76704
79334
94347
3819
79438
2634
78187
99369
87731
4031
10932
35
76781
13728
31481
13184
80853
5882
79524
4701
88576
6645
25351
76403
76780
14477
25229
86279
83626
93325
94734
85084
6559
3308
10019
90923
85283
25088
88623
80214
23307
83922
79905
85294
92115
86429
87552
99385
98623
6700
22857
15384
84764
96238
12600
30860
27122
10428
7667
95981
15881
30605
4076
90179
20263
19576
2373
77672
13594
96329
90410
83251
16957
26523
97683
24450
28797
32175
78457
85491
26283
96575
84241
90516
16904
77006
79793
91392
4109
90124
86319
95316
9337
84447
79587
18311
87596
31604
80673
79620
90397
6877
84065
95913
82267
77463
14197
12472
80364
26857
28949
77727
86571
77778
92240
84795
84954
80191
15992
32220
30732
19590
79246
20325
14617
3999
98420
30202
22051
82588
85410
79618
78308
79890
14711
86720
94990
13484
2535
82575
31074
83776
80833
88337
79124
12372
1507
86480
23685
82920
30520
21529
81298
99056
81192
23718
23168
90082
13773
92443
20937
6040
93704
9105
11668
87195
565
1046
7746
81096
92570
22856
28646
91800
25803
77731
83284
80976
90283
20658
93448
16966
26923
94068
27157
81662
97526
83699
78547
85636
32695
16422
91705
7858
6132
79520
76772
78701
28436
96445
88498
9906
87922
83838
76584
12545
94637
85647
8445
97086
83436
8028
20582
1119
15147
83350
88965
25675
13307
27080
90392
80099
12804
27983
12506
78499
23778
8116
88922
10115
91199
16510
98054
10238
5795
98418
2054
84417
97642
12689
18625
86300
30250
97256
25688
19466
22544
89950
24783
90793
15975
5657
6479
90974
14476
30586
5749
99428
18893
81051
15068
96699
93895
87290
12263
82958
80680
1731
16082
86374
5809
21249
83050
87536
77070
5080
6763
90921
28338
96801
84458
810
78658
96873
28610
16066
17190
6494
93888
77854
13070
86725
87877
13004
15076
95780
15225
80611
79376
19737
29074
82870
83403
20744
77403
2382
77952
77656
15415
28151
91158
97562
15609
30979
89770
8020
99358
25245
83482
84696
96936
79911
28924
92557
12762
23378
98792
19453
84673
30879
21934
12814
85395
16793
12721
91609
90081
77783
83514
12455
78089
78162
6282
96426
78605
80447
98877
8366
6270
21873
80316
29493
8373
91133
77770
10948
77779
76636
11999
79784
84140
31312
4361
87627
16714
83892
12810
22966
85252
11192
83705
88205
86051
13262
79553
28786
84566
83752
19009
6523
15350
86242
21972
86809
16105
14003
24641
77287
91758
81119
89936
19019
18575
81459
28280
84849
4979
93028
90658
77528
26462
77205
86999
32649
89796
2909
32629
79119
4750
14296
10362
84030
78921
82962
7977
91484
766
11088
22088
87949
87107
84953
15261
83515
87143
83869
25426
15063
84925
85198
11689
347
4174
18095
88120
82517
25731
26958
365
77084
80225
82425
97297
22092
83842
83182
92545
87744
22542
20484
91673
29796
96875
79562
88378
77649
91551
99145
81195
24696
32598
79706
12447
20758
7492
6732
23136
84356
83465
22809
82942
78011
30617
79113
31500
78766
79307
80618
18313
76642
94348
83263
18647
4065
83817
30078
84945
27671
92931
99759
31913
11215
9792
3251
22563
15800
92932
89830
88997
17556
11887
6711
1179
15321
80379
98237
27156
26505
18190
9351
87548
87959
80818
86784
8719
9438
86944
19282
2153
9606
1465
81123
8150
26390
7493
17149
88927
77771
2978
13983
86079
82594
85697
8223
84678
98403
77994
29723
94645
9436
1050
29444
88468
95965
98942
12379
80691
11412
32212
13100
14942
95646
92079
3018
22478
12419
9469
31435
77356
17547
80482
81988
19102
88086
86844
84575
89621
78659
29443
79606
9306
88981
78706
94230
97928
31400
8179
77051
80142
94541
21982
11908
96331
87589
94317
89291
92564
89482
81458
81173
86708
15406
93206
28383
97597
14882
97488
19502
97218
80907
4766
83847
585
12801
81548
1847
81184
79155
31821
25804
79641
92943
12357
29395
85657
85537
92555
3571
79812
81280
23783
7381
29860
2967
98513
96572
6581
77470
15763
95504
81608
85749
79156
25235
29663
3653
24727
12766
86508
91112
24626
15460
9525
7227
12450
79477
32032
81768
28003
96551
28141
99146
584
91007
84809
85814
82949
92958
91664
96620
88044
2310
17622
85750
2586
13810
81946
79765
20271
99431
83551
3153
12984
88097
78740
15109
24203
12340
79455
89278
27430
13104
32387
15387
8893
22160
85328
80558
31880
784
78612
96862
31820
80629
3282
91957
25129
85441
98696
80206
22182
2715
99991
88791
32505
82758
5673
92236
86764
6197
77509
78422
25352
93547
83260
3474
29404
91256
28470
13219
8462
95448
77756
89343
91287
93615
16987
91075
13285
90946
77524
97244
79040
78293
88287
4498
92397
30791
9264
8258
21861
9997
90205
92425
7459
77226
77873
1664
79322
19388
77133
85000
86076
77243
3093
78815
28873
23287
4169
7389
98306
10058
92089
90296
98752
97273
12451
15770
83598
3372
32692
93538
87187
81797
77869
6001
1422
11977
93834
79870
26748
99427
23821
85528
84636
27823
8633
5737
77718
9234
76884
82270
20673
31583
78252
13622
30773
87082
10022
83936
81998
26320
94354
9858
8595
79917
78868
84845
11361
26092
99296
27552
85047
95485
78212
15235
31286
87447
79015
13751
89112
83999
29874
83526
15377
30350
93486
78152
84569
8954
88084
19983
15135
92151
29845
10639
20774
93042
21141
24026
93117
95205
79662
10307
22505
95073
6879
25972
90250
88209
8158
21714
185
6597
13534
85319
91501
79776
80426
84656
9170
80683
3141
91352
83157
99766
17058
26502
4054
28716
16648
25575
95911
79100
83730
80904
88876
14185
26849
7403
6546
32228
16654
24306
11792
88151
24782
78918
90619
79595
98993
88008
22267
2587
11920
82741
27135
92909
82167
77506
79149
91178
29227
2595
84003
11444
14406
13508
94780
81536
26474
85258
89825
92985
88809
77826
30056
20291
30555
24436
9897
16993
18004
10919
81883
21132
79789
98253
85485
88227
10157
15629
11500
31218
88616
20551
90388
88516
15001
19730
9294
13673
90011
85362
23110
13381
77359
1311
28762
19225
83018
18353
1722
3493
30814
28398
80018
85516
78553
10414
86197
95006
2906
31501
87686
16838
79936
87679
8673
85381
815
22624
14118
9623
16753
32675
92373
93466
82268
7069
7292
12361
97978
90985
82702
79711
84146
80449
258
85313
7808
31842
21866
78382
99182
86204
17815
11313
12841
7974
28956
8933
20322
87057
26369
92563
11421
15457
5394
22771
20128
4608
23400
32332
83353
26838
12342
21752
90381
98159
90017
4353
91853
15960
13591
155
4798
29601
5568
4777
99471
2897
24423
29301
83826
77709
79990
93517
26545
21053
2429
20883
96803
30592
91538
26777
90284
95898
87988
78544
95562
94020
31764
84637
10525
2376
20614
19226
92075
19620
86492
83041
92589
85708
86175
97118
80090
77507
29728
29821
9347
92996
81276
25518
81013
79753
80741
97392
86534
83861
88596
93803
78808
2631
10320
22598
19135
3050
25296
30992
84615
22808
97867
15782
96091
78354
98939
84965
27406
11243
13973
87106
96174
12335
88531
83314
80824
28854
83101
79418
94814
31234
31040
891
25593
85094
86100
88213
2148
96990
19211
13685
80580
89346
23722
14618
21586
23394
82947
14645
31518
13178
82116
15633
82190
91226
81737
3127
19148
93390
24273
24557
9523
89477
77789
77255
86548
93478
88176
89724
15843
84796
99124
8002
30536
84699
25879
7804
88184
2300
11542
32266
84729
24409
7742
32449
79882
86415
550
78778
90423
4351
24465
91087
77381
17701
6205
81489
86071
13839
8941
85181
92483
24874
19896
83065
77495
78798
13458
91193
94949
90776
22553
11804
18322
23998
164
15190
95968
78292
22920
19021
12603
598
89595
26076
15625
82043
1614
22290
26942
32077
95189
12595
86934
93082
23129
15089
14831
4528
30385
20715
81847
24801
24253
7524
87732
91513
31796
16711
22351
83550
32559
19033
99485
99727
12214
4799
85132
30807
28555
87643
31636
81337
80920
1407
16369
14246
84256
93952
26894
24992
15118
29928
99332
78322
89149
5082
7188
12029
27016
88299
5457
3812
81735
99360
83940
86997
7754
29748
90852
85340
97337
31483
97315
27665
27362
93229
15178
15754
13739
97661
86201
80714
93853
89183
10431
28965
17221
82437
87079
88709
85442
26398
8697
88364
89117
85806
97100
11723
97197
85692
28870
20825
16360
3301
28462
26631
79005
12353
93305
29225
93859
89538
29854
81273
82660
12741
80967
4150
7513
84362
80883
10487
28632
80816
20255
79687
1210
9761
7307
94905
90845
78205
25614
98192
94191
85870
6947
92776
98276
23462
25358
82473
18180
12744
32191
90610
86546
94128
90243
26504
19309
80780
78033
30023
77658
96421
98303
3165
79380
77960
89691
89209
94975
6833
86986
19946
98725
17021
82283
81463
7735
80076
15143
13939
7728
87730
87509
92474
18114
88547
960
3793
26009
12500
2115
84899
10324
7628
9800
89795
25560
29535
77897
82311
32725
78157
187
14420
93726
84810
12307
19674
30993
30929
31195
8079
77598
23663
25704
23292
11320
86358
97125
86072
79729
24243
28067
27554
11103
11199
18426
26947
87614
28087
99367
7139
95834
30073
94181
11210
3797
88834
77963
80782
87771
30599
77681
27205
94372
5237
1697
23992
9595
5162
12962
84606
88198
18321
81009
24094
95644
80865
31115
17163
10830
87213
11637
23234
11585
84161
16859
99905
4326
92212
26113
80078
90339
30109
28274
85394
96764
85214
20968
19078
85499
85808
85151
96753
80434
86520
14591
93663
29190
4618
91006
84919
85901
96804
24995
89157
25908
86007
90235
26809
80933
6110
81216
81814
79072
31628
91753
13149
1972
3264
12948
29341
78714
81648
32005
88624
21786
84759
94048
23754
17106
31570
26536
78789
83500
85289
13027
31805
81145
11441
20013
419
78082
2385
80248
81190
89871
85603
84867
11056
95371
88786
6397
31540
94201
24657
7460
14573
24870
12232
78861
10602
14009
99139
15333
8788
95234
87308
96867
10569
98295
29539
22053
78194
98098
30502
16839
27261
82793
88370
89773
30589
29458
94019
31101
23940
92394
20597
89414
4637
94316
5194
17332
98570
3667
98711
94719
5411
4162
13672
85045
31787
82516
89772
3185
17649
26963
82961
95136
28780
78996
80744
27648
1788
98958
13908
83370
26309
95017
17175
95580
4429
24399
81152
97891
92143
85994
14675
22513
27136
97450
31979
86894
82353
99739
85574
18410
14022
17393
84589
27961
99654
81621
10010
21646
87064
84131
82824
78875
14382
86168
28080
32595
28212
7580
10695
83062
11027
24321
78980
20337
96406
8513
9051
81915
83855
90913
84768
82191
22959
9459
21148
82724
79115
83713
78955
89065
80294
95306
98530
16108
79999
81509
85330
85144
29836
97647
16049
79892
78672
89088
16850
89969
81234
93178
429
11058
9212
26288
13682
32194
867
14960
93072
5961
22268
21948
13858
96736
84607
8903
78399
25393
23644
12200
17572
9405
1035
88187
86513
5169
80585
79623
31851
88647
6168
78446
25819
88339
32353
22043
7967
78272
7579
94404
82401
7849
20006
96661
83836
20919
18249
1994
82592
836
5521
99414
24560
81699
4202
95051
7349
89407
19202
91372
82056
86029
15452
15200
3548
5742
80776
78925
30055
32364
90062
28480
9309
27320
24108
25060
17837
84246
83886
14495
11409
90652
92198
80628
91804
16553
8545
17695
88003
95270
1610
82546
91956
21412
2630
31495
12712
13467
5161
27868
84870
94662
11895
7874
28667
96553
98455
91146
4942
22658
30539
88553
23008
27699
3147
87975
97827
27564
21160
26892
2415
84289
91791
5376
93810
25973
12942
8356
93212
84201
91292
83830
89464
4264
92964
85384
83066
89985
81950
97388
86226
11991
2374
96302
91986
22975
10306
23865
82014
10712
21495
96227
9148
7399
87055
32659
89411
21828
31211
13646
386
7624
79319
92869
86452
16377
99873
98861
9619
84478
95172
23695
99308
81427
9267
80092
86717
92726
9449
26349
27182
90335
84508
87813
90175
85881
89934
83237
7093
30954
14614
26143
99525
6521
11161
20145
83428
81951
9366
22224
22397
95679
88808
1963
30020
1177
27338
82572
93746
84148
92169
88716
14681
89396
79282
20899
83889
24887
93359
13425
12416
86642
23751
87470
81522
83128
14802
21162
11073
99288
93585
80644
24432
596
91170
8758
20439
14262
5059
26204
87062
78978
92691
82825
90789
31678
16706
17344
91320
3729
26960
82726
12536
87845
88005
87226
87438
94246
95409
94431
32254
17623
82833
86010
92290
83364
88928
86735
84619
99110
83433
6933
83627
89423
3892
81407
81945
81521
28640
24485
88621
87572
92519
81591
92701
29012
26778
102
18783
85984
94568
85351
96217
90484
95923
79193
86620
94639
82792
1018
85550
11680
19386
21832
80400
32261
96580
94882
16337
92917
2333
89096
17756
2655
27808
82589
4813
3780
3629
78820
9179
98347
27852
94345
21913
81684
82472
80948
31537
27936
85064
29795
21473
15388
11305
25613
15925
95134
9522
6921
82044
22642
13491
18728
78856
20355
96613
85892
99889
2371
4901
694
28898
182
90734
95618
97525
79167
1600
83756
88146
98200
14572
81197
17125
79372
87719
86038
27807
13517
81968
99776
13384
17497
87059
2805
91711
17563
1228
20491
1267
20136
18491
82720
96454
87417
83677
95558
87090
20559
78647
14401
81189
91719
91980
79397
3633
31581
80606
88939
98573
17765
24372
94052
92489
95060
99343
24299
83054
12030
79325
29590
81857
4300
4647
98492
31345
83028
95118
97304
86308
96644
81692
94210
9254
5360
20834
82649
91306
4049
85990
98179
25320
87887
95850
26249
16089
96024
97494
6432
85249
22533
96032
95957
85939
17799
27040
79374
85731
94969
82462
19417
10857
79494
97572
78266
3451
7690
29881
19979
32643
86043
92602
78704
87498
92744
22264
5283
4246
6883
28887
78310
93909
3336
29052
84122
93525
9904
81656
15519
7630
80937
16013
25723
25647
87494
25920
22197
11416
86381
19395
367
91506
82523
8075
94254
83267
82989
81937
30003
15171
31613
2027
17579
89763
8030
15029
85476
83612
86033
92391
10005
32277
31426
27593
89348
16159
26896
17777
28852
81352
95553
6840
26522
94844
2718
86529
97600
22660
98350
98630
89798
7253
29023
17320
85426
17381
25695
90047
79615
6609
10670
86722
26040
21176
85377
26427
11418
29362
94962
83015
93231
82613
932
31184
85250
18260
12844
12959
1867
80765
29226
87535
90947
93442
16738
99483
32343
97313
13669
23538
22548
84950
88917
31089
21922
91644
19760
14362
13127
27231
13132
95115
80293
95335
99328
21826
96015
84252
99994
2364
81021
12718
88551
90938
81553
78665
86490
84267
4405
5366
83008
3175
84187
1691
14470
25464
92892
82908
18230
90338
86022
94154
79317
80368
99261
85140
30908
87638
89732
17552
2121
78837
98479
7986
93776
30998
25571
83221
87179
90426
30435
87963
90841
96425
88066
31671
10112
21340
78810
22644
14565
86885
84067
22503
17690
19341
97989
79328
27883
98131
85366
97640
89306
81146
10177
16373
82022
86203
17059
10750
89641
91809
32632
25244
10746
22
6750
81663
12793
19927
3059
4148
30869
24434
4324
78585
84071
14594
81247
87387
86256
30699
9954
95188
89484
98811
99523
27375
81102
16334
23913
12567
13204
88306
7951
14483
85579
5055
90726
30643
89712
79616
13284
18727
24735
24116
94794
84654
92473
20242
98524
91886
3400
3833
24624
86711
26779
84344
17387
27417
7193
95781
95296
25448
6881
29718
80352
31896
84329
83784
87780
28548
90334
88672
94326
84288
20315
17019
89690
99133
5701
12150
98967
10772
90673
11129
21100
92815
81619
8647
14243
79364
16079
95047
97582
2662
3424
14473
95038
15010
6927
85946
3979
85786
9418
22520
5402
89571
10016
79545
95556
91479
88826
83703
79386
14814
11587
12709
87945
82788
18714
15159
5949
78702
27962
20864
93021
9099
95698
28516
87399
96988
96019
94692
12235
88508
8109
80546
23694
92204
20039
89533
14911
3673
93400
92711
26991
82332
92897
22963
94066
1038
91931
95216
78959
97173
93091
17384
29842
87512
87333
27743
80559
87980
85276
85841
28918
98290
19270
86089
80583
87283
12071
91285
84493
9145
11122
3017
13934
18389
30620
12252
25771
31878
90371
26308
85015
83858
88702
22680
79088
9768
17518
94188
19782
5263
31980
18692
19364
6961
85376
27455
2720
16849
92539
80087
10419
91682
79174
30381
15473
5618
93773
5208
91895
2127
89007
29265
91184
84698
26156
87094
11190
3728
21535
83524
23764
16990
26621
86701
7277
84903
89570
17394
91478
1616
23413
92569
17523
84287
86727
124
81835
79959
22292
89223
24163
91902
25685
80707
18009
80355
81989
20916
97371
95230
15160
31038
92527
85356
95007
86098
9193
94209
26825
7418
85844
98243
99645
15431
3756
421
32103
83779
80491
83873
80338
11560
88577
86347
13875
14993
89709
32459
21756
84000
31629
79756
82372
93899
86389
26508
82445
81743
1713
85796
8621
93734
89791
14392
20168
12624
21749
81953
31730
90457
98606
84680
95943
17900
28184
99372
85098
98203
29604
4944
25825
22162
90260
8653
9988
25417
13776
23259
21332
1718
19803
98820
98384
18158
28173
31633
6000
95202
18664
26056
13698
95779
93792
91955
31972
81331
95392
19958
85483
82477
23820
86144
12003
21751
20696
82252
24935
17179
97160
30703
12707
87513
25728
29923
87101
17736
32420
21966
94445
26727
78799
94871
92218
2895
99792
27289
16478
325
86959
24921
82492
19094
84892
8966
14170
99143
5382
21077
24210
25364
93001
24257
14366
15239
84527
82312
83127
7896
84587
5093
94616
15590
29737
24725
6414
83887
31515
83511
6191
89487
10947
14044
30002
26566
22747
14377
81481
14274
89529
235
9054
14061
8764
9032
93245
25522
10908
82709
95761
23638
98486
30416
21890
95687
92868
96443
83508
86281
15067
79666
24496
24361
98217
85748
19468
13503
88962
32282
90270
10905
99388
13399
88676
95326
79627
19836
9974
16724
9923
90079
79075
6777
96050
90955
865
15329
27950
84101
97380
92875
86267
88683
30265
7707
2614
97896
79647
6203
13298
90070
89475
24241
32460
9745
92378
79921
92660
78935
83632
16037
3524
95429
80834
92221
20666
96709
92857
28879
78878
84628
3612
7775
84372
22870
84475
4441
94784
79147
24776
82658
97691
80926
11440
27970
11550
93047
19445
6888
28832
14028
6812
94536
16441
26977
98322
82551
2215
93414
11506
23633
20663
2346
83437
9169
86392
6616
79127
24856
18502
22410
96883
95268
86670
3707
93844
94862
83079
80918
12211
84293
92037
94898
82895
25907
87769
2050
79844
9207
87997
25117
93116
5535
93578
19285
21454
96038
23666
7532
2416
82223
10180
99186
26414
91572
17889
30042
96576
8877
10729
15302
28490
87737
14822
79558
92246
1760
93013
95370
92069
96743
18186
10161
99982
2035
79291
3699
3042
31935
29174
30217
25991
23297
97185
80742
90447
18844
85587
32736
31834
8184
94563
30058
80667
79118
21382
25745
4892
14620
15929
10329
8458
16395
5041
7144
30984
86014
13857
13818
80581
86609
16311
10663
10589
95538
92588
82199
89518
79457
81449
8454
84395
9372
94805
80061
14689
3769
79097
30765
85352
2591
82002
27392
95251
15658
16070
11194
13576
86847
2647
89205
8376
81542
14283
12863
91161
89195
94039
20414
84382
5639
81724
16323
79284
95375
99463
5916
18834
87011
4404
22846
32718
93811
13574
20802
80221
94382
93974
14367
28737
94753
90377
17449
18218
11017
28747
79769
97423
21290
9220
30075
17401
88610
86500
85551
83696
83301
17594
83741
80334
89114
24947
12221
7652
25945
30885
15769
83346
24872
18586
5648
22796
84613
89646
30143
8896
21226
9040
99854
8397
80889
27037
80110
97355
19609
88447
21986
82897
26316
92606
81415
95393
28831
95139
6049
80366
12288
7135
18044
95376
5496
87840
84521
82984
98979
31869
8608
80405
5430
12016
81572
99917
79489
21150
25056
96581
81654
30485
24373
84735
95502
15425
12218
91648
11398
8506
8418
82232
6734
8012
13923
79709
95501
32071
82791
183
12174
1799
79439
86555
19366
87377
2491
28110
957
99164
15734
83135
29459
83918
2559
94821
1195
94895
6476
9977
90711
86209
99560
80430
22139
26500
3015
92925
79564
25834
14038
12358
97155
89578
14881
23758
99012
31845
98027
30298
18927
87898
95625
92907
8594
98710
313
98018
14076
8413
8531
84276
17804
10753
85391
27953
27327
91877
31007
10462
12363
85116
79605
28359
10621
28261
85682
80350
24530
93533
9345
32269
2771
20474
14788
87635
86198
83600
84292
22326
302
14734
29001
4064
9754
31873
28806
28537
12625
90758
25828
2719
80161
97007
2262
86494
86964
99949
14699
23900
21757
6506
26378
87238
2721
10375
79531
13414
90129
32342
86223
85815
94101
32589
26278
27732
86793
19593
83185
94848
22634
9952
90585
21376
89233
81031
94540
9726
32608
89290
97463
91600
27948
20351
88276
23626
24979
2419
16052
80719
80165
31868
11057
97299
22035
94364
97366
32233
11751
32304
84308
79446
25155
87367
21905
88514
25867
9300
83344
12132
82817
85515
2879
83427
81302
86631
22592
88952
93314
83804
80037
6794
90577
99643
4567
25640
28471
9297
90408
92898
82392
6544
11090
82298
9489
29004
79413
30204
83190
94630
86288
26907
6902
96429
89165
13782
97196
80146
5853
87020
97729
25288
16389
88220
32619
3285
26565
4265
15644
1734
94997
91570
85346
87418
27968
85406
19215
30398
79433
83644
98926
94185
18652
96275
95222
82807
99302
27566
21761
1318
95671
80796
20329
21601
88824
22936
85512
98331
4082
6784
6393
89308
7030
7644
7704
25048
92161
80753
95334
28964
8826
93870
24350
11115
83760
87240
82881
24986
25585
79822
10864
27771
98483
79748
94688
85621
80384
15507
7938
27446
24919
23044
12296
94730
88170
81531
88563
93476
26733
87076
85651
25876
19617
25395
92629
2463
9828
91066
20955
22430
93192
18162
84159
91681
99598
27944
83288
24168
2024
80
96876
93925
9963
93433
94121
13589
86983
94030
6299
98838
23964
94773
8785
15144
29307
23939
3112
27024
10860
24073
2619
88208
24452
7695
21976
27105
84703
30328
97391
98289
18122
86005
2880
96
80514
88478
26775
86762
1725
98476
80977
18304
88206
30394
2874
16375
90730
96964
7662
88
3224
98789
99181
84489
25968
9033
834
30754
97092
83169
81363
81157
20116
23922
87888
32188
84326
2579
81934
83458
11308
10092
19933
82365
97911
25706
86616
86323
85681
83775
27690
9998
31199
21849
79941
2942
32447
80810
29040
94891
88488
91605
86743
88943
29630
92663
98929
90993
81241
25533
24714
24386
83322
83658
14930
6449
97476
85807
85941
86507
3829
96647
24467
23242
4922
17131
6826
99669
84559
1906
85251
11833
7436
25412
86748
82082
16065
32703
8554
91549
32372
91108
16852
99547
5213
93064
87085
86972
12347
12909
92673
97336
80238
21875
29922
86587
28063
25487
95790
88519
19812
14353
6903
9790
10195
15778
90052
9655
27668
14577
8369
92769
18812
2459
91150
7081
22030
85665
15738
30914
18996
4464
84976
20065
28089
79657
95036
4533
4617
10652
83321
95460
13738
99631
19904
30815
11516
19104
6015
80015
27695
88914
8818
480
94795
95966
92738
86331
94926
16133
84013
25210
91662
17982
12877
26047
7589
23667
91794
17171
32109
2923
12196
89924
93113
8349
12333
86220
13950
92369
21795
1433
85213
2725
96031
24591
1155
96151
13720
97496
98889
96653
5571
82896
93557
23088
31271
11112
90068
80677
81437
24023
84240
852
85143
25182
19829
16954
85598
83340
16977
83498
86535
15201
83660
3799
85825
27567
22129
12773
30774
5778
82306
85401
6046
86093
95769
86265
7576
10229
14059
91118
85774
80218
99070
84544
6702
85756
26602
14812
88171
21596
17006
32454
89404
8664
85051
24164
28096
81012
96173
29977
17972
80875
90988
82567
12522
90531
9837
22751
14039
87946
87127
98273
24845
14322
5934
13010
18
32200
10761
93926
88451
97136
7372
81734
80162
22421
82704
22819
88555
15270
15868
81704
26828
3747
92165
6823
90670
22989
94625
27211
13342
92216
7138
80232
83642
91004
4144
29463
88119
22135
2891
27276
21671
96481
11107
20470
7597
24370
24284
8940
85964
96586
99123
95914
90349
94220
83155
97307
15536
4661
99281
88798
22435
82693
83649
31296
88584
22725
99605
23254
27952
90084
14119
11596
84196
5813
15404
81496
11110
87916
27009
9112
91826
83052
94350
88102
29861
13129
4316
83149
95757
93127
11896
12295
89451
5860
81296
20111
8685
13039
86730
87811
94629
88839
93957
88890
24427
81480
4381
4067
24627
89855
99271
1791
80584
26567
87886
18417
91756
89604
80494
90383
82939
4295
92915
8967
87748
82967
84402
81130
14504
14608
23049
24096
87917
7051
8333
24016
28531
91156
24625
85322
86382
22324
20852
82935
22491
28940
2793
80941
30081
4419
96041
94178
80690
83995
91181
9874
10715
11551
6116
20343
7290
96786
28712
8796
15485
97869
81626
92683
19679
80145
91542
90966
80723
4157
947
31068
94714
29035
25475
32510
1373
98562
89938
90177
81179
20729
5202
86233
85955
87212
17807
25537
90565
85031
5626
83206
4838
22370
92698
32422
17766
97688
2203
14448
22328
1053
85348
93990
3655
83439
90705
16289
86015
30034
30579
10699
95532
91968
22038
96912
91021
95363
13935
91384
16958
96923
20599
13240
88568
10399
6884
82257
84529
88470
80712
18169
98776
3436
99594
84736
26292
99938
84106
6177
2566
26397
15969
30116
3392
907
96005
17896
9256
5317
90865
13625
91043
23311
6296
95971
96650
97082
87666
22159
8872
82047
85930
88638
89696
27331
87423
22391
6715
26644
96355
11479
32068
27701
24052
30214
87277
21620
25381
20753
91587
32472
12203
85156
18681
5478
23380
12090
10013
15797
32362
98647
1747
6324
97813
84763
13768
16056
94488
1013
83552
9163
9330
9755
7186
98658
94598
20425
82697
96446
88452
25469
9953
84418
24823
22571
28928
92009
31140
10021
18666
6333
81267
27722
1273
28726
97417
17521
4664
85886
22614
13845
84665
31252
94232
85585
85660
94262
8431
89284
7565
14847
99401
97269
27251
86114
81453
4430
98413
26302
18559
22434
93686
80329
81845
95904
20180
80504
17084
31240
95310
89331
2670
89964
83279
24071
15462
88001
30018
86451
81010
30415
80954
82051
23063
6017
87690
89513
89955
2904
14838
85594
98132
29448
6760
22466
83408
1687
96306
84702
82070
82497
10696
14403
14030
7838
2488
83962
13603
87619
19987
86553
89933
90387
85490
25546
96462
99050
10524
84369
311
83145
4182
28399
91941
12208
91129
10989
91335
29968
28804
1077
13456
1260
97975
83503
16879
14519
8583
80955
81669
81568
3925
26872
19710
24952
17000
28931
83688
31924
13475
21084
97664
84155
90828
21716
30211
94257
84219
26282
86333
99761
4042
5720
88658
27882
27236
81494
17480
95218
30913
30413
87389
87257
85952
82890
90873
28357
22913
99635
98302
7066
80826
3546
92214
17739
31863
81315
26811
31269
1966
31888
87017
1761
90273
89771
8618
32527
29986
15045
2641
12231
99366
91022
16901
91701
83151
12842
16528
95408
83004
21655
85617
28116
17197
22098
29141
23903
16296
89463
88329
81910
6943
80766
15607
9192
83087
84189
3037
85634
92495
26036
82945
80442
21585
86663
3695
31567
99599
17162
10807
27018
58
89590
92716
18618
80842
90792
10888
22417
8335
18136
87867
14784
90145
87715
18462
98462
30706
81143
27082
29489
80362
86270
5972
83454
16920
92843
32560
9567
82488
93542
83230
92395
25418
24138
88959
1443
84327
13460
22935
97452
91859
87273
18711
22488
89564
10024
30047
84791
82712
27323
18791
87521
28093
86662
81930
82641
93830
25638
93131
95213
96953
5970
98661
84907
21618
25132
22254
488
30972
6029
93385
19889
83451
2066
84542
12609
95474
26018
25650
14744
22832
14145
11438
85849
95701
83143
84320
94127
31548
17610
11673
21704
25698
99637
5184
84817
12138
16094
27910
89481
88432
8674
90433
83945
12471
16979
9861
6228
28451
4669
26639
25730
84514
82525
2454
85921
21498
6422
83916
2792
88666
4848
15664
32465
81314
2798
1583
17241
88523
99387
99802
16868
81154
97931
96924
1644
82457
25379
19481
81311
8140
30353
89052
26624
2846
1915
18968
13422
32129
82978
91802
30901
81177
89121
84026
10631
17282
23032
27613
14194
30121
26386
98505
21580
80845
83812
29390
83168
28642
96121
12512
83207
99841
16438
81746
31466
85571
29534
89472
96798
89611
6369
6970
581
11182
2081
32765
12611
10131
27295
23233
4068
86437
16068
21472
95887
93408
91867
99008
8321
13860
12493
6611
4854
17724
81256
91614
6169
11130
82539
99688
22282
27256
23010
8102
9070
23544
20829
15650
94384
1093
16506
81605
93554
9159
89837
89413
165
998
15523
81223
84872
99211
93693
97027
14368
89765
11732
27468
94263
1502
83796
97486
11019
8791
30825
15354
98170
13020
19579
32614
23851
80861
81228
11789
99700
11158
8656
18585
88365
11120
17575
87639
31408
95845
2510
20506
17066
2464
94928
82431
81162
6150
86056
21371
81357
99138
22288
17582
88369
20241
88979
28098
96537
8299
15921
89103
93193
26501
4443
92077
16045
7801
5014
80654
99610
98047
24524
97026
7407
23545
86463
96894
94122
92362
13891
83827
91149
11766
15469
16955
81124
25425
10429
95079
13642
11856
24892
15314
6656
16203
81828
87426
83445
21304
8712
82996
85656
95616
99491
99310
98854
98016
86667
89522
22627
90524
75
16116
87231
28198
21274
28952
3328
13906
19473
89836
82115
20917
92390
88536
10453
84720
94701
18250
93126
5095
87043
18722
22251
3309
1083
2817
32260
18705
86166
9390
83359
10820
10094
99927
97063
86398
10669
95223
89232
8909
9640
4881
87553
979
20906
32719
17682
86627
93459
96707
94234
32444
21461
24857
92954
21097
87964
5456
28037
22081
89584
5632
83285
3243
28102
91408
92622
26718
97323
87779
26968
6010
12440
81759
10466
4578
29244
81673
25488
99903
85106
22304
6855
1519
93444
29963
84323
91265
18913
13969
32288
30077
87576
85203
80769
95545
14697
10608
25482
87508
81207
86260
2908
95161
98110
14035
29994
7450
24875
84094
88405
2867
9975
31939
12327
85486
28367
93739
98260
24389
90216
88490
88090
29182
89215
4940
91904
95046
5233
16951
81906
98715
97773
28431
13242
14408
31463
85208
94755
82850
86133
16812
20141
96476
86512
86192
87604
22100
30648
90411
13463
21523
81380
17871
2
27388
96666
29237
85416
94912
11508
81529
11590
30615
21218
15238
90694
9691
89970
13874
620
21476
7297
90163
98612
94287
81978
91563
10937
83577
18356
83037
2930
21015
3656
22970
98998
21423
32006
8001
82582
22285
21772
22912
17916
9808
28641
26652
86207
98301
21437
83674
20501
26086
23575
83046
82806
8627
25199
20524
16027
9939
82851
91313
18372
85429
23511
81628
9834
29519
87221
91763
8220
14447
720
95527
96434
17124
22615
7500
25957
29932
30680
84701
85991
16881
20587
9889
88057
19992
99666
9396
97904
96846
29510
83865
87358
87559
21316
24324
93791
93940
31379
17823
22097
32453
84471
27023
10189
19850
22236
98394
88231
4060
86862
12155
14127
93176
92083
95037
83049
83045
21765
83535
88283
22830
25612
81045
85287
16022
22950
11857
21528
6196
96035
90980
32708
81465
99368
84517
13209
86565
6664
18259
17257
98469
20195
85108
30033
83467
88613
84274
89642
9866
13792
23724
85172
13593
17989
14247
81540
161
30743
86397
98010
20458
31396
89095
20299
25901
97799
82494
91272
20975
91729
91856
15006
4641
82359
90928
22945
82113
25028
88615
5585
17926
5435
89489
94555
88243
82159
21597
97113
82233
91498
30486
11213
9069
90682
94509
98342
3246
6264
6410
1456
96383
89693
3419
27415
10982
12887
84646
81174
27349
81957
84061
9868
81977
19246
85006
97238
97935
21871
17222
88533
26585
21891
1662
93793
32245
23034
97936
32758
90514
88117
87397
9899
17727
11623
84811
4266
27405
3316
15064
87889
22356
90922
8343
82721
8735
92650
95224
9971
10869
82959
19164
17321
31350
23214
649
82456
7865
2010
16818
92786
11492
91789
9710
1381
30092
96099
81255
11055
96794
10995
8913
90805
90406
94448
7285
81985
18986
88646
98317
82333
13355
87480
26006
97174
3081
81799
22575
84832
81303
13651
94685
20244
89672
87765
27609
6455
85361
9847
89577
32383
82550
14188
18018
96323
28052
86650
20849
91432
90201
87775
84904
88690
95170
25574
16877
87379
98568
3942
94055
9289
21464
24574
32008
9130
11817
97
29367
23929
87286
14341
89495
4722
26364
89301
95299
30688
99237
84014
25860
87271
28890
21195
4501
9575
10957
91890
98988
81307
25327
23843
2093
90893
90795
83109
4659
25444
89643
22377
95168
91842
32674
17507
92795
13023
83645
86106
95285
96211
26360
21902
12453
92508
21229
20254
4557
1621
22569
6215
32079
24847
89155
29334
117
19088
19595
86828
32680
91995
94776
3341
84171
30891
5833
6696
97715
85382
87388
16035
92254
86755
10851
25324
81897
81456
30664
90478
96420
7566
92021
91264
84415
29481
8781
30935
88759
17642
31943
4884
87590
9126
1186
83665
83329
23115
10804
27627
84378
7305
94973
84588
99112
27587
15679
97456
86101
32311
17187
11605
29773
99113
28172
18804
194
26842
86737
82486
99707
9694
82645
89835
81498
83790
2786
94113
2808
442
22041
84567
2186
83165
93337
11064
16892
85872
196
13840
84357
95198
11446
84174
21125
6212
93994
19156
86602
89820
16354
87526
93324
11203
90134
3834
26741
95277
92381
98677
91190
84507
2737
16848
31773
27197
91485
91821
93707
96369
10793
24325
93828
8038
86746
19692
86246
6768
86176
93060
86872
10847
7758
95286
26135
6386
89307
87275
18883
90804
84332
93945
5616
25449
85689
7969
89889
1719
2356
85454
91157
22296
17063
85553
26375
96337
7523
16888
86547
83068
83405
91089
96954
84756
29039
7113
15224
82148
18793
31205
4276
88686
29176
22960
92294
94837
84041
81433
20789
84640
96967
16286
87046
8282
10103
5551
14806
97453
30701
7844
81880
21282
93300
13620
11996
9310
509
93092
9004
18060
28054
6008
10430
81532
99359
24309
24526
18549
10970
2936
92356
7715
89861
30106
10730
95977
90131
96047
26363
83239
6031
82300
6090
16473
81620
10767
97150
91237
11442
5254
4651
84837
14183
12436
97700
12186
87549
17790
85154
88951
87190
19374
6829
11461
85145
1279
28844
28455
87735
26957
81786
12267
22529
21308
25101
86970
84548
82786
91709
5527
25157
32521
29038
81736
22037
91400
99096
12182
5545
90154
88978
7072
25548
92306
89928
26233
81493
90223
18350
85066
88456
3444
95749
27414
10490
10072
7020
9017
26864
9072
25089
30725
85038
13083
93580
86485
19672
20423
85956
88183
83466
21180
27517
84994
24877
2343
3143
93702
14027
89458
1510
3914
31291
1695
20256
19649
99507
23412
26594
99914
87539
19748
85075
31947
5347
7635
90417
95655
29416
19727
13649
16674
11786
24993
28474
81517
88725
91728
84523
28281
97681
82065
82179
11576
20199
29800
11342
28101
8037
1960
24420
29608
9270
32508
3114
99390
22367
20553
87599
89178
98560
13375
19175
99266
12380
8746
1408
13788
85677
93847
6594
94612
92721
10906
22493
21379
86515
85978
19243
91650
2118
86946
3564
14544
94667
95232
86090
6328
87180
32661
24697
86943
19918
91796
31336
11201
6074
96841
97677
30544
86284
28902
10912
1251
88076
890
23948
26244
16471
8241
10542
9526
2191
23736
29553
98497
95626
86850
27396
12177
29256
91894
29588
90469
21781
31419
6987
14867
11740
5257
30088
859
812
11502
90765
12189
82174
7252
11858
88711
83382
4449
98655
16723
81947
87504
93303
85802
95090
85240
20703
26657
2086
81884
85389
15667
94644
28982
14600
85729
84215
20110
14138
5461
24035
686
1781
14456
83766
1088
98825
30727
7691
23950
7302
94744
12856
14153
91441
90835
28979
28570
89377
88333
82239
10605
27901
93913
23392
88239
4888
27381
29003
99804
23381
27799
7149
96583
86557
97230
13106
84403
4355
83449
87013
91461
12492
18064
16136
97227
87295
82171
17211
5897
13771
92265
13386
95801
95454
22700
9428
11424
7410
91852
96065
92064
30674
19577
29058
2482
6284
94613
27239
12719
13535
21632
16835
14655
84539
81916
10785
82999
90520
457
18026
28203
93227
93646
1
22243
31346
13791
12318
97631
91694
32201
22633
9494
87230
31826
83707
82316
12027
87560
16590
94024
18354
82659
4460
7155
4579
86094
83919
86987
86814
18847
27896
6552
201
23647
2502
11819
31134
16172
29812
85652
4581
97551
26150
91207
13775
89990
90380
2739
13091
88061
14623
21637
83287
98429
84805
4
91491
87360
15880
32747
28055
91562
97287
8681
86966
16680
90186
86562
86790
86464
15631
31175
26606
6480
247
17605
81918
91622
30129
12269
12667
21329
95250
5684
23070
1095
21104
94462
30419
14512
27208
21807
25385
12821
4368
87928
30103
16054
83341
21326
88463
21361
10535
9697
81824
90306
32403
97405
12530
92217
92320
19055
84789
89838
32349
30084
88163
31060
571
16030
21224
85732
31663
20348
24441
31078
5898
24466
89124
22244
32406
28505
91239
26395
11252
26580
90910
9288
18611
2661
82460
93766
6707
23760
84366
7457
94966
82500
4104
5679
93982
3159
31580
21267
91688
4841
90644
85465
97800
6684
6135
20359
97102
22313
16686
86115
98194
7480
7654
9516
23823
82077
26874
81955
92615
19880
4694
4465
24547
23915
8759
26416
4732
16844
30118
11790
89016
26509
12336
93627
22003
15336
95248
86742
5780
19416
89436
98432
81924
1957
10088
17779
19807
5812
18240
15864
26145
99249
1567
96993
26252
26674
98578
86621
94581
4759
82048
14169
85648
14722
96285
22477
92447
92968
11176
19859
7107
12924
90161
20560
94887
19635
19573
90489
16219
93728
7591
15158
12268
22813
83704
29721
88966
88234
94917
90890
20417
97937
31133
16332
87575
93202
96724
85589
15255
90857
90956
94897
7177
96623
89056
16367
82254
30203
83684
25489
27835
19060
88783
96074
84135
89865
32707
1569
1349
82464
91060
19075
29392
99057
4665
23616
20017
14780
18695
2703
27900
24272
13418
14232
28700
7688
1395
15977
18228
28947
98773
2838
9014
20186
86550
28977
21571
95287
17038
86322
20164
25842
27759
95484
21448
89050
6797
25997
30880
29745
27934
26909
2487
25497
84859
30261
1205
8479
18885
27155
9685
3988
89247
9568
17541
88484
22868
85769
83219
27042
13128
17104
22181
10833
95654
21103
83559
93209
86337
86859
22078
17495
10171
13886
19457
9885
93089
19544
91632
83232
22969
25927
29108
96016
92800
12615
88466
32555
15345
202
17509
23484
98376
85073
95124
99199
12183
16265
83964
9807
94841
85364
26307
19012
90839
10059
16914
6260
3266
85738
1624
83236
83638
82335
88422
93508
1078
92345
12927
27461
92249
97767
10222
89722
87667
92534
84225
4941
85566
10032
82868
94789
13436
759
15849
18961
88058
30108
20001
3510
90066
2706
12499
18632
89162
26541
29191
19326
86103
27978
96165
93640
94143
5313
29202
7270
98515
22798
83849
12570
89658
13757
84355
85280
83276
89874
871
11222
8801
82579
9832
97876
3735
601
5811
91094
83085
18317
91188
96931
87307
28438
84450
22998
31614
85654
83069
90099
22263
86217
26715
8849
93361
7048
93366
94873
87254
12869
86543
31660
16067
9064
21789
18651
29336
12551
2225
84190
23886
82723
20974
96755
93187
96141
418
29820
2512
6103
98611
30797
95709
27359
98875
32458
30910
3304
18931
21666
16565
84012
23625
27049
14723
86821
85229
11246
90147
87007
27525
6911
82238
16484
28740
16250
92015
1148
2048
29399
94116
85091
7759
9074
84509
87790
29744
89177
28358
92068
83381
15463
16420
32054
8990
98746
5783
92951
87955
19660
29983
15989
88238
89609
83456
91186
97535
4731
89520
84275
21818
31485
97814
13515
99314
29743
99570
27994
15582
2019
3645
93814
97591
91460
11018
19367
98999
5244
85532
92351
14853
93111
93708
87829
31374
12752
92080
929
7631
91759
96908
22677
90570
94651
84748
31700
19328
25883
3882
97056
83972
83695
97327
28154
95395
87768
10974
6793
96226
25986
92605
30027
83326
20042
16248
92797
21555
27981
14488
12161
6004
20112
85057
10176
85561
86145
1348
22109
7645
91209
29295
82768
99609
21796
92292
26913
4767
85643
7448
27316
95949
32016
28549
26133
98313
27673
62
28276
31118
2297
95600
94920
82580
83416
17033
21023
23358
26409
20612
82655
93118
1504
83974
4630
89490
95639
88758
12693
17672
16398
98005
255
27600
16189
3487
3810
6323
16916
96114
18753
13143
25066
10880
31615
82752
11272
9566
32396
7447
90035
86998
10061
13111
7913
94717
16208
86196
87874
25044
5038
23546
31253
83485
26178
6636
13347
28134
90573
98857
10449
89935
91319
24134
90378
17002
13389
96349
32710
10181
6108
30308
17403
26640
22629
85494
10881
87370
8899
92323
99636
12544
24518
23725
10480
85826
87324
8152
2009
92517
91448
92205
92813
84727
1055
87674
29696
10646
4292
4168
10150
7479
19690
19677
1762
95486
4700
84019
83575
83963
93247
23261
7966
12139
89885
85568
9273
18273
89033
27979
2679
22749
4815
11534
86107
27556
96579
83275
6995
15614
26428
11557
27966
3371
91668
6714
20029
21026
31883
12312
14270
27535
91455
32143
83539
95606
2893
21557
83910
2979
17488
85686
94000
14204
95988
82852
98779
13033
8438
99913
23629
19865
4622
8271
32295
13081
6554
94163
84715
14217
16969
29326
83365
1439
17646
83694
27992
2528
83006
31098
21105
89977
3558
92082
4299
92950
94146
99615
838
8929
30012
94731
90945
93927
28562
90375
94768
32377
25325
25726
9903
86410
4847
96390
93593
13599
1980
13097
3096
28633
89279
25952
10385
4930
20140
3077
95886
16090
83864
85163
83112
88242
24200
31566
5011
83935
25119
87855
11341
4804
11101
85493
12278
31978
84724
85078
26019
93311
6140
83751
8890
86953
96773
16671
4478
83527
96698
25800
6112
29577
26050
18237
2691
84350
16051
98417
97167
84629
92478
21449
6329
90020
89661
96405
11793
23765
92333
85209
24333
2639
97830
97040
7254
83800
25950
2543
92318
93635
32042
93735
8814
4653
16140
93477
26422
11189
15252
16207
21137
88098
95873
88021
28375
86296
99996
12425
30489
31793
23485
22801
1327
3312
29749
31966
2052
85186
12548
4359
11807
88784
93700
98537
12404
703
10353
19053
10604
97089
16132
85746
90811
16523
19312
21320
20541
29650
28615
9045
1316
31991
97296
29941
89328
24289
5085
5971
6364
28839
31079
93480
9475
17419
84894
28335
3595
83477
9034
86487
11709
13237
94556
95269
89015
17586
14740
21463
17029
84905
88437
85776
88387
85194
23237
28515
83721
28826
10328
31042
99946
98438
13025
17139
13588
32161
95432
3650
98146
15755
88996
87759
99718
15295
21743
84824
17707
94088
25721
15674
12101
83748
93278
4967
3239
96222
12048
20629
85104
86561
85417
98045
10858
1322
89319
88569
14827
25782
24974
26324
7240
7092
90780
92094
84145
24006
3867
90653
2742
86673
85789
1707
25623
25085
658
22558
11854
98763
18859
29889
3259
6470
17189
25197
17744
91901
24180
28833
84975
11968
94403
86666
6430
87459
88782
17855
91451
3137
7989
21659
94119
24812
24040
95398
4754
85914
29802
8425
25946
20873
99202
85698
83348
5416
86292
793
14785
29034
19774
28014
1094
92583
92553
99409
97844
89931
25617
26380
15344
28072
17174
16350
13660
27344
92120
14994
20558
7757
27678
17279
24546
4837
4911
6890
96638
6834
93599
7712
95112
15965
98805
29651
94922
17817
84460
96528
19124
96380
22099
352
9136
23668
97415
25174
88571
83262
90261
14201
83246
748
3207
10649
28669
87899
97696
84718
9727
89264
27036
88627
89736
89683
90237
8457
91327
87026
98263
2425
93698
21008
13849
22259
11548
26396
84882
17596
95848
24355
4177
94815
17385
16166
15484
20719
3013
30529
25105
21406
87923
86800
10174
21017
83418
85069
15805
99136
1902
32234
97308
84264
91356
87431
92805
32253
85235
85174
95179
967
7340
16257
15608
23364
6392
87104
87624
19257
85833
10801
21090
10744
88315
30196
83548
9341
96880
12322
6253
2248
11354
84265
16356
83258
15936
11630
14225
24758
27476
3553
92576
20529
17299
93058
21192
85781
15272
92032
84048
96356
29369
99039
8466
90630
92435
14032
20234
25626
17234
30274
5875
90787
83102
85353
97112
12076
92420
22413
99396
15702
32080
19182
11172
28336
18567
6527
26649
4228
13713
16418
89200
84808
24085
8045
87304
98693
97346
20396
23524
89545
12790
99373
20902
7786
9106
90501
98858
92791
99644
13121
822
9748
95734
26039
14564
14333
85334
16656
5956
85304
85797
95856
27822
2302
5501
10664
31473
936
89575
86230
99964
31203
94587
20129
25823
16380
94559
506
26318
95805
23925
6274
3766
297
97822
28853
31443
6352
17659
89197
32417
16630
87205
85003
95677
92251
83286
95797
86229
93379
16925
83816
16183
92130
84499
27343
28917
7087
831
12485
11614
88169
86419
93059
86647
94748
25065
99798
20296
97076
91582
83461
16519
6126
27283
83754
6659
92780
93594
97073
23150
91035
93428
97890
20832
31026
26993
6556
86425
90069
91918
1335
14709
85245
83758
9101
26569
94370
90837
96778
88885
14312
85962
14756
847
83479
83159
25852
18032
94930
23790
14964
95833
88820
90122
91373
4692
18361
14190
84565
90065
86549
98460
28871
84093
22844
95040
15687
9227
88868
17350
30616
95058
13212
31338
83651
94623
9078
23359
85633
87001
28233
20854
92992
27209
98762
95262
2149
86542
1993
99024
94417
27098
87986
13824
84865
31135
21812
87944
92806
26090
88207
87177
3094
85565
16822
84530
12107
86324
91577
2550
21415
99742
84191
19586
24511
31542
12720
95229
12059
1020
99198
20790
84910
27863
29731
28405
22306
17248
12859
18553
90762
92581
93286
17839
96904
31550
87892
14498
87014
3168
10896
17167
688
16611
84986
11307
14779
5443
4748
21170
95964
89092
2919
92953
26219
18025
11458
23191
14558
32267
16394
11513
5859
985
14599
2212
2353
30716
99542
83636
84484
89262
89202
93528
85862
90461
31390
29319
21648
87314
32170
86873
5848
750
91526
89554
84668
97820
90861
86426
32663
24181
25177
18104
28193
83425
29340
84211
85030
88872
26008
98943
17161
13429
30462
24259
21889
95315
28370
17840
28214
1563
3907
21592
21711
29567
10700
3278
87322
93226
22411
7235
89194
23928
4320
96621
24237
85857
96168
2439
84597
14356
11385
3004
15487
94817
21952
16527
25657
27855
98393
28604
96600
90391
14224
83540
89701
15850
93252
32415
19464
8721
24613
21884
17893
14316
22358
7768
98526
91420
96538
15526
41
13086
83985
90863
30808
19537
4735
91530
32539
83967
11181
98448
22999
10129
85818
83505
92725
520
18617
17043
85338
84137
90089
90697
99109
28329
21877
14439
84404
18978
87305
97993
5370
84167
93230
3689
909
23173
84778
22530
23967
21374
13252
9442
27585
91427
92430
15663
96775
88859
16302
9152
83979
22800
83894
24238
17868
89749
16115
16407
17361
99185
3076
88975
19751
10341
99799
4508
98931
30387
18131
85821
27454
24316
30871
94933
31836
88987
1749
28314
94077
19132
3565
4416
14078
94405
12646
27094
88804
98754
87350
90467
22850
10236
90352
89376
86362
29266
1817
13870
32744
28467
86236
93493
18287
29279
90887
87478
3489
11247
31772
9620
98750
25346
23085
7722
87282
9892
86950
88096
23308
90757
1775
23735
11225
30922
97236
27854
93436
27878
19232
86590
89161
5724
7611
2234
17835
15486
4945
21152
88308
26456
97386
20661
29559
7258
24360
88055
29801
84620
99918
20286
7642
16720
12508
28119
27533
99521
27757
85332
26248
90024
19644
90118
10577
17030
16562
93782
28008
88429
18600
99209
32263
32249
27203
17045
11288
27293
87800
5787
99530
83903
20847
15534
92976
90871
23818
25847
15446
22754
98182
26164
99743
93509
91416
4871
97566
19978
24822
93250
88566
1106
31130
90741
9496
6953
1939
12748
23729
86586
97120
23635
90123
2017
10062
1211
93881
28743
9007
23087
94946
16091
4890
29648
27353
84077
32662
98246
14215
97859
10686
10228
23371
94033
18400
87824
23730
28225
3413
14578
29115
26946
14754
93933
1301
4241
86393
97159
29849
5279
12036
85683
25864
88081
4459
31783
18183
7832
85311
24529
26970
127
6724
84441
13408
96298
85087
87753
27341
86152
24515
22176
2989
21845
31923
10809
96054
7158
97524
5900
2863
98083
88619
21319
86864
92913
19971
88828
7131
90618
85604
91139
8778
28704
1470
31479
98767
25519
10056
94423
96160
1927
88009
97552
95568
86111
18967
92770
26417
4712
86344
5248
28773
6977
90184
15192
21936
9371
27418
9062
22474
18760
97157
16467
92412
20602
4965
99603
95809
99418
24537
12259
93609
96248
85372
83700
21546
6705
21636
13319
16602
24640
1859
94806
2480
87381
21970
27104
93017
88743
24295
20350
7502
27657
17392
30517
8538
4070
84018
87044
98987
26329
92466
86049
9176
5260
31036
92261
18341
18091
25267
93680
19851
30166
9590
86313
94606
26822
15766
11000
32268
84711
29603
4273
17118
98834
2245
87816
1387
85120
88617
15529
86705
23869
6992
99628
22440
18257
30852
15996
18920
8952
84208
637
92936
18305
1890
17706
29290
25785
97873
28345
17803
30291
91159
95052
21235
90255
240
19379
11383
31059
32151
16908
2538
9205
15781
9336
3026
92264
9616
25525
32620
95651
2359
84719
32737
19866
31295
19490
4296
93687
5550
18745
91683
89313
19656
96442
99564
99230
25897
24448
88282
95661
95389
639
86922
4570
6486
97020
93946
94849
23702
99274
16552
32361
4860
95186
1912
1145
8005
86077
285
97314
24946
29330
3839
93364
84158
86954
88641
93217
86245
97037
31586
86446
11505
12188
86018
94813
28699
30255
24850
29903
87984
12035
6676
85448
91263
93917
97467
27764
89516
95459
11488
29558
87002
98416
29926
17484
22600
20588
30458
16821
14499
20394
24881
97032
86336
24314
569
4746
6059
92927
23064
85167
96260
91360
19497
31557
1314
86808
20050
2534
10411
85398
84331
8571
89305
17963
24457
16769
26359
5134
10704
99641
89988
31289
1498
88715
30269
88929
21154
86027
98755
1494
855
7567
84739
83976
93971
16470
22260
98848
10119
94746
96849
18837
24721
85097
3132
5276
25314
5945
94721
19548
1922
3534
22773
85228
10839
11941
31019
94710
10662
26124
5135
93101
10952
94067
90859
27914
92296
96146
19344
92375
93510
89810
86680
89064
16239
29248
13327
31301
1768
25292
24904
4588
87133
32613
92812
17856
928
85339
17213
86718
88708
31352
30803
29742
84775
97523
6416
23989
1800
24313
18861
2460
27733
2668
19310
84442
1948
27311
17970
25406
18324
85773
19802
24920
85758
93616
23518
3305
88014
92639
17324
3804
7517
21280
19523
90139
88109
84599
88995
86021
12398
88143
19461
23017
89412
96218
14080
27737
89845
85938
94219
94525
5341
25831
96458
6966
87566
32477
30872
5407
27762
30339
15792
14695
5375
94259
93267
8694
84863
22024
88258
19096
84300
15334
91502
88311
91947
28425
27972
29402
15807
4062
91747
9088
21179
27165
14956
1056
88304
29807
5919
99845
10732
13920
18561
7108
90238
90355
96823
87787
10711
95612
32333
20481
28850
86073
11329
17128
19986
97342
12144
28024
8870
91058
93812
1785
87991
97534
90117
17581
4428
88829
9260
16663
30738
14703
88074
1929
26924
18164
2889
85908
90637
15170
91939
94470
86858
1501
25494
32203
16042
26044
96776
86716
24252
1137
7228
89236
90234
88462
24793
26997
85831
19575
92481
86694
20443
97735
85588
12879
22694
21759
10008
94208
6071
4690
983
95603
5304
9177
20997
96307
24802
11066
89597
12650
85897
32538
87908
89012
25477
89895
92957
25360
86584
11933
95312
25191
7743
93930
8688
96318
85610
19838
97093
32470
18849
95936
18197
1844
89493
11167
86345
9167
7089
326
87772
11759
1618
16165
84893
31716
93197
16571
89167
1558
87086
96852
19878
9292
17462
93038
26660
3903
14264
14154
96815
4705
14716
24082
32493
6632
28735
9480
25359
99131
18959
5175
17305
1265
84582
90293
26177
7854
953
85607
20316
94393
15062
23652
97759
20943
5817
20601
90282
8345
93857
87292
5884
87442
18752
91628
19351
91547
91545
23531
97243
98257
15092
92112
95419
2568
4161
30395
4290
13703
90800
26703
8389
89859
92158
16310
13420
28680
24255
30375
93295
12115
4628
20007
5674
13337
20198
99289
88497
10582
5896
24608
17697
84806
86754
90802
90818
29901
10822
92316
8971
28809
18819
3166
13525
4506
6404
95599
87069
10256
22849
89086
28926
25863
99382
23784
23676
87654
5221
20454
18501
89868
89144
1409
25561
88567
25653
86442
6780
24790
6218
91375
94779
9162
92133
28945
89203
30780
20890
6252
10889
91973
88420
91617
9749
20300
93045
8278
22442
92418
90155
94167
23737
28865
23761
25572
7675
14841
98590
17363
91115
19900
86439
12682
90194
18276
1185
25535
16842
88354
27940
99685
89757
15848
87356
9756
241
24505
24570
29513
2412
95567
94690
29081
20191
113
6402
22305
19006
84860
7987
11368
4098
7959
86356
30607
4549
30573
21149
13762
6942
30530
21019
87140
17854
8682
9561
28513
87374
27624
10151
29848
1913
6332
5034
98397
25328
13544
21852
32529
90721
6210
89601
90843
31823
7296
29946
29918
94013
29695
17621
94763
30714
89293
87120
91505
12173
11289
23416
1863
86314
92335
85614
86286
31626
99677
19518
86406
91630
90015
96568
95676
14346
562
98037
5834
27116
29069
86188
89501
85521
96601
12099
87740
84710
88986
5676
16840
93815
14735
98517
14375
20562
93404
31326
20908
93529
7461
95684
88732
89622
31370
21608
86965
2819
7027
84486
11592
97011
11736
21930
91935
23654
1819
23006
20781
6437
27413
17976
97961
93015
19298
19111
97726
91764
10987
87414
16161
85397
4532
97279
32185
84757
15591
7178
28032
86440
86424
10599
17347
87065
88664
86074
15596
3398
94456
90508
86522
24036
18674
24975
20462
99614
1708
24999
8755
87444
97584
30559
87310
90817
28319
25603
6804
95754
86154
97720
94118
10930
19532
91963
11924
19160
3716
28051
28621
29613
20855
98679
7353
9995
98185
84999
91249
29251
13444
93037
1040
1919
91023
14054
536
89315
92200
28460
98077
4014
10668
88601
20415
216
91422
18461
17938
29160
98043
4201
87232
4949
31257
30320
14057
85297
86605
92152
6157
84726
16897
99715
20550
13532
86234
91191
330
22082
3561
91405
92465
26584
99044
29956
99307
22568
29582
84848
26262
22626
91321
30837
87276
87251
25555
368
98234
25452
97652
87733
91873
97736
16445
23533
85197
12735
26670
24925
30401
23170
120
97872
85121
28533
15309
20375
90545
91504
87166
93129
87665
85839
25000
28463
31954
28995
98440
118
30418
92042
95789
23881
92814
6265
96792
20907
94506
87172
94073
24380
93301
10446
86749
15857
4509
87067
85837
32275
87337
92680
6648
89374
18447
3183
12505
29200
12997
6906
97614
29561
829
20489
351
24102
96789
90661
1871
93085
89711
95902
93360
92332
989
86691
29155
85028
94869
85373
90277
21744
11292
27715
90053
24449
21939
114
92516
12943
7064
21713
93163
20082
30826
4218
27606
21792
4411
88524
9813
92867
17278
93512
96720
86391
25906
24169
30958
30175
17230
96645
16113
95307
94461
86776
89163
99497
1469
191
96378
91098
24612
1663
25484
31063
21427
11937
25040
25773
13135
8660
25209
3944
31388
7386
32130
12550
95956
89841
19197
95122
90597
10435
8997
20905
93836
5460
1702
10158
97495
12940
89630
13897
27969
85755
98730
93376
95683
86088
16357
25416
32713
98452
211
88860
95503
93639
6926
15678
5025
85223
1577
8051
4638
3302
4929
9335
18393
27831
18244
18888
4706
3858
93263
24691
29638
21572
92961
90213
87930
97094
18093
23398
88366
21575
27260
97589
93010
28980
6418
11704
17003
22307
91751
28231
20301
86796
85868
31108
19106
10315
17725
14297
23469
25481
92040
5659
26764
9161
22123
89508
27557
17808
86125
2945
90869
13754
11402
88115
10191
25816
95407
93582
13154
10702
25652
14957
10443
4011
17805
85160
9198
88643
8103
23769
8381
20777
22033
3258
1130
20999
88771
85425
5324
2243
17590
26128
94650
9970
90319
94609
9891
20929
90892
86818
350
93483
30531
30171
28146
92911
6382
94217
91575
27370
6555
6081
25067
96811
6013
87524
17465
10933
85099
95148
21191
25796
12584
4491
14997
2217
8761
17617
88121
22311
99936
28517
2870
98780
95610
1675
94323
27452
6806
88383
96379
13157
6706
15240
90487
95933
84984
5818
26832
3466
16867
91862
99265
18381
87682
26731
22200
20373
9225
1125
5120
26690
16831
96719
29635
95637
19439
18037
96977
97548
19741
89422
8529
92372
11394
3878
28160
26925
22165
6412
30472
28223
26070
10484
26264
29716
30684
31015
93653
91233
6816
8908
86778
19530
32265
23910
8668
92468
21947
911
85591
4440
5915
30965
86689
19526
32677
97951
95796
89060
3952
99540
14265
90498
90547
21028
29470
32722
8014
1591
3386
17390
18196
21758
32579
7798
18525
17478
16474
21677
2890
32723
30199
13159
17192
14684
3736
22046
26289
9673
21163
87439
98245
13226
14266
23593
10363
93156
471
21823
9116
93892
32585
16076
92330
17396
27255
19967
18001
21425
15892
27031
10934
89966
1931
13248
32732
11084
939
31535
22720
15037
85929
94641
13759
29415
18403
13518
88332
10093
14364
12946
25948
9013
92448
14783
93332
96365
27437
7709
382
21277
19939
7909
5654
439
13526
15004
24527
4924
96591
18995
28905
90180
8876
86886
13921
6498
32014
8754
88379
10101
16196
94974
95425
15378
27195
3456
13974
16393
7100
9736
91377
90771
98130
97074
21378
20295
88751
95697
88473
27045
96361
26080
28228
95426
8777
8740
24097
95622
95298
31758
92638
95855
98155
8654
89823
25380
21198
95367
86158
25368
6781
20727
18915
17374
93062
13707
3347
27616
5108
8380
18387
23294
5828
1262
13289
4038
99662
27915
94866
9715
32196
11803
86816
92178
86951
21542
15681
24290
17383
85864
92747
28363
2503
85905
24140
97718
89371
93244
4319
23930
10359
85586
95128
18367
93808
29207
18671
1383
91153
10570
99490
21241
90878
14350
15579
89241
85799
20292
95394
99256
24415
97347
91998
20505
4083
99658
15949
25160
92906
91079
98300
7694
92074
14216
24563
17504
93966
3090
91250
91421
94968
92623
22527
29981
12444
85895
25902
89036
93403
30050
21670
91353
2829
32495
18030
26619
22360
16403
26496
85761
14250
27497
25483
7059
91539
13882
85605
6490
10852
17814
12676
29288
13524
16053
92751
12759
95552
86384
14457
21573
93860
87983
21393
87128
88598
96305
10547
92876
85256
14150
15227
93456
16300
32550
668
14337
86899
87856
19695
92759
32281
9564
95829
5048
4660
3663
98778
88948
19542
3721
90259
94037
94418
85581
90588
89251
32365
3369
96044
856
90108
21910
89141
90881
88190
30542
3144
89870
95596
89465
31803
29238
23073
17948
94916
22919
97211
88603
9026
91100
91565
1356
13400
20835
8995
97145
18128
90625
26063
89322
4856
3267
6225
86955
24109
5911
88870
11674
681
89345
88461
99549
29575
85763
95387
91936
10521
31437
19214
92799
8557
2621
85386
94491
96943
15606
88247
25644
94091
88347
7368
1723
4135
22690
23565
26732
94368
99668
19198
96309
93977
88023
94092
30062
94792
9747
16008
85359
3940
8834
93204
95861
86385
14336
87658
29194
90550
16341
6505
7820
92771
19275
23855
30224
94089
3052
28858
8034
91078
1276
27651
93358
29158
93901
27099
4462
86011
85472
87148
25959
26298
28575
3327
8992
7411
93551
85402
27508
28867
17915
92693
92848
32286
13644
87006
90964
20632
88797
6321
597
4341
22898
88942
29317
95759
97267
96493
5721
88887
18610
97829
9534
22065
29979
25787
88607
17789
5835
32083
2695
12247
12125
15612
90115
16275
4657
13737
23917
85545
88342
92499
17532
98099
20363
86736
12944
99088
29179
2928
99634
16524
91818
26022
22439
10467
98368
27333
28990
30893
89224
30804
761
88269
20469
22432
1124
12852
90452
5484
21219
22977
92081
90112
96478
17210
21182
91183
7511
86935
11755
31062
4047
92642
11730
8277
3930
97247
14609
88741
89853
17945
27919
21325
7299
4342
86186
91064
5455
88977
4743
3581
16000
14550
98345
22462
22346
1758
90438
32291
87123
24817
26756
99152
12490
28793
24319
16959
29454
87861
24955
91017
94414
8539
13098
23319
86276
26418
92122
29009
13161
29014
28393
11573
4347
9314
24976
13387
12896
88670
93610
4710
19961
23262
6078
89882
5009
14431
89572
31547
15741
32580
88698
88323
1272
95141
94564
8330
13758
13654
4269
98777
23785
6919
12302
17644
20235
86938
27062
11226
395
24353
27044
1598
29508
98220
96881
15253
8281
27907
98758
16162
85906
87978
97418
1237
13730
17341
22699
30845
10464
98961
26058
816
98353
89586
29809
27385
96714
26940
3087
87203
95249
27376
87586
4226
554
15660
28662
10154
88538
17662
20118
17867
90233
90641
88480
15243
3253
26126
12034
31689
9209
11702
94929
17165
28415
6564
3719
31028
85733
16569
3476
22875
11520
91593
4271
11275
7268
89038
18660
87832
89753
23272
20148
96790
31827
25103
10060
9886
98485
95338
774
1861
21186
11298
85836
89002
93055
90419
1226
3447
95742
8461
10044
87849
13241
97570
88767
6065
30634
97381
88349
22241
95719
11610
29114
20166
15576
29175
89626
10855
22262
24294
98197
15306
94666
19159
29521
98410
19791
32557
4529
2455
5510
25423
1535
25347
872
3124
86164
22091
23988
7211
99120
98726
6137
93377
3104
94643
13744
19929
90422
99041
28820
89058
19962
32303
24132
95743
31860
14970
96139
90712
9141
98007
28748
93765
19157
86085
17219
92509
87247
11954
11321
90399
93136
25718
3608
30258
9823
86635
86063
1229
91284
8570
32122
6483
23514
30541
30316
97941
94510
24245
91101
24674
86161
5333
88905
9725
2743
2962
92548
23172
3455
90092
21747
91674
346
13696
906
24008
94192
99877
12084
18923
32530
29044
88340
1181
5448
5116
94854
17812
91175
21860
92127
97504
5361
15265
14912
86593
20124
459
21599
91136
93566
86592
23960
18039
86923
89623
11399
85920
69
5881
20817
29771
24726
94145
23042
8725
18364
99163
13861
93645
21835
86751
93318
4611
21785
94993
93298
8580
4989
86684
6161
13401
15046
4897
24545
25817
5629
15563
94942
31810
89133
92921
28320
32518
92705
32768
86481
19793
29870
16235
4388
98619
4595
21372
6553
2296
86681
88545
90584
89729
19024
88867
88558
11280
90525
26410
2438
6022
23500
90631
3585
87697
21293
13234
2520
2354
20347
89005
1612
17898
20887
87831
88385
91454
89867
29077
805
10448
7383
22238
17150
93063
98226
1121
99417
30321
22261
13112
7231
87551
88431
90706
21230
7961
95973
91322
14771
21992
9933
11682
86309
12152
18414
94855
94311
14726
86560
89373
93872
92657
15709
11700
96512
11527
5554
24497
25170
10515
90308
22050
28099
1574
6206
87901
25670
90580
13013
18902
10471
19521
87501
94526
23578
4500
85992
12901
26451
15835
13465
17051
9187
31114
6214
2858
22804
26137
90272
6690
86148
15758
11726
29377
26571
98650
20178
90819
6720
11020
89046
98708
5677
30547
98148
94745
86610
95416
10951
96895
87862
87706
99724
9271
94134
98153
15372
13590
97141
30450
18560
94141
12968
4474
23142
86183
2063
4885
93931
24954
8470
95388
29439
96299
21565
1592
27614
88441
89886
20946
28217
94728
13385
3580
12961
20911
96013
6384
91168
13648
5858
96186
13213
22985
99353
89926
96066
30844
92424
4775
88932
92561
96325
89673
93346
2166
18894
19463
91722
88796
31353
13092
86036
9989
4448
3577
91031
98989
98810
12832
7181
22961
30969
18517
14972
32687
86698
25093
4932
31560
93762
32533
96925
2087
30257
12273
10091
91714
29082
16343
98439
87427
99213
4964
14464
31168
89858
10078
88011
90358
98367
23490
31032
92410
12839
30480
99651
89389
92078
3540
31355
92743
87012
14967
87544
91062
16615
20806
1765
99746
98338
31938
86945
27790
29879
28201
20037
19581
10077
88222
12655
684
29917
23152
24863
6727
6946
98363
870
89109
96180
22388
31788
32502
5590
88345
6646
88909
90198
8050
98381
14398
91176
89957
9397
12893
96021
95628
93628
86744
86807
6848
87704
86432
88692
22209
96206
9771
87454
16911
98456
8650
17880
97096
87943
87349
3853
23159
10041
27367
955
29966
10938
29162
3463
29254
88425
21002
10904
30113
93788
6487
24378
18669
5491
16875
25266
23885
20227
87223
17250
9348
31484
30663
92117
28296
16605
16823
17616
14149
2173
87953
94427
4272
31749
18314
22890
5391
1837
90566
5490
3461
92085
4389
91910
14562
25397
32448
99151
24235
5615
27232
6166
90535
96183
28580
21210
2860
88112
88750
97585
97189
88778
90894
4923
5362
94135
94892
26910
21842
89388
13403
86804
91310
15656
1107
99177
11960
88726
98158
25506
12149
27000
10848
18297
99320
14592
13244
11074
99720
19736
89692
8409
93427
91573
8290
86896
2154
948
6657
12124
551
93876
19376
15632
8084
5164
23482
91166
4741
86957
92518
90412
2114
94352
91351
3649
22743
89659
92546
17039
23198
11060
89372
5776
17928
93607
99536
88421
21938
87244
27272
13021
3750
27068
26179
90009
91518
20031
17458
90796
95681
93052
92609
22894
1451
29758
14181
15655
1941
5425
24055
10232
97803
95185
24431
92051
97248
10492
17160
24719
99166
86342
91517
97317
87739
24308
90093
98908
26103
30936
11922
26317
93269
11907
93794
7730
87469
93368
9241
87173
5664
86652
11467
16055
7060
6341
32340
28152
4889
25551
10978
7996
86527
22273
10598
28802
94595
99357
31361
13200
22085
94591
20402
93500
32429
13376
16576
99805
21676
96783
92737
97421
20881
10063
90907
15874
7453
11048
2022
5914
1864
87237
91426
22883
95543
97857
90305
7192
3344
94530
26845
12822
87857
22909
8300
88485
31563
4170
92899
94902
90504
87181
5917
3516
96501
1923
24984
12562
10958
95214
90687
89527
99514
32481
24669
32573
3271
10203
26702
97882
26407
15690
17365
99447
20238
98717
23957
25699
2649
11929
12088
27287
20794
87174
96216
87318
93259
18202
91535
89585
97855
5246
2672
27857
32105
91552
20654
98649
90605
15689
30690
15968
31840
28209
20420
96961
699
12764
2056
9200
89180
28453
19402
96979
92403
31404
22331
17036
87632
87479
88191
17249
92584
9825
1304
22742
32652
92653
93710
29418
3227
9558
87182
7811
88982
32110
21760
93261
29708
29980
25755
87806
1060
9703
89778
2420
28691
7159
9039
86531
29235
3155
3535
7440
26826
29790
28108
94764
6107
97537
20782
17708
18220
97732
95736
6896
10393
86545
8162
17705
12954
92016
31782
94243
23314
6871
92853
19641
24153
4118
819
19732
94053
92595
94281
24419
26384
7661
91336
97885
90933
7637
7182
3074
16460
17203
24893
97627
94409
5838
88453
87817
12798
1305
7042
89723
95093
98554
29428
95455
88806
3458
1213
30408
31320
20153
19619
14739
1399
30342
30906
16941
95259
12473
7117
23458
98490
26098
99395
99354
6779
29410
88419
600
18895
89214
94936
30479
86645
8989
24484
96265
10125
32434
90064
25362
11956
15817
14820
11992
97926
1442
87942
28530
7871
87299
30660
97987
93647
13617
14532
93194
3527
20780
23000
88703
13732
31278
30988
92858
17692
86981
96686
23681
10156
542
30756
95359
2230
93694
10110
5738
89994
1720
89953
32082
31918
19781
23370
2594
26871
26984
17728
23013
6852
31910
88915
17481
98700
7887
9450
830
14298
91888
90831
13777
87738
27199
22962
89628
6518
89915
29641
7041
30051
98145
89070
86794
6978
1757
30136
98193
5699
28432
19286
88285
25740
90199
90085
94363
27583
12317
94003
21377
11720
90299
89022
5168
27115
15756
96377
95607
5643
93125
286
92383
91228
20659
24653
21958
2193
5111
87385
98224
88202
92014
2782
18379
12854
11016
17152
99445
96639
92752
18191
20012
87796
95226
22967
17878
10554
93955
89612
18550
22415
11193
13781
20252
87440
5256
96812
8138
30388
11914
96408
10573
87767
97171
93537
9820
96683
2016
7945
94008
94735
17061
17158
90028
18325
94131
27337
27898
99533
17290
20450
1141
86877
12922
31814
30737
20440
90240
2674
18761
15299
1166
9182
91469
88882
12633
2471
88195
10640
26055
13175
32118
89581
23247
20662
87814
6051
17648
14326
32726
19251
1836
97024
17242
90396
4934
97179
13163
15303
4921
92286
17405
20951
14331
89491
2449
13483
18802
98288
12373
5488
21429
91246
30327
25169
3462
23799
26059
17217
21519
17047
18592
781
22490
29113
5597
20640
22293
31667
88454
88298
89120
30505
5532
22278
93412
17014
22376
87202
23891
4186
91749
99345
94505
19172
26673
28394
97377
6304
5958
14984
94704
4099
90510
2457
16397
25878
91997
28876
31455
7520
29229
5087
12564
5655
22495
3434
92035
26761
87839
21225
4469
96998
93279
271
99796
97592
8156
15432
98356
99303
91382
4494
9181
10643
18657
87616
32315
8329
7325
87503
28573
8743
87985
14137
32476
95955
87703
23321
8811
236
22422
28511
91685
11703
20519
6909
24413
15367
16048
2564
20404
13708
28913
109
93995
7327
14535
31018
1247
7659
22089
92982
6726
2143
29987
8252
31191
22354
88770
18989
92406
23286
5725
16772
88166
19201
28603
6774
13080
20377
91324
31668
97357
99835
7315
25404
95638
31358
90008
94147
31342
6932
11892
28693
21458
21088
16573
94931
97519
29518
28591
2236
89669
18944
26767
89351
26636
12414
88673
26256
11699
98992
89633
94180
91253
32314
16476
91528
24322
91104
31545
28328
14690
90232
6612
16489
96224
99309
95215
92662
14660
95352
1457
26848
92004
98837
9827
25915
89057
518
87118
2660
5670
90564
15952
19796
97587
20374
88457
10505
21720
89480
98208
29595
92817
24601
8482
95883
7029
12065
11335
92888
8358
20540
14575
24752
9437
18547
89386
8189
11850
10096
87323
13579
10087
13936
90963
26739
98788
94361
21318
87758
10333
32384
28326
95951
342
87852
24853
21117
8059
23183
98539
2241
31514
8926
93184
99966
27253
96102
97892
88722
453
90742
9407
87728
4208
26088
26335
7656
22408
14480
26071
98768
96955
96049
98821
3300
92278
89629
93265
94298
7749
6951
88871
99082
23576
89289
96770
9140
99077
26371
17378
96268
9417
24908
95704
93051
89741
25910
92991
1353
30553
11741
14192
2974
19533
89029
5327
99013
97177
5642
97428
3176
98586
1856
92644
94726
94983
15023
5953
3864
30977
97965
12914
7933
23501
6510
95915
20699
27064
19633
11601
91710
23656
32300
3016
5125
28841
13395
88294
6136
22381
1170
16387
30091
29698
14644
89044
27565
916
10638
14494
87871
2533
20594
89908
8587
8010
27858
28381
15802
94554
14514
4427
15412
23597
594
15000
1284
6803
13211
88106
555
6802
5065
91642
96952
24806
89010
11769
23384
29953
94159
6095
6172
26578
16409
87907
16009
7094
5969
32095
14563
10685
18833
19302
88413
88341
22314
12185
88520
5633
14455
87910
92856
20580
8582
22455
30115
29805
92496
94428
93061
99324
87253
10892
11756
6336
28543
30563
13453
12683
6338
91099
88399
99466
9125
17626
6643
94117
23946
27264
89717
88660
30782
16465
96780
29530
20386
9894
6856
93848
95960
30767
7242
1171
4136
31373
1552
5800
94419
23086
9777
30017
13567
28011
6771
6208
28486
97293
2270
24179
88921
32520
87336
30031
11336
11554
95197
90756
99629
10050
29555
88633
22111
10673
91105
90499
28458
9609
13985
99300
28395
1684
94979
12110
29661
8291
31498
6876
22733
94152
90942
12225
22083
5352
11473
13598
89142
88136
10548
28308
92881
5700
24764
7301
90698
16664
32256
17806
23376
23866
31157
9540
14752
7373
97953
23596
8502
90533
24139
15615
97619
13690
5315
21278
24141
26583
15920
32338
92440
24226
13183
16327
27292
17508
26555
90924
23295
95082
19873
30655
25459
99919
11621
28135
14708
4369
5829
11347
19682
92402
95055
16802
19180
22657
15597
22017
17215
90872
15544
24803
31598
3008
97140
28670
15522
5722
12680
23433
10117
12916
99330
946
23146
94366
21450
29540
96061
11159
8405
87956
93747
88240
11563
24508
16436
13561
92121
97345
14833
6085
31871
24778
89640
17085
5444
32178
21567
1246
2875
9019
89003
9945
31333
1248
22286
28082
94507
29619
31196
91217
12156
31832
93075
90494
89561
16965
93288
11290
88781
13370
15165
20532
30111
30206
28539
2513
6639
7002
91823
7335
26093
92196
90740
13827
22201
19136
13367
22881
13583
8394
21791
6220
15697
89589
24645
20856
28628
2102
20716
29467
13674
11904
91700
31890
17454
3191
94511
15155
96195
12143
90807
92754
22196
95517
94480
87689
1998
22730
4284
94095
89087
8355
6882
7915
10478
13087
98398
7875
2768
94840
94356
91949
94636
89134
5373
15513
95986
88924
26839
1308
10703
21607
21260
92794
93683
12983
29453
96654
18236
26231
20342
28252
32324
3381
25213
13485
13546
9911
20635
3232
88597
87563
21883
27041
25515
3255
13090
17407
96059
91811
12126
95473
96138
22716
27507
1750
741
94824
8706
89304
12955
24382
5948
32535
28053
93099
90553
17866
2013
9319
7918
11719
11149
12324
97839
10133
29532
18328
26431
89185
25966
95744
8769
95380
96452
16102
4776
87547
7295
31331
22858
23228
95958
25239
21223
87938
20522
93022
26776
91440
11359
18599
19068
99292
99896
93692
8352
21066
30433
28744
91475
23499
29358
15985
93000
12337
89381
97233
22148
13270
2190
10529
27451
87788
30604
17402
12622
17825
87760
87651
27081
12019
91303
25584
796
14546
92699
95239
11270
17143
92029
13373
2244
14240
32214
2765
5753
14950
99722
16021
2271
11866
4140
24347
11821
94170
91695
96662
9546
97824
93632
88401
88414
880
2161
31417
15527
92749
99023
12692
17691
9942
95489
29937
23515
88764
31486
96690
26239
89216
96569
24843
16272
89054
94953
27976
31865
9233
4961
29376
26034
91116
19569
92287
11562
19496
18736
17787
12020
91235
10944
88230
18485
32541
94517
90646
4171
99037
92183
89811
64
14307
28792
93482
21615
26372
19058
6305
13431
32065
91558
27410
27999
11752
20742
18966
18954
6482
28126
12460
89344
23556
28489
16003
99922
8453
94872
30324
99939
29568
94603
4673
21780
19356
31830
1933
96737
90109
17226
6685
14462
6703
731
92301
94797
17186
90875
5850
31785
87999
29972
23750
28983
91521
23221
14510
4569
87797
30657
32307
99205
98428
92209
29378
23124
14748
88684
19592
98577
12965
25616
7860
28391
97959
11889
20206
4583
20768
381
89094
31456
9696
16744
7745
92066
93183
22555
89668
9492
14999
3517
4240
27166
89879
24958
30776
2392
89808
3749
13472
18070
12255
10716
18271
16905
16416
90126
98695
90497
13721
13710
99352
391
10675
6515
32148
22691
31646
30355
22336
88450
178
12470
4868
27744
97609
92124
2716
91067
336
8773
25163
95436
1790
13766
10516
8253
27540
8521
16947
87848
25159
93631
29660
93976
95088
89789
14134
30822
6325
95187
9625
17937
11597
29764
93905
18482
88237
24879
1509
24074
7028
97460
90054
8720
18619
19686
19661
31707
8101
4027
95813
9293
93246
14293
22101
10242
3465
31504
15266
13306
28742
96261
9713
89710
14753
20479
525
11885
30630
32503
14859
92967
93731
92580
93369
10943
91916
88930
12162
19258
90548
14245
4257
19277
16157
26170
13607
21128
10749
1488
12109
7994
99348
19288
20288
2917
98141
8064
92027
5097
2458
88059
27399
28139
21353
2600
29049
30341
13038
25896
16938
2226
636
26273
15668
1402
14006
12012
3658
6748
96859
7848
92835
93611
94057
21768
3198
15116
31316
8797
99595
12669
8006
23265
20688
94524
10666
13764
7718
32569
24789
95005
94015
12957
96839
96485
17913
28076
1378
7169
21431
20185
1292
47
31302
10264
95049
26435
98605
92336
17698
31791
94888
1026
1122
91975
90317
5049
95823
7387
18623
692
1081
88511
32563
19280
97122
1068
28264
25274
219
23443
27493
95819
95050
18685
7810
16743
27052
26911
12969
13833
7306
13455
7629
97422
6309
93260
93222
31926
19919
94915
19389
89679
88717
13050
20357
22822
95267
491
11770
1917
97819
93916
12108
20264
7623
31658
89274
448
91780
26038
13701
3600
7618
89212
89978
89020
20424
96241
15019
97932
19493
17371
91037
17757
4699
6230
7082
26228
14630
9499
12325
17100
14607
16011
28004
89243
8784
32462
10964
92720
31210
3102
49
23613
95024
21333
515
89946
12675
89126
13145
92056
92990
20724
94359
21563
90877
23697
89485
405
25504
99453
21604
16256
96271
29216
26534
7733
1516
92525
6106
23283
88262
98082
90430
12519
13957
15595
20311
27739
22926
90595
17580
19489
89981
13287
31680
94343
29460
92095
28494
15583
24695
17966
89488
27760
7443
6290
94475
9248
7380
1243
9063
3964
13359
18118
7382
8295
96293
2927
12146
25658
97657
28701
95564
1852
32461
19790
93186
21060
95889
90870
15549
99207
29411
29505
1271
89395
96018
5112
23686
18113
3902
88650
4597
90929
28768
27956
10432
17172
2347
88841
17355
4635
20339
96253
25891
21562
97522
25024
7930
88499
31781
89297
4575
29007
95952
98055
21564
26214
10918
27242
96450
29042
22882
24548
23548
2983
15931
25045
91201
95560
3519
90518
95992
20179
14525
12167
12343
24692
20260
6613
42
89008
31258
9224
29612
8998
88418
10867
19315
25885
20433
17921
11691
5003
88307
97350
11763
1784
21624
1984
29337
5975
20340
7288
4887
14141
7991
89391
3024
23874
99103
95002
25350
1973
17229
32513
23325
26246
14292
90909
19989
30575
91985
90668
3651
89115
2492
21674
26706
5179
99876
26125
8824
3485
14210
97278
95907
11311
94399
12722
14310
32763
12727
89273
16902
3875
92253
96782
13609
89066
20675
97571
29593
24630
9091
97625
15061
3923
3169
5039
8081
97770
6391
10196
26351
16497
800
4013
22781
91603
30363
25227
26737
92571
89296
94659
19362
6088
7756
32341
25289
16195
92159
18881
97491
88993
90101
14475
96078
96267
8097
26604
90398
14330
6313
90427
6901
23594
17288
98231
96524
4876
8949
1884
94495
91618
88731
13926
25171
19322
5512
16608
14580
11600
96204
98050
97142
5250
21284
7586
93849
1242
94689
15351
88397
8741
925
13872
97875
4385
24048
98869
28989
95979
17246
96814
27336
97682
32534
93625
7312
6164
8930
90628
90812
24135
18046
19173
11299
14775
30266
30292
6162
3617
89689
88644
2881
17827
29835
3317
95396
5037
2961
97485
11370
99500
10127
327
93519
93174
29838
28658
89907
12140
92170
25904
30411
99454
22896
25377
98620
26817
15476
91850
89675
32479
88632
476
99580
30283
6699
23445
11796
7207
22947
7347
90906
1648
98186
23185
95167
92061
96089
25116
94249
1883
9935
15654
90455
97425
8944
31725
10200
14454
93852
89831
29234
25196
782
15589
89829
19446
89500
89454
15879
26342
89154
24098
18487
6222
96300
92891
28914
95998
6227
19625
3394
90464
92757
31001
95321
13843
11828
1763
27522
945
32051
32516
18419
18466
23708
2588
15284
8827
95730
193
91388
13379
12281
20485
18375
89148
88593
7748
24469
92713
90076
23601
97976
9307
16340
11810
7643
99389
23157
22938
9814
26952
96100
8982
28534
90813
29717
18459
94826
99552
90056
92665
30748
18582
97760
14837
21438
9266
21634
25822
92024
5156
21843
95838
94096
10526
12939
5466
16290
98753
23275
11690
4045
19476
29474
99379
690
27491
25008
14713
2391
5494
90505
20086
15405
27702
23219
98465
32146
98654
29538
26648
29068
93614
97128
4243
26306
28118
17328
3031
90683
90204
14029
8363
4957
21228
90330
21392
4000
23455
97448
1230
16785
90836
96695
22208
91171
27515
3393
93280
2749
5272
90930
12297
93862
1138
96498
98543
7925
15454
20475
99921
90227
97434
90634
13365
20609
26793
96028
28711
6199
13155
99563
13490
97478
91411
24256
11635
92995
5822
98895
28677
89427
792
24354
26827
26679
251
22389
13313
32373
89506
97704
20229
28874
4115
16825
19936
93417
15394
92579
282
4719
92461
91456
14269
25391
1645
97755
2473
91509
16983
95104
22042
26870
16449
30577
25205
18365
23439
25092
17753
28601
29240
12513
2532
19886
2231
9010
14148
96288
16432
13709
10369
96262
10976
97608
24712
8578
91687
24170
18041
20284
18077
91755
30259
18676
8426
9473
4383
98569
32134
95160
15164
4409
16699
94791
89974
25029
6069
17655
7673
10248
89695
91991
96384
30627
7499
22893
26025
25293
745
95700
99687
96655
32745
15665
28650
10792
15852
94114
3297
92793
21561
94487
32322
13677
26989
19200
21422
29192
7013
21058
5016
99584
98121
32138
30475
4752
95768
10354
92380
95926
91698
26300
583
17919
20115
22195
18134
92154
29726
12991
4563
687
97779
7752
23298
99073
2213
93923
10440
89542
30238
88811
3511
92099
92421
16318
5726
32509
23598
10017
21328
21549
91363
90593
27509
9107
5874
18958
25231
18964
92107
32350
14
29274
26930
10402
534
21459
188
98030
2256
24303
3641
90616
26096
29332
31509
29110
15493
30436
91260
95551
99709
89687
3142
89285
2461
9535
16734
5241
3757
97149
29557
95086
23464
17914
89541
13947
2069
30453
30601
29320
28894
2435
19981
7023
23001
98884
30898
28969
16281
10300
32111
26720
1396
2830
95860
30597
27607
26106
14896
1838
31432
1144
19017
16819
93299
93352
89817
99667
26007
93605
22245
16865
89190
19491
97794
96751
2828
6765
98328
92416
6576
95982
91164
5984
14129
17979
7796
92470
97962
29885
29120
94027
14968
18884
21933
7385
8029
11515
10173
94265
30516
4461
19624
94640
364
94485
579
16935
32543
27085
9137
90665
90289
13088
27599
20203
16597
6960
96593
10913
27873
89504
23653
20049
17749
96758
91546
22343
17319
27723
90135
14125
92619
27059
19113
18981
91727
12644
24404
90528
96511
89523
90278
5531
28491
11420
88947
5944
5367
11878
20460
11549
98424
31799
29304
99557
30455
10215
4488
5301
89519
99829
89631
14641
93496
13814
1728
88931
4915
98923
99719
97139
14922
17612
28675
1070
4862
8041
21005
19584
2609
22612
24704
92945
99597
22240
12369
89469
3830
30638
28590
93137
97581
22116
23921
21964
99906
26797
31430
25248
91527
18035
92826
94060
144
15195
30278
16596
24086
96276
16635
7931
92398
9586
20334
4492
15440
17264
5702
13216
12523
95147
92937
89061
5991
95288
23348
92367
11927
10321
92625
93531
7921
92922
19072
97837
2072
148
97473
8519
32426
11480
6889
89700
90374
22072
99153
13550
21486
5343
96264
97621
25708
26622
7332
28718
90750
89091
12067
7078
23972
20312
17918
16659
15818
783
92171
12501
19065
99317
7483
92929
18129
94790
14126
91689
28249
24351
93128
7010
2375
4645
28651
8308
94914
30584
12580
11979
27964
21949
29333
89883
97938
27708
25824
6869
23912
18718
25608
22852
9547
99764
18332
2159
11429
23340
28963
5069
6623
26782
25801
97655
2929
92304
30794
8527
4726
25032
99959
20224
3439
92896
97666
19067
3926
94223
95422
23356
96431
7929
20187
3033
23078
22253
96101
7829
92556
27159
10272
96682
29556
20270
13202
4192
11654
28695
21030
91312
95057
24678
16998
27781
32754
91056
97148
1359
10027
17785
18024
13058
18264
92371
25815
14282
3746
89654
8292
30567
23985
27173
16252
261
10672
9030
26605
89
26269
8884
92479
4607
94858
24779
7384
14098
90456
17965
4977
98139
18548
8898
98017
26333
32728
93287
97544
8272
19543
26645
91349
19612
18713
1355
7823
99208
93198
10590
13747
94026
99846
96273
92248
2116
20223
1133
2122
29278
98065
3805
25186
94754
89170
97539
98104
96945
90543
23803
28587
94883
222
98947
91463
91024
4749
22915
99838
95530
23165
23022
5307
5338
98709
522
98962
3443
27463
91769
23956
30242
94777
23323
23438
95692
7615
5889
96950
22965
91841
99977
94757
22522
32205
95941
10823
93243
25637
30916
25917
90029
9791
24943
16606
99047
24285
14516
15198
14018
15940
16206
95581
11798
96438
30430
12365
12758
1776
93546
26661
1570
16543
12046
26438
20879
30909
94901
19883
95449
3065
94252
12168
10070
28935
93472
14836
15073
27372
15358
96043
28009
28557
7548
32020
94669
90173
8734
5624
7773
25589
497
97259
93902
94695
7172
93049
97618
2887
19423
25220
15289
31778
97685
1770
10709
23918
11041
17364
27588
32117
29407
90071
28322
2748
11464
19704
19822
97633
4307
17895
20963
2405
13976
26075
11413
91333
92672
97878
24654
13057
21127
91406
7337
19126
91534
26299
1007
92537
19011
26198
6192
26000
14415
21959
94291
99072
4779
4629
28738
8744
27382
98154
97272
12248
1874
18656
3083
31044
99003
1062
6121
20869
30210
16372
99252
95278
93498
91449
21980
6522
98692
27987
91472
5717
99898
26608
27046
8489
89917
99119
15909
14988
95447
32239
93467
29670
2714
98903
22687
20679
23098
26574
4769
11369
96951
25147
5214
3971
10109
16653
5075
95549
27503
26787
97035
98536
7869
4782
481
10136
31763
94671
1744
17943
17763
3257
95325
22055
2789
31861
30473
12568
93023
20408
13229
27975
5454
90700
94864
97062
25166
92608
1550
91223
91282
94157
10720
21054
96163
3674
8589
11851
20104
13615
11771
6370
90274
96244
90463
98500
1709
98042
24577
26448
8916
30268
12870
96368
96136
11295
2210
90862
5617
93251
18627
1677
22429
20378
20387
30609
22281
5963
10721
13531
90128
14239
11102
11014
99074
32398
25109
27555
91899
97457
8254
25733
18887
6577
6565
98096
90004
17771
90589
14648
29788
14692
19499
29479
14208
12018
23177
92531
96564
28122
20503
7904
31310
14207
99762
6298
91106
74
11820
5133
28305
17243
90502
96582
27932
31856
97065
4006
32034
5140
14133
28237
9097
18955
21630
93651
8844
97374
13640
99950
2289
95401
7525
13299
23182
13735
97921
8629
11774
93002
8393
99693
23454
22895
15722
89842
6605
95156
29583
93928
8802
31474
26408
90465
15728
12937
97513
99297
19767
25744
24217
5671
14189
90475
28420
93077
18349
30448
517
97520
26430
99723
15397
94522
17927
96084
6089
3337
98466
7466
90449
96448
4285
8412
7639
18891
20487
3639
10436
15871
8188
18055
92338
95211
7223
680
30252
29087
1826
93799
5495
15077
7083
13540
98262
30495
12356
83
17486
96212
1824
29653
11053
89600
26538
28843
92227
97590
23880
31853
8487
93107
14160
31673
31696
12201
9801
25373
99168
90868
4709
96094
441
32553
1853
3422
90265
90298
20686
97612
13233
91766
94001
15146
17067
97917
31394
6454
31305
11864
23338
8322
30549
23218
90493
13309
20775
23968
96963
91348
3575
31391
5871
31230
13954
18261
23021
12004
1250
22175
4636
13778
27305
95629
2432
18817
27198
91966
98974
3414
32635
30145
94846
8655
95837
95176
10634
25388
99134
91813
91627
24160
94390
17627
30263
18489
14220
1921
98357
717
26985
22372
4774
32039
495
14500
898
31025
31006
19666
9872
91828
92444
95587
17587
11179
98286
91707
92530
99986
4833
17270
17883
11742
32388
7091
17845
89761
7309
22469
14469
30322
28104
30795
9445
92614
9787
13610
91165
90351
6787
26898
27254
30644
31852
3408
24649
93790
25297
29140
6053
18857
22709
7556
19130
90030
96017
705
90704
1937
4414
29753
26717
94182
3125
1518
20304
9781
6213
18054
93066
94881
19876
31956
95864
10145
19354
21925
92459
6770
2650
11725
91653
15528
97222
25716
27577
98681
8597
24988
3893
91358
91206
95784
18226
1615
4840
96746
19551
98411
11460
99342
27753
5067
26042
25006
92616
5763
396
10190
17137
27149
24774
95738
13666
7665
25570
90951
20431
29673
4507
96363
14374
24332
15504
13842
18684
4407
9243
3525
2698
93439
96104
12320
30952
8273
95456
21817
94696
94775
31737
23011
29171
6039
99440
11701
89995
13661
95582
2394
4596
97270
93349
98508
12077
92487
96518
1958
21940
97730
13828
5417
11338
8555
91531
96391
31858
98922
90247
30990
7143
4229
93308
26109
31582
25193
98635
25300
95209
91993
98563
92959
16672
29615
17593
13547
93353
1384
10048
32202
90883
8113
4829
9128
95737
29055
13366
90058
32767
3818
14314
21188
11281
30037
97475
96403
29995
3547
94599
94820
31742
31227
11323
93568
24652
13958
9793
20202
8543
24775
13864
2199
29643
90521
22748
31194
10343
17618
12733
99206
135
90389
13316
92486
2941
19578
23385
10396
26961
24900
28595
94
3774
2783
4210
14506
26223
28619
698
17071
92802
29031
32528
15395
6427
16729
31290
15448
95613
95597
9553
14717
28419
10378
94590
12850
5540
27851
94843
1873
21960
10237
30677
12794
1846
99545
20114
16863
98114
7125
96596
20432
8586
28703
14768
90512
95592
29499
92971
29624
98529
4244
23468
31571
12394
31192
19093
94385
23037
28960
11142
4203
99691
12637
92353
21061
29150
16645
32085
6557
90848
91874
94718
6630
91520
99775
12736
8669
10266
20720
15346
3219
6434
16563
13700
2752
7604
20464
20349
28741
7168
14418
20723
94957
21387
95140
94601
32727
3887
25080
18289
9982
21588
20891
98786
10377
11119
28473
18167
12345
92970
99311
25788
96605
17460
25456
10130
24794
97325
12585
8986
22344
94166
96459
31459
32298
9414
23924
91294
15688
21408
8182
27551
29976
96688
26630
18021
26450
28210
13643
27918
8118
9743
26933
31173
2331
98913
16036
14990
6843
9171
95330
3235
18876
96984
24236
91225
94546
95877
92761
90926
92822
26537
25302
15511
13061
2436
2710
3034
9687
31436
29910
11197
14443
2321
23156
4421
14840
27492
91127
98074
92816
98395
16992
10066
2361
94592
20356
98230
4762
29129
98371
90632
26151
93770
22128
8464
13275
7115
18853
32656
91718
2741
15025
7868
26224
697
25832
98316
26287
96277
2511
91483
25134
22815
4878
25181
15191
28180
94125
24827
29456
25984
14616
28790
19141
91477
27294
91814
28340
1489
14728
94923
97828
2915
22453
30147
94618
765
97913
17545
28634
15814
22903
15429
24049
13410
12350
94367
27054
99528
5825
20010
11898
29520
13470
97412
12706
8710
92827
94565
32423
24207
29338
10910
22470
7760
96004
29833
91777
28120
24265
12478
6672
8661
8437
14888
99686
21848
13383
6762
470
20812
5847
31862
19184
14642
94093
94231
4438
6433
2064
29368
98995
12540
4401
4198
98996
6388
11926
29383
17743
6975
9447
16457
3560
24344
31265
95908
91613
16634
15746
6619
21863
29719
25009
90794
29322
99871
13616
16440
17529
95882
17669
14441
15930
31760
93511
335
5199
96834
90701
23605
20868
22316
94519
11619
22524
15368
17109
8248
14973
97464
28230
94851
6650
77
30247
96398
29536
97144
7404
20527
2468
93552
2540
16180
99195
12996
1103
99847
14523
7997
20537
99869
11137
93083
14902
1604
26851
13085
7398
7636
93112
20511
95991
7085
26917
3429
91027
96549
16266
21231
15552
12936
92788
6130
94168
94477
6998
15374
9607
32100
31244
22995
10671
99054
5982
28277
30742
11555
5429
96598
28207
21022
31961
93090
25547
6269
99837
26327
94481
3865
27937
13510
4100
13180
93755
97107
32499
7926
22323
29417
97123
22271
93293
23040
93670
31951
32052
9666
99398
22586
98097
23954
24710
31183
2536
6545
316
28722
423
3100
23974
19640
13883
97605
5647
29507
4925
15129
706
92727
90442
9802
94742
22683
98344
31034
31262
22572
26905
9076
3330
4543
1658
2531
25027
26013
22957
8467
30614
12803
95023
12459
99126
16834
30961
7209
91839
26132
25204
19678
13796
30656
10500
6443
18415
97639
15181
17660
99075
25937
2855
30595
27326
98044
26781
16952
95722
31297
5441
98122
32050
16682
15278
15356
90975
18416
97563
16804
19419
97090
22698
21346
27696
24788
96592
643
95365
3254
13346
32443
91174
99751
14196
9704
2845
31990
8332
1290
7250
96463
2490
93764
19560
21725
27582
18824
12807
99995
94388
24304
3661
22968
3190
95304
15743
28498
96689
3402
15856
11685
24532
7153
6448
93284
26138
9882
93084
26391
94149
1232
1363
5354
10289
97066
93588
30805
29688
10438
31077
99571
25517
9734
97653
26362
30834
21644
1448
31217
95317
22649
32177
91145
8700
90677
17570
159
13103
26001
19749
20616
6185
10243
23706
18527
93079
10653
17664
91909
10739
23854
4384
28289
2500
15580
12031
16423
31541
7202
25732
27498
10141
30471
6759
98608
94504
23199
18780
532
92643
17094
92746
98144
5385
2329
92532
32650
23418
16695
30482
16244
18247
7736
23568
19054
96470
15725
97697
32119
22359
93839
15851
17013
9753
28652
23659
9878
27658
27400
27703
28648
19723
98092
28124
11829
25107
30348
90614
803
1660
16933
90775
7563
27020
22365
268
9239
20549
91767
99393
2849
13168
16294
14772
4554
96397
91230
99412
25176
12064
15559
91128
91693
1537
7111
13205
31458
22497
99436
95235
12258
2011
8542
14971
70
96540
10260
95521
93340
224
10137
17335
97576
6680
8324
17336
33
14878
91712
91604
16347
91163
18772
29614
17296
95857
7044
18433
96316
13065
13415
10587
30334
1201
18395
27778
5854
91290
25558
18570
11133
11223
2341
2366
27751
31207
25963
3022
18481
6615
2648
4537
6231
13156
96105
13819
29907
11381
16733
4217
8960
91298
94615
21419
23472
92233
4755
28811
91369
29169
4634
3260
14505
96837
17483
22269
15474
91858
4818
1487
14515
8235
16971
93473
95575
1986
31930
20936
10583
24099
12621
30293
93889
32716
25940
93138
92164
14622
21118
8429
16517
8170
28248
28251
93175
91403
14082
22603
21943
21339
96111
94320
94330
92346
92633
98450
17176
96810
6786
24558
30930
25321
99548
26348
8602
24213
94451
25128
30902
28390
19605
23552
22020
17101
26632
26686
99178
5076
13122
93367
93768
7727
15618
13040
12781
16641
19638
17184
27598
29421
24825
15684
3837
30431
17227
99295
5473
32026
91114
15876
7674
7300
14799
1054
9279
20528
8867
14653
26294
92969
90815
14070
30931
1162
18106
8640
97638
17843
4382
92787
15453
29930
19861
97645
95354
96697
29002
12716
30831
96124
13866
26815
90823
6928
18212
32668
99953
8620
30112
94620
162
17239
21566
92733
92222
26885
21202
14811
94924
17759
14238
15540
12797
27980
4561
11491
8771
28859
318
92997
94818
8117
91397
2096
15771
93522
5516
14549
3020
29914
27767
12274
22025
98169
92172
20480
18299
4662
27075
17177
1298
20253
23341
6634
7653
2987
4898
91972
23245
722
90936
11131
96197
12539
6954
1584
7528
9042
14848
92723
18318
27472
91503
10071
22693
8841
18175
26948
21038
10935
18436
98451
15703
97497
96473
19422
94767
25503
27394
22371
20711
31864
23271
17892
93885
90915
96560
98400
27859
4920
97863
8658
237
93641
98461
6457
3628
15297
7286
99760
94387
98401
97998
7260
29974
91261
92137
18151
16752
27840
26344
32084
98370
98813
20619
20248
30154
8816
22618
6460
20628
97925
92873
14919
23328
15481
9931
6256
4183
4652
97305
1538
13166
18437
20566
20497
96447
23476
96749
862
16259
678
98184
95881
18603
2773
97134
20592
5762
26576
91715
22007
355
22535
18767
25046
19809
20058
12220
31699
3294
3044
12647
7213
28267
5635
30552
15433
12769
99140
17251
32154
16575
25833
92360
13008
9669
91815
8524
91670
24528
29970
4476
16546
19447
92789
10144
5846
8934
29157
94328
24122
17784
13055
93008
8192
21658
26032
24459
31964
20573
32554
18631
94571
14940
98814
17776
30731
30543
99853
24664
29931
27630
14031
6963
5906
92871
94076
4309
23456
31464
15537
16556
7806
4063
13719
24446
25809
94740
21924
18789
29089
92111
25165
28938
12484
30097
97701
26656
99663
99535
11633
91218
99890
95033
32160
10831
23329
17746
7210
20965
13963
97210
10326
923
24439
21961
26051
1891
93504
99174
26742
10592
15984
25371
91922
804
30305
3991
98888
15917
7090
97003
12912
11169
19988
22901
32283
19783
21159
29064
20557
11207
12784
21314
4716
5669
2044
91657
14747
93381
95203
22664
1216
10227
19234
91556
728
14862
4899
31142
3449
92147
18383
18362
9127
21453
16454
4943
20698
18067
92176
12899
3149
21366
23590
91385
15499
92955
94221
24329
19254
94945
14004
23986
29978
98938
17295
6401
96865
17599
94634
30966
94995
97431
97451
28723
27949
20895
99443
16600
29299
3244
99104
14493
13636
29159
18310
24623
19531
98607
32524
22991
22702
17947
4340
27431
26650
9922
6030
28270
99912
17967
6009
9918
5983
95154
99955
13236
7964
97559
98102
93114
17280
18953
9328
18668
97461
9236
2664
5353
19268
94132
28487
16120
97061
9877
2284
97440
28761
31727
31480
30669
94489
21847
93601
94297
96510
91404
92668
22004
28043
530
94081
17366
2200
23842
93943
94655
5747
97075
16163
27504
9999
96962
2671
23614
5010
15905
2547
5074
1135
6547
26020
22487
16295
95839
28805
96495
97825
19040
96899
11948
12434
28835
15488
4539
97797
22640
20671
32428
19676
31616
1039
20220
92184
17993
2907
93623
28975
97956
866
31608
32500
99482
91429
17729
9688
15532
1580
12061
94156
99291
9462
10644
94386
11450
93673
93591
30024
94266
6084
98372
99019
7855
99749
32452
8054
95653
28899
23036
99327
20045
26768
1096
7809
5157
1061
99907
11626
95413
95723
8953
5672
93962
9630
18020
10441
30286
27827
93445
99095
21896
27432
2404
3784
20857
19421
3586
2884
14379
96649
96001
13107
18141
12502
91844
1452
26114
31657
93382
375
17022
14705
12133
93774
24606
26790
6356
16936
343
6278
95135
11589
66
12482
3816
28795
29911
8047
25580
29250
17511
14634
20681
94236
30302
22412
98108
15119
27192
94438
11517
28951
19138
11200
26011
25739
94978
22247
18588
98143
30158
94164
26900
26492
25873
4715
95891
29388
97635
9362
15290
13834
19318
28056
20578
10984
95035
23561
15338
97991
7486
25201
96910
28512
28302
93302
10961
32400
25369
96120
97709
14311
97971
19030
1011
25934
99192
95905
18906
93963
98118
3486
9382
7218
207
10755
32358
12960
30228
16805
94023
7897
12172
94903
9275
4971
28888
13167
14400
25410
1828
11379
17170
20598
32484
22275
4729
10067
27340
9545
13496
95261
94673
4332
487
20052
19434
16707
13454
91889
26169
99639
3460
20081
1435
13955
16137
6224
2202
13695
93709
11834
95469
97775
16689
13894
10098
4436
18142
4644
21672
32301
6180
99990
22382
93677
2740
23047
96367
93451
24722
99413
95688
20893
13805
20127
97901
99038
5696
23847
98845
96808
13481
24334
98727
15617
97493
24941
97821
95866
10074
28247
2680
17024
213
17437
14388
99355
93106
12514
17735
95578
1065
99734
23791
94622
11529
6653
4825
9887
154
95997
6245
25543
99488
22871
11036
29701
5582
95846
6255
18497
3620
26757
93785
28698
97019
1517
21341
5072
8149
10367
18042
24684
92266
30074
15216
29236
95123
3874
5880
95095
26829
22284
16989
5296
91964
25774
21488
97365
6077
7205
95920
27532
10613
4423
10197
18642
30953
8938
13794
28564
94647
98842
846
28526
7412
23463
682
31638
27706
28838
30904
8581
19858
92180
26028
13798
360
11433
26531
97291
98190
20453
29282
2523
31621
23859
30802
99189
96112
30766
24762
12626
11721
17500
26429
29564
95996
92560
16533
20008
14527
25889
8336
5920
16800
18905
93750
5058
20932
16610
11180
10787
19825
92281
99051
97761
23180
9443
26275
22270
4789
92877
99999
94502
18591
91801
4542
22383
7342
29085
30506
91730
23766
30507
11001
22006
27569
19667
30768
32411
10977
5359
96793
24410
96020
3236
9482
96358
28866
9453
10561
25634
97435
29671
22340
9242
15953
10845
94197
95221
98872
98906
7264
20539
27832
5468
26730
3550
98910
15951
95649
19146
26102
93179
24225
29752
12900
98026
32270
78
95120
32235
10915
94781
1016
2189
26854
96472
4632
99649
97193
15970
24855
8451
6704
19051
97447
4684
23899
12977
96935
31076
6066
20646
12349
16106
93180
15767
31330
5380
24615
22556
3994
13428
2369
9150
1458
99689
94142
3817
6956
5955
32607
27411
2522
11772
96417
96606
94769
94950
16964
31815
23838
32044
95621
27784
2796
28678
10383
21583
97518
11852
25421
9637
4268
97306
6035
17894
96118
226
19899
13742
1220
8391
91905
98459
2032
2713
2939
2515
22863
26314
97843
95102
29286
27838
95858
32455
19260
92267
3151
5431
11260
6596
4985
93545
14797
16518
92386
20500
31472
10946
7903
95895
19994
95987
3647
97332
4370
96308
5862
12731
29325
94879
97615
92229
11079
3890
5060
27580
6757
7287
91891
95788
265
14213
28834
27466
22837
4928
96341
9249
995
2192
28446
98905
96161
9707
21766
25631
28408
3871
10955
21049
18605
94935
20866
94605
96346
20384
23726
7103
30110
19195
17595
23802
26421
2981
28352
21013
4379
92627
9589
97678
97672
5988
98225
6041
92889
14522
28327
99035
32601
16185
29985
93559
96213
13047
15101
92404
5816
15648
16807
31527
11809
21116
12375
95445
17978
95417
30156
3069
22457
14605
15177
94295
15884
30806
1231
5268
19639
96393
94124
95479
99694
20310
6113
28254
99623
94032
15048
98712
17079
2762
20903
31309
26916
18066
24961
98283
97841
96956
25021
6743
30533
24912
10537
94244
97733
28799
26672
15098
7472
9932
19545
3933
4720
95699
10497
27828
94111
31651
16731
95200
1328
4022
4007
3464
8160
93997
9649
7201
98983
94031
652
638
96171
92208
31117
18405
9900
26869
1676
95041
13693
28991
11097
5798
13461
11261
12923
26881
25194
27628
99566
8068
99583
18173
29342
93479
8077
14045
32351
94337
95125
14791
7215
19912
3594
8072
27374
5363
29876
28369
20700
24930
3287
3779
4883
96301
18454
8374
12871
11934
94437
13900
10427
18830
99675
20405
25989
95260
2403
99878
8452
14273
20762
97285
26272
2445
15795
97038
28611
96771
13187
95669
11287
23060
28278
12528
4864
15764
3754
17876
98732
3298
28745
5467
28279
92682
2726
27895
18258
1835
92669
2205
30487
14478
23582
6024
3542
98105
14122
11595
11909
26546
17359
97888
28981
28047
31122
99648
28312
22250
24075
18798
20657
22310
9917
10160
1244
11145
16950
1500
96877
17964
94389
28036
96087
6948
29257
10985
12746
93767
26792
20478
426
11539
98387
28602
27951
8749
8547
15780
7505
3061
8175
96921
12096
25793
11220
93596
24672
26411
92883
96594
6020
6907
31753
26769
26472
92854
1876
9577
26227
8499
5222
32603
30636
99695
16321
32287
94028
580
11553
32604
19109
17292
21007
22645
94956
93242
11205
21649
10622
94289
7236
95852
2007
4592
27314
99099
22678
95290
8951
20258
13257
29783
95362
95810
95569
19729
20695
30561
404
7212
14339
29725
93907
10376
1571
94355
4331
94782
9929
8268
15531
31469
99394
22854
92582
15202
21916
17273
11026
4615
24810
5163
99215
13998
95039
19063
2597
32606
32330
16538
97927
574
92526
96900
21244
10688
25059
97406
3062
18193
98489
431
98066
99797
4185
14242
25549
11178
94273
28293
19541
21551
28901
96399
31838
3473
30534
17254
18316
18858
3284
25313
24839
94012
92269
28955
2286
97080
7942
2555
7962
7034
13035
2896
14103
11514
29554
12569
2398
31519
22802
17941
24022
98930
5791
21645
19340
8792
12846
95361
27056
96131
21803
2894
19921
4159
20407
28807
29531
4167
2886
27765
26704
9204
98213
96787
23365
11641
17461
1218
26271
17946
8206
10691
13581
5976
97530
23574
93402
97601
96027
96071
775
16796
17416
2809
17223
28893
30557
93147
97787
10053
2137
24595
31119
20436
25079
98899
17252
11282
14682
5557
31367
11507
16427
23846
23411
3593
5683
5967
30600
95163
98223
24276
98544
26356
23074
22265
14944
3845
4671
2355
22404
15839
3064
13037
93732
4725
17313
94516
20459
95542
7577
93438
14351
21505
97015
2006
3711
93665
23421
92469
24646
11632
18384
30591
26931
5033
11315
2152
8212
4367
13206
29090
19505
5870
8155
22300
93975
25389
1454
25643
5458
26355
20393
97462
1582
25500
1191
13675
97516
2525
98589
95536
95716
10037
30052
20885
97191
11670
25329
23645
21851
96344
17050
18499
27447
98523
25017
25270
23861
15700
29782
31216
98678
28396
16963
13114
96544
2077
30583
21885
5225
98196
97176
29707
23322
98304
13614
9646
7633
98541
97805
13297
12078
28199
99148
28332
13328
28618
844
98682
21065
8259
12241
23427
8354
3167
97438
26693
13329
29148
24647
15268
26168
96555
27130
9973
12576
94401
4455
4194
15414
5234
95831
5178
30340
10726
27273
10871
23090
18759
19018
15503
99730
3922
11351
22398
98487
20261
6133
26130
9670
21808
30800
8056
95311
99833
8211
5638
23428
20872
26695
4681
1183
97411
9839
9809
93598
2790
30179
9530
17688
6297
4204
27389
94123
4568
12831
8311
6419
2837
17533
26553
19442
27250
19658
7313
98380
93394
99129
5463
24124
1483
27654
4091
30085
93365
5909
14158
99480
19327
93973
98849
4151
93826
98516
94582
24750
13102
23907
19720
18916
95818
17519
19539
97561
97786
16109
12935
21675
8978
3709
7425
12610
8202
8924
21009
98123
6638
25601
14410
97289
97909
3959
29197
2825
14361
25851
2390
6424
683
7769
22472
93979
93095
28290
5878
21904
8222
1008
17651
10595
17832
19005
18715
16526
29084
26368
1313
20133
32218
11754
15963
27230
26847
2080
2892
14597
504
97030
12657
96822
5032
14650
94852
4879
22613
11631
93201
27378
17721
9485
7019
97091
92832
11430
98796
27670
94698
98404
14789
14288
98266
10633
666
30668
20054
28925
29156
20900
13580
95682
94576
3367
32124
17981
26165
24665
3936
32750
94240
6315
9633
32634
24969
99836
32133
26990
93535
2004
97004
9238
25747
19287
15845
8086
25120
99467
9413
20808
17261
16477
30764
7767
3579
28860
23424
98721
21266
17083
24269
30903
5645
22964
3502
93581
9955
21457
24701
94772
93829
23487
7096
92703
24100
93915
27060
27849
24068
32156
14983
1079
383
9384
13873
7016
21145
19451
19724
15245
28798
22189
95110
94107
26568
95786
19898
31014
24339
754
97397
97175
962
98493
18440
1286
25361
99779
6442
473
93026
21484
25074
14596
95403
20989
7666
15269
93613
99484
97169
30793
11537
27816
14895
94344
19206
95333
97968
30422
25007
95691
13493
28469
30580
4094
96423
20733
5105
8390
7711
93009
25413
3192
29022
29413
15774
20437
8776
30917
94097
13653
98545
20488
23395
2339
27092
94394
6878
10842
11049
27318
99116
5503
2982
10925
11302
17473
94108
11154
30043
32366
3690
10868
8915
30775
17188
95506
13019
22951
93562
97596
20222
2912
3148
32514
12812
97403
31035
98729
22119
5712
32061
94537
6288
28636
2800
28444
14832
22673
96228
15102
98519
6859
17379
877
27423
23586
96441
9925
769
24300
95457
5266
29086
26868
21862
5486
19365
27514
93435
94621
8379
18541
4270
3562
28676
92874
3946
26683
95563
99681
96971
94129
20530
93484
23651
12069
28993
28976
11037
19252
9129
794
21301
19118
29945
5129
2751
30598
99537
15942
97999
25018
16625
29610
18901
95672
22596
96496
14829
21954
96387
17722
13095
13627
18126
23937
14786
595
96200
25689
2560
18841
28265
7595
5709
19598
2856
94369
25520
23936
9731
12659
4209
679
8737
16125
4362
99505
7402
20710
28497
2920
1743
4483
6117
4220
98985
11466
472
26030
16231
22166
15516
96710
8411
14871
98011
30697
2627
11928
7056
21397
4088
19831
7506
96744
21347
17761
21156
16797
28045
1740
96562
28903
95117
9656
15038
371
11615
3240
7803
21999
9627
23773
12618
17696
97881
6100
11195
94860
27747
28162
29112
14845
3901
20172
7470
12120
1999
5579
32507
4154
24005
96242
98584
501
23187
24019
99849
96002
29316
94711
15750
25550
1541
40
23138
3250
10033
10844
22465
9716
20382
98297
10624
17647
12904
9706
96484
23691
5758
13109
2665
16784
93256
23994
15662
20043
22758
2508
95174
8550
96492
98081
20687
99173
18877
15727
11835
17178
27206
6439
18204
18451
97393
96997
2623
31909
27667
30535
99049
9711
31366
5270
27971
94051
24405
99725
97766
97433
18680
95843
14687
93690
25471
29804
3630
32582
93671
1449
99263
24462
29547
16299
20643
21134
17865
22630
24398
15701
4821
7005
16658
3646
21248
9446
9188
21831
3036
30369
96918
15279
25315
16692
2583
98583
15494
32587
28541
4686
21368
15822
17298
93524
29754
11618
3886
1820
18665
22820
30724
96150
24902
7843
21321
11310
25349
17182
11938
19991
3672
16894
6993
24621
702
12437
18338
7590
28679
21270
94778
19925
8106
16086
97791
19325
93216
9667
24982
93120
93151
10020
94471
96129
30205
94006
4018
10872
96321
16949
4565
22144
28258
19777
97950
18130
10400
23474
95091
9087
20123
93262
94529
9873
23435
21946
29710
11624
5939
8263
27315
22869
17844
7261
17863
15223
21396
96561
6693
18388
27148
26915
21974
3003
95372
95922
3905
25431
30883
22149
25234
10902
3291
29522
95662
9531
9265
17265
6359
96833
4237
96338
4444
24175
1936
1736
95201
19010
24738
98076
23163
22266
6974
29409
1789
24317
22908
97110
13441
15732
15070
10501
96130
18724
17245
4274
11495
26250
15030
97617
626
11580
12272
97748
106
94986
3376
10332
15945
6945
99867
99855
31884
16034
30811
3686
13729
5505
26556
8481
28946
28897
23401
20267
25841
26976
28347
98020
96416
6968
94264
27449
17206
21909
6900
94071
9908
31031
5292
14097
23405
586
6019
12095
28719
31107
30841
24234
30235
18558
93959
25262
5580
11606
99920
14574
21190
18820
97774
13904
99895
2043
2489
27450
29051
22147
23345
4364
14099
28244
28
96009
27721
10230
647
97477
97292
5718
14002
31398
24770
25899
96279
889
14214
97884
98321
93518
27007
31686
2663
18301
18839
1420
95630
19950
10138
18238
24127
12867
10335
2446
21912
93935
99574
2141
8033
24120
24461
14291
99577
27985
96097
99175
15468
22778
12057
25654
96003
23339
22131
26207
26598
24287
19642
163
8533
6221
1003
4861
30135
93936
13679
11419
98149
94251
6791
29622
18602
31712
94199
95009
3538
13731
10745
13432
20465
27818
98449
8722
99600
14230
19194
97254
97826
98978
12387
31224
31128
94285
10437
30970
93958
4352
23835
19764
2836
94094
93724
3642
15611
3313
96166
30635
4329
18068
19769
97922
3523
31744
22312
28630
9240
8062
97806
94853
96856
28191
94043
1603
6729
15342
15489
3179
7232
98525
25149
93409
11076
32375
99591
20514
7914
9699
23678
16246
9850
1821
9223
97889
378
30836
3412
24890
14459
18140
9252
25188
549
3821
25769
20027
16512
25376
26998
95990
93777
23367
97499
16873
13793
26956
94911
94512
93644
96983
17992
96704
7581
21045
23226
3218
6830
97098
9401
7669
4055
21926
32630
96255
20512
2000
17654
3737
19797
3549
97012
98294
11150
17897
25661
25974
25857
94237
93658
96106
10758
17734
142
23648
26986
30421
97339
99770
11511
663
18991
25025
13890
26582
94632
14875
1974
28479
97574
6165
17888
1309
19566
95787
7419
15574
15051
9582
5821
97509
15166
8280
3171
30889
6949
99606
8441
98117
94991
31648
28653
30518
97620
94041
23510
98572
23118
14677
10623
4019
14108
20327
99376
1496
99664
7456
16481
10118
8751
23434
94292
32547
21046
16891
20158
98826
27112
28978
32610
19594
95092
8628
32552
93878
18092
20839
21673
19014
26755
95980
6675
26530
28836
11591
17016
16647
29803
94483
9047
8559
12607
30082
97734
6509
13054
20504
1969
7462
1196
31197
25534
24463
30558
19568
23105
95668
19299
22706
6357
5750
18355
22942
8715
10630
2971
15980
1206
23457
9896
18408
14199
31243
17107
29965
94277
23169
27885
15080
12755
29490
18252
93592
20771
4092
12981
12558
25806
99108
95018
7660
95144
24044
18743
23324
28157
15319
1497
9103
12041
28318
17455
17322
99585
13521
30148
28645
15784
26710
4956
18083
11196
4197
20894
14674
28331
28872
11266
22724
26216
12882
4603
16591
6036
158
99259
7970
3714
14603
99052
4456
31371
99904
4951
22178
11666
2362
11498
4032
27608
23780
15779
2944
98731
93921
1914
22923
1900
2283
99842
8395
2728
27800
6540
29969
97039
21126
3226
10214
30771
28572
25480
20655
94749
9635
24185
2055
26301
25277
3868
4695
17717
98206
1816
30137
32067
94090
4282
14093
2688
21342
32219
14939
24868
13621
22806
619
26836
7067
1321
19361
97667
25090
5802
15900
3448
16282
29677
13072
32625
24786
1843
18786
9174
9740
3862
17796
1553
9122
97202
30866
2813
16152
29464
10924
94967
1441
7536
17557
6944
6102
3435
13451
95273
18099
18546
19047
31507
15829
9738
94672
23878
96705
17414
96515
1491
29335
30963
3866
16646
29222
4287
22736
16381
12049
24491
19190
22325
2898
30578
11078
96042
30510
2745
24795
98111
2089
19128
31303
22077
97205
19240
1777
18900
19603
14446
32691
3396
5562
27656
15027
186
5675
11062
9857
1175
31298
94801
18544
2552
10178
97832
14904
9096
23963
26218
8906
94165
17628
13141
26229
3085
20212
15776
2617
29364
32047
6979
1642
65
28015
5036
1159
31685
95642
24688
17499
97067
27553
1073
97001
5465
28777
977
2337
1492
25365
3543
99747
6899
99032
23585
15273
11675
30665
23498
94538
27004
22590
26460
20596
18658
19373
7992
31950
19648
29847
11332
10519
96328
16937
30933
13271
31983
11965
94557
17338
16464
5013
95792
21606
11294
11733
25331
15003
28671
12481
2045
7055
94046
310
23441
5002
30015
30317
16899
1983
29249
15341
20106
24428
23280
97847
24110
8244
10322
24632
21746
10683
96333
28434
2372
3201
94716
6924
10660
14338
11345
9940
10386
31757
31528
99472
94720
97508
14193
10149
95675
23955
20194
29347
96385
1556
98421
24205
7316
26274
25370
13905
25576
3803
25144
27013
19444
27420
7941
1376
98323
7320
24489
31482
10208
1208
11579
20167
96987
16313
25998
3407
11961
2690
93961
8498
27087
20421
4582
26202
99107
22616
23775
96093
406
23252
30165
98565
14271
26221
3569
3912
20993
25875
11039
16940
29760
12488
23448
15950
6478
30787
31151
18787
98204
28356
11232
97722
13949
824
3349
97550
23018
6800
10553
6718
6868
2396
14849
94034
19966
18606
20472
3900
19293
8748
21451
1377
10
20341
3029
4512
29285
18616
4589
29143
17548
96634
25965
3000
254
31525
95063
13314
15753
9856
16320
3843
24700
10796
7893
26188
5128
12309
9650
4020
13304
30875
17093
16786
99881
1014
10124
28725
10706
19153
99733
99197
27069
544
18554
23712
23849
95806
30287
29645
17302
18785
31756
30277
18275
24828
98704
29763
4918
3802
13239
20265
16810
95561
1317
26549
97622
98521
31828
13699
5739
99105
31516
9157
11838
5546
11166
20287
8919
1868
32395
94179
26729
99093
7605
1406
2147
25988
16087
12552
22752
11063
672
16402
28234
26714
19460
23748
21327
97200
15301
28932
21256
11982
15421
7469
24934
10600
18800
28688
97105
13559
24914
15402
97724
11477
18516
9765
8276
892
3635
18579
30301
8035
32515
98073
95220
94214
27768
31159
9263
28840
31606
97416
16002
10275
25051
25303
95690
16783
95464
32648
7706
23035
1466
30379
99624
11224
895
30130
20494
6811
9880
23258
262
22933
99165
1057
24502
27152
24475
2948
11312
27821
97919
3197
31665
507
15885
94811
25870
13914
4995
29217
22368
13585
97793
30723
9969
16044
97156
17822
7272
95975
11293
31703
4658
99501
98311
96033
27698
8692
17027
21285
30123
6814
17917
94228
29036
14863
18155
11983
26685
13312
10483
28754
392
6385
25553
31531
29258
22153
15837
95476
99130
5937
26330
95948
18233
98600
7935
97369
9980
29566
22090
1426
3832
97402
28674
20063
19084
25111
5772
17677
16243
15032
19314
22164
18539
27730
8112
12058
1568
14503
16448
12400
29277
8216
17126
32209
16757
26245
24383
14552
24045
3941
6
99361
2669
19752
22696
23779
30184
8139
27402
99765
98315
7867
10648
13662
7136
10734
8593
14024
30412
32318
22927
98256
22953
26887
20571
19134
9788
5890
18418
5715
8925
14947
18641
17068
32357
98091
2440
618
9817
11490
9852
99235
31575
2113
22014
95959
12224
24699
1163
10541
23717
5253
1380
604
95360
13749
95508
32320
95263
95598
7599
30346
19363
19758
24002
31562
1334
20996
96322
14955
21175
22294
20218
11375
12980
29570
18234
8810
31714
12978
1976
4418
21508
15541
9046
13863
2330
24027
95324
95468
22732
27026
2320
27638
29208
97665
4081
99339
15673
8670
24145
94588
13785
29
97045
16130
25465
12469
95255
21917
15391
22347
96254
99567
32064
94514
95753
95594
18159
19761
24091
27876
1350
11284
5804
15630
94455
28941
21622
14721
18629
13045
2411
21436
20119
7600
13179
7574
96665
25620
18072
19256
97226
6398
7944
12890
31922
27568
97459
25280
13133
879
8736
13302
22955
30300
98293
25674
29549
6034
17513
9481
20019
6272
2847
96482
24523
14727
12205
16932
665
1493
13801
6067
23624
22146
25947
17741
31410
6379
16841
95470
29451
5197
1029
31102
3924
10916
16117
4130
22013
20676
7394
98863
94998
14776
24835
5271
96475
29017
6475
6819
25509
25137
11377
903
2021
656
12352
95802
9111
9454
13344
96887
28418
10114
27618
25970
25496
32546
26322
96670
17820
22877
97557
31179
29715
20949
96554
259
19183
30432
10862
99458
9080
96376
5321
2859
16124
9184
29391
14040
10170
29938
21131
14390
21514
30920
26064
5068
6096
32272
19274
13192
12321
96215
97161
245
30005
28686
29632
10426
97616
4050
16684
25429
17770
8089
15752
24343
4454
21802
98587
10081
15218
16944
21667
9503
4858
22485
8677
5252
29011
1444
99135
3078
18277
12190
6241
28827
12697
30621
94963
29491
24069
95243
24479
98867
20693
99731
22853
25540
21242
17702
94624
2657
5912
6621
22016
15366
24747
10338
29755
27536
14714
97168
12395
11008
320
23224
17891
31156
25495
95386
32352
31719
39
30426
11229
30572
20750
3597
32410
12713
97396
13964
9065
2769
30467
23860
22074
29284
99455
95204
21736
4330
15772
19360
24133
17134
6025
4120
10594
16696
18822
29592
97694
4685
16333
13407
98163
95686
21872
695
10270
5438
18178
19
5008
97744
7052
96731
14570
97483
96030
4315
24582
28810
20243
27257
8985
14920
2073
28789
98785
24607
9663
21109
32165
14813
15312
25649
95705
5801
29008
24396
13417
3835
29990
3188
22234
21469
18698
20412
17830
95146
11952
21560
21932
27238
17204
21208
3968
11143
5319
12424
2747
25442
16025
28551
11648
10768
22280
12294
15441
29153
15369
15364
26131
21337
2517
23143
14429
96889
18390
95482
10247
29939
6099
24564
6642
21112
29529
1782
6163
25890
98270
6409
7876
19448
97137
20998
11853
20061
14412
21911
94944
16587
97940
1302
25524
19151
11494
31908
10035
27207
25672
13191
28582
20442
5103
31688
13551
28855
15578
23819
99534
27025
24031
1711
98928
3801
21394
98071
420
17980
19061
9884
95760
1374
20320
95004
14308
4566
18994
98281
13938
97172
28343
16242
4121
8592
96530
876
21181
284
270
32591
17433
28493
29177
27188
4874
5374
28769
10281
3355
25893
15450
2253
17490
13714
23215
12588
20795
30949
99987
27867
7476
94987
15228
25173
24826
6027
15471
96784
17267
13214
9550
27641
17597
24781
97385
18510
24949
94918
2866
20030
6731
12945
212
30177
19397
15199
6710
4255
593
95493
30425
17477
97231
1897
99573
18794
98136
99578
20100
10499
31529
11317
97426
30019
7147
23689
4737
14774
28039
21233
32348
7840
22220
27127
20155
31634
16836
98305
14668
21836
446
27899
12772
94830
98271
24115
358
30183
97542
98683
16114
25190
4599
729
14161
16739
12861
95089
3742
27428
99947
8367
10296
17542
21558
31439
96314
15254
97933
13222
96604
3949
95350
7923
99944
8015
8566
97952
14140
15621
15898
9684
27281
15993
17397
17283
963
95159
99258
28822
25539
96927
9981
23953
27421
16170
2082
2194
13869
27558
17862
15888
97963
95042
14846
15059
23715
9311
23856
19253
97853
18428
3231
921
29239
31988
28988
28202
97023
24328
12970
18904
29637
9458
25233
13966
11620
25026
19494
27319
4458
21882
5113
19954
16732
18663
21504
5395
4102
12480
8164
15197
15967
5124
99589
29948
15039
29070
7650
30407
28227
8444
98956
12085
25727
27329
30763
19615
22884
21383
24028
11447
95963
22217
20761
4422
95341
3248
98699
13868
8331
30508
30890
9364
25693
29268
8304
24438
27903
1025
29184
99515
768
1704
23235
17191
8135
27510
2275
13499
96203
4017
96182
3592
31008
96960
30524
99756
29485
20171
25794
23189
6667
98369
6810
5586
2841
98626
98868
23677
30159
12291
14767
13760
11569
23106
31148
98512
21365
14281
22993
30682
11249
25976
21690
548
24393
31420
9339
11811
15833
17266
5298
29382
19550
24832
23756
4624
9962
20143
11925
14731
1545
1357
25861
6156
29230
14851
32584
1192
29026
29810
21517
4852
98603
30739
95319
12418
16072
15567
6895
10139
1916
29403
289
9016
19291
19928
14936
4165
12329
4906
3332
30744
4738
10135
2076
95212
23374
6179
4143
31526
12134
23081
1200
98377
98852
16060
10620
96144
28275
21822
16558
5220
7022
14656
167
17506
28379
98984
21079
31593
98881
30414
975
19867
21524
20121
23306
13853
96373
15065
13562
12825
1880
13733
7376
2299
2381
1193
1935
24038
2338
1472
8146
26230
18697
18135
19931
25276
21174
9471
26591
12917
79
28371
13967
9100
18327
17931
97006
21969
21336
15455
23103
20473
14096
26528
29062
8663
18655
26899
22755
96884
28078
9231
26226
970
25507
8153
1879
16063
98454
20669
25097
2144
19431
17520
11485
5987
11747
95816
9424
12098
2291
2795
20631
97390
16488
25808
96928
3727
19090
24369
5904
25075
16111
6625
26277
18008
96536
7293
12210
19681
7898
18829
99572
17443
3660
5342
21071
31385
3023
14621
16342
96830
12305
26806
19611
24156
26934
13806
98471
4122
6335
11837
8110
8100
25532
25839
5765
31766
16693
26877
99060
13725
4820
25127
96500
98165
21462
99172
30335
21157
10803
12334
21269
21310
26123
27640
95660
8145
98851
30641
96559
23408
16829
29037
13397
18537
95771
5873
4137
26366
16093
1423
19301
21864
99462
323
20293
19725
99435
16141
19715
22783
5608
96354
19108
98216
19512
32489
7171
27153
1173
23251
99777
6538
22501
6138
96451
28599
5980
21919
4521
15623
7910
18028
14317
15548
29136
8600
13032
27685
11708
30525
28021
31520
8134
9208
13979
12750
2033
24512
19608
26518
95862
99015
8233
26463
29071
25884
31774
23816
18399
96750
32029
10282
18597
21452
97629
12304
130
20959
6821
5365
28360
26399
21355
23167
23716
5152
19218
26490
17037
8375
15671
30424
2030
11279
15196
21991
10514
28683
9840
3027
3919
29662
22685
18014
96508
10727
11091
10204
630
96531
96622
98688
3161
20457
97753
19604
9563
5824
24609
6836
10597
10244
5754
10829
12725
24474
22221
27163
7367
96739
19244
11152
10371
735
20033
10651
10923
6389
96233
97810
13189
291
97158
9114
9927
97187
21064
23255
5826
6032
29152
6002
99582
12256
96404
18543
12802
16227
26516
7409
28421
16431
97260
8120
4691
32108
11297
22489
17826
17709
19572
2750
4999
95443
5479
31584
25195
13592
22110
17089
4530
5704
8296
7598
17704
95732
6473
19381
10926
24610
96541
23396
17957
22484
15933
32706
3993
27965
25686
19217
28592
9928
10536
27332
26195
5326
27772
16572
26525
22508
30297
95541
15106
9888
12239
24928
26819
95791
2053
95667
400
27278
29060
1641
19582
21031
99283
5926
10026
99660
3318
97465
9261
96158
8210
14625
13250
11671
27427
20137
96651
16522
8657
6504
31627
97893
98422
2687
5625
31997
27076
96687
24705
7008
2269
29434
12393
27229
12819
25949
96994
99402
99333
11340
25202
3847
7116
29263
18347
21153
1140
29724
1032
21544
11358
1813
37
12047
13726
13571
3619
23876
23326
2322
13657
17232
20972
27150
9277
12209
11972
7646
5267
2422
15323
21056
11735
10779
99111
18117
12774
7845
20360
29711
32755
19455
19864
19528
95689
12950
26677
28900
5784
19762
23723
31129
12783
18198
30153
10397
24147
1370
17262
96193
95571
96713
8783
11533
3507
9073
16396
99089
17997
16475
1909
1401
3786
13639
8471
97714
23786
24221
29709
16923
30897
95785
21251
99411
98728
8042
16781
24480
6403
8847
32168
8095
24911
18290
14736
31403
3423
98759
12739
96680
7350
31354
2900
21330
27880
28984
9844
5921
25285
10972
20796
8351
454
30946
1727
3477
15798
22787
9806
13326
4772
98580
20236
21455
12039
8945
19380
27923
15410
30150
15017
22666
4345
9147
99952
96721
97329
13577
16709
99243
2065
8970
7132
30824
814
5397
9333
18937
1176
5274
14629
16096
3471
13440
3377
18473
21532
26557
18133
10812
11653
96190
14678
3794
17135
9943
10057
5171
96037
2548
14627
30132
19877
96374
5123
10606
21057
462
15550
3906
25240
1767
13099
3340
20507
15276
29103
13350
13158
16268
15626
19486
30895
22471
28770
24250
5744
644
12686
8490
31313
19759
14759
22158
30810
10775
7627
1962
18521
16710
17459
11239
23951
30882
29046
8076
99969
12100
99223
828
29628
26647
25707
24754
14601
98330
1637
12474
13139
18810
27686
7793
16629
12275
98240
96304
4360
13413
97990
23316
17099
10677
4970
8800
16213
18051
29984
27480
96838
27266
2070
21734
32759
13078
5903
98690
3563
23347
1527
8522
1392
8819
27176
31487
97747
14200
30461
22207
25734
24963
10907
24482
8946
25939
26365
10534
5569
24897
25408
97716
16633
98591
8495
31897
1774
1601
21264
24013
6828
24189
99993
227
15521
18469
25259
6604
19853
15605
32511
98408
940
8488
10707
17742
20004
99963
24451
98375
12971
19862
1261
18096
96123
18635
12033
463
96629
23375
14981
9796
98873
20938
97739
21500
19643
2378
12489
20945
16433
28068
9735
99901
17236
30478
98784
12303
11705
8955
403
17782
11244
9272
97818
1069
98156
17991
24356
8191
5235
98924
4998
8525
32045
29010
17399
21262
28057
18584
21401
96819
29915
19131
2988
7490
15443
31467
24155
14302
12042
7541
13767
19441
23388
4576
15187
22230
6885
16455
17201
96069
19632
22008
18476
8415
11676
19788
9142
27279
6929
31944
28211
11616
19426
10611
13190
13867
19332
22648
26587
26801
17263
23550
18614
17560
24274
99298
5691
30626
21629
13829
20670
6446
25353
21250
99477
97966
19276
18930
97861
15097
5371
12433
18351
17114
10655
13060
1325
8250
4540
20333
12195
96289
24639
11470
27384
27107
6183
18721
12561
5001
6261
31415
96624
28445
96366
97085
8386
14720
3475
8058
13663
99438
24368
685
19237
21868
30314
25765
19513
3303
29654
13185
14796
14665
32466
12828
98157
10827
97746
20523
2285
19331
20776
13718
12988
21478
31090
15641
19683
14974
12233
98844
4219
3174
16776
9682
1965
13
7834
3984
14402
25002
6824
27758
11884
13565
7298
25122
5077
10310
1996
26906
16103
13449
27884
25050
96360
1794
96088
31127
25865
4069
28999
23059
14821
21081
18394
24761
12383
20918
4744
22779
23776
14332
29450
30186
22940
4502
96115
1814
28576
14926
97351
9383
97636
22418
24089
99371
478
31720
96610
15360
1866
20398
5477
96113
16439
99520
16895
3610
7251
19806
18059
14879
12715
23892
11734
24494
98498
7948
96143
16177
1310
99627
2316
10122
96756
12695
6920
8048
28377
23056
1534
7693
30144
976
25466
20183
5640
19216
17358
7341
18081
27133
13052
52
4667
21291
16353
19826
14349
8536
4517
31915
97764
30820
22369
10874
31866
13198
7697
19250
99085
31987
99778
19830
97047
10819
9951
10261
96981
31428
9504
3881
20066
99464
97133
19570
15912
20216
25094
98794
14206
20593
24882
1468
21395
21857
15013
31281
17884
17010
25995
7481
22425
29704
12668
3058
99973
98703
12011
3974
28294
30376
460
31816
30380
9729
10886
5136
22795
14899
4378
10202
1503
22607
24211
29851
443
10314
28848
30565
11989
14136
99002
13501
6799
711
28442
12091
15176
2558
20215
96913
19044
32565
14763
3776
9881
30550
14928
8264
27258
12884
3576
16365
9031
99843
7968
14209
21493
19352
31577
5839
12411
24282
20276
1270
15710
8360
13421
97361
16254
821
24154
28129
10273
2274
28821
1354
26943
19842
96648
3664
97225
2260
23926
13024
97407
26171
96435
98090
32475
19906
98366
24871
26600
31311
531
97812
7582
31012
26700
24335
30304
28317
14445
26938
28245
15399
3681
12958
28088
25470
11171
20321
864
17194
99286
2155
32657
2106
21276
5698
6915
28992
27111
29477
5682
16015
6851
16486
31975
27570
98558
31499
97644
97437
15496
31654
26520
30076
16104
32115
1818
26689
10717
10418
3591
6862
23475
23622
29346
99716
1339
12941
9479
11403
9596
32128
8307
21650
11165
13837
209
3019
2832
6835
2184
6114
19970
31070
17026
17754
29185
24707
11391
32451
6893
13181
5530
32057
26659
24105
7451
28190
30694
9151
32125
10778
96402
17650
4034
22865
19193
31049
13044
98646
7077
30654
1022
13743
98388
2711
4523
28728
23429
27268
98644
98279
5930
23800
5555
98621
659
99942
13076
1524
21621
31759
26879
18533
32378
99556
99101
98627
4910
8530
233
9851
24103
24550
29312
1421
14965
11148
19372
28303
29515
15919
11183
12517
15085
26205
28137
7233
988
3813
3237
23128
97101
8630
4132
6629
2963
502
30185
26337
8852
98414
15430
19458
3437
13537
32294
6516
99321
11380
19227
27861
29996
4668
10153
22134
9870
25826
99931
14286
2261
303
9702
97972
97471
20204
32644
25872
27186
25848
13042
28066
97674
8362
6820
29940
10319
27752
98921
30556
26758
12678
20113
19333
24831
12642
99978
8613
32356
16832
6411
7170
29271
10337
7919
23719
97489
4585
10167
9313
15408
24561
24937
24318
9302
19049
13724
14536
29095
4147
18750
6462
6918
13051
30887
7956
31389
31323
98955
31084
27335
14894
7976
14932
25913
6195
15320
32386
12402
19685
23893
1613
26468
7063
15974
7150
26466
97899
99365
25334
96769
15865
4321
27921
757
99233
98282
12284
18910
24541
20038
14530
6160
24422
25538
14397
19028
30812
25786
17611
5786
13847
22774
97866
99210
21668
97224
31080
99998
30246
31670
29431
28435
10100
1543
98133
8108
12270
16143
31412
6809
26785
7770
11936
13975
5790
14961
99478
20096
1174
98389
19321
12982
22456
14130
96742
13520
23502
11346
16487
22917
17044
19976
7234
31959
4698
1737
9835
29827
16348
99868
12212
31911
12127
17199
7676
31411
99502
23246
27825
25236
96602
11973
8836
18974
96660
99312
98341
98667
5581
27506
11744
29005
18006
11092
17999
27761
22628
5440
11234
2257
29964
787
13172
17375
25295
30686
15824
7357
29681
24687
29228
15209
29720
21534
19941
9769
4391
475
9594
99710
31579
13687
29389
5295
14502
8497
3223
21687
26442
22402
9003
26607
27576
8492
7789
2074
17833
7039
98093
22797
2172
19181
29982
20950
13009
3536
17811
5167
24933
7032
98409
32292
6447
31610
13349
98319
9402
8503
16017
4225
98664
6057
15932
8500
98663
26996
97743
9520
11940
12587
11967
97449
99028
32224
7934
25268
21625
30705
30086
25993
23281
29201
27371
31576
4096
96855
98187
31647
27083
253
24501
16040
31369
17356
8975
18425
12894
14979
4072
15096
2169
24568
12745
99908
1899
16609
19780
28378
30921
98332
15799
99831
11268
5692
25662
2730
5255
29659
1015
18397
15120
31261
10107
16900
15954
28163
27547
29589
24266
22257
19290
11594
20960
29440
18730
17164
98839
16262
4457
15137
21370
485
29212
2968
22231
31891
17389
12787
28540
15465
8289
12565
8131
10798
348
16748
18903
19557
9689
16225
1425
25942
22500
99268
7569
22873
28635
5090
12191
2409
97868
20577
11330
3559
23216
5885
12703
32172
3184
98917
32150
11604
21782
1438
29466
4808
3279
10169
28368
14604
21440
19125
26346
28746
20991
2799
4675
9757
5331
26805
4797
4640
9517
31601
24281
8889
97606
29461
26263
22049
29759
13256
12175
98927
2831
96949
25679
6531
7501
9155
98599
12815
27464
14568
5902
26213
2593
4593
27312
4195
6922
5598
23253
12613
7101
19753
23289
4211
11326
98638
29686
9864
26067
28165
2589
16550
8003
15878
30360
2040
14925
10336
12285
22918
22121
12627
32309
6719
1221
99824
30094
29506
22904
98829
13597
8815
30219
6755
9305
19245
26921
14016
11251
29563
32676
32664
9721
6459
25258
21140
301
3005
8007
27755
21410
30089
29468
24397
22679
17008
31328
5005
98080
19924
6934
24208
8911
1333
18831
31732
21168
27391
546
29955
13511
9617
5160
16985
12251
1679
6716
13267
12104
96896
15283
27322
8090
28720
4952
29231
13931
31120
22380
16855
16768
17200
7899
14025
31009
23857
97383
98518
4535
11265
99084
12634
2218
99149
10713
21538
26747
15801
32498
17436
31
32155
13066
25126
18846
22419
32022
7504
31723
15928
15456
30612
1028
6766
6080
24760
24907
4602
13851
97947
8486
28235
27675
24860
98023
20358
31534
5832
98853
6097
15812
27079
18156
15075
23747
98740
7014
24011
27213
6153
24909
29438
32180
14491
31705
97010
97727
17589
22663
28456
32274
3885
21684
13813
12555
32162
7805
3221
30368
12326
19668
4591
30632
3884
10981
11228
17494
97097
29353
22766
2293
7601
29386
24188
9185
19652
23480
16112
30919
20247
99569
9299
7455
98511
5147
11032
14825
1091
30940
14631
16038
2578
24061
19755
16792
8865
10051
97964
10556
3972
16673
17173
31494
99204
4250
11080
27486
16361
27226
20068
2777
28727
3345
17683
11451
4742
23313
6602
25260
30296
98506
12756
10680
21092
26820
3741
9355
5761
2877
4931
97763
12242
3204
14937
22137
19249
28404
26620
17571
25055
629
17434
26091
7276
26831
18688
31325
99665
14671
29220
31564
22840
16287
14132
16974
31477
4577
16222
98887
24866
31245
30943
27870
32628
28299
208
9541
32184
5650
1839
21545
18049
4801
6955
244
19471
4222
2994
1918
99429
21133
18495
18370
13884
15475
28127
18145
14749
4620
27780
7515
97163
27369
28813
20107
21827
99601
31892
25954
20623
25130
98060
29287
17828
7672
29357
18157
31607
9557
19650
2452
12855
24195
21554
5
6844
3038
24173
10728
2099
13820
18216
2344
26633
10506
11236
13162
99655
16740
14267
2249
4877
99062
11121
11221
31523
15056
3513
5836
11005
7310
12230
27161
31965
10473
29204
20493
98343
18455
30071
4571
9360
24171
9315
14808
9470
21416
16508
24307
17095
18855
24671
30065
6283
32299
2481
16619
18132
5122
21352
17291
24312
16223
15447
18053
28749
4470
8703
22483
17293
24408
915
22835
4235
15
32075
31844
14870
24059
99817
99161
23595
5997
18583
1362
14433
10884
31952
9762
19599
26694
20176
5154
8129
11009
24078
98686
4445
97583
2058
11086
97429
98697
15707
3687
4605
9120
28410
4547
12711
3898
16335
7140
32540
10351
26235
1636
19942
13495
27494
1009
29741
2644
12043
17287
31152
20652
25729
27886
10469
8168
27725
21110
99740
31693
15205
29680
99115
97580
14982
12013
6665
671
18874
99083
22130
3685
21539
99001
14450
7422
8203
14033
27014
24804
18223
180
32028
30104
842
30173
17342
26941
15071
18755
27775
369
99439
99117
16548
30574
17673
31963
1429
10080
27462
12575
20741
28423
20390
22526
23390
14223
18775
20281
7281
26285
3670
28321
15966
13053
20992
30865
12992
97333
986
32686
30236
25341
23203
24029
19849
7449
6042
6276
2722
16566
11787
19972
8619
1036
15134
2164
7682
11427
31202
4513
97413
10856
8087
9284
21965
30226
19514
5764
2754
28342
31573
22958
21660
12967
8455
27442
12102
12178
24401
4832
17289
26073
32673
2659
16191
6958
7330
27132
27573
30833
10309
30337
20064
20173
14858
99680
24514
16
98932
97849
9373
17994
31081
12092
99157
22184
99279
15036
32688
7057
27973
28904
98757
512
12704
5556
25751
99588
7755
3725
13264
27443
12054
10834
274
2708
16583
1681
31893
26159
9631
11781
7464
2574
31276
19535
18856
2360
26192
4850
7329
25038
13968
11155
20036
21605
31137
21360
4236
27300
3631
31775
27050
10527
19694
3467
22712
10357
15078
9515
20637
4519
28665
28291
21820
14778
7607
28895
18147
22671
25189
98261
10225
5888
21577
12249
26824
28734
28986
23310
1525
8809
24167
11435
98177
10863
98056
13476
6440
1831
21375
28508
1074
16304
15416
22559
29104
26886
10274
20708
26209
9957
16101
31555
1911
25569
904
24242
18565
15556
5637
30726
19370
23337
9483
3624
32766
15193
15380
26646
19003
6500
22954
16412
17325
385
31220
4178
23389
16297
389
5207
25980
99301
98134
7245
25868
97648
9573
3351
7124
29999
18840
10705
11397
18078
7220
655
23335
31765
32402
9304
14280
26082
16511
26211
16230
15444
31941
28819
16155
31069
13817
22319
1418
28012
24454
26597
11912
19339
16121
1023
5389
10423
20877
9190
14172
10878
8696
24534
6511
99176
14966
6626
29096
1882
7958
9514
11188
10591
31811
1626
3521
26072
30100
10596
98883
19982
16599
10368
5570
7109
31066
99
27271
14995
22394
19901
16135
24706
14449
28663
16943
12775
8794
11565
19378
11396
12423
13160
16624
21979
5126
4895
99678
99781
5232
3823
99403
32399
98447
23704
4242
28301
8609
13113
22170
25084
26873
17103
23135
22114
1461
28906
97983
2925
19669
30384
23999
6167
21482
15381
15217
8959
17318
3163
807
98945
2723
32711
29912
1319
7282
13988
22738
20634
10470
16763
6048
10794
30625
21139
25659
3541
21470
5285
1142
23973
13439
17123
934
8396
3160
24106
23440
17925
99608
7045
24471
9512
99236
26596
30244
15373
3053
7452
27735
25253
9282
17441
28654
29269
22794
129
31605
7317
4354
290
16557
27848
14320
4670
23872
12636
231
11422
26021
18467
23774
7701
4687
2546
4467
10047
6940
20859
7162
10873
98274
22886
19659
18465
9695
28085
18124
1041
738
11352
98670
20568
11452
98006
6591
6458
20069
97994
31921
11882
8711
1682
14758
9604
24616
23581
17983
4559
15639
18343
16691
99671
16534
32149
32667
20085
968
9090
24191
18620
8540
98407
99616
4160
25594
30382
134
99022
32492
30951
28364
24196
23822
12938
5290
30537
20986
25439
6850
28556
14702
29898
21550
10175
20736
11242
15816
19477
22532
28403
8635
28153
16827
22986
19273
17105
1471
98625
30429
9203
23213
26964
27218
11238
26388
20803
24964
3292
13468
31600
15126
31854
29048
795
4485
20633
19472
21788
11372
10743
29929
32577
30232
18241
4823
12009
24910
24067
13668
23263
27482
5280
4482
21626
99335
31111
5230
15349
30666
5046
6374
5130
30546
26734
19086
28884
6606
4663
926
32229
5278
17685
12495
22436
9518
23563
1926
29675
10439
19407
6721
5600
12438
5837
5952
2323
32251
7776
15735
8151
4886
27982
21426
12516
17294
22403
11784
99442
29091
2833
3459
16123
25462
28263
26127
20308
23701
26575
22179
13962
26572
27179
24493
2844
32041
25330
98671
27093
28751
25960
16005
32290
21247
12060
32213
27061
14306
24998
2365
1881
411
99926
17303
17687
10763
27363
29441
4489
11750
23045
31492
6268
2165
2834
13569
19147
27563
25992
13022
28025
8301
98991
30704
11278
15133
8857
29738
27190
4199
4814
19845
20630
5710
8283
17329
20721
7543
29571
14844
7546
3767
22054
13186
20346
6362
29817
19860
99336
31413
16134
1132
7862
21869
18918
19985
21203
13064
17723
22407
29215
11571
98248
28729
14874
98856
32186
28586
14144
5841
13630
8537
18016
22689
13225
756
9532
19219
24666
24767
3680
3293
17380
7237
7238
98378
16715
10560
28585
1623
18557
3268
21799
4703
24077
27313
26141
29765
5173
27993
24766
4913
20749
4975
13171
18749
32262
12338
30585
30009
31916
10714
22199
26813
31899
16961
6367
7795
3777
30164
21447
25764
4564
15546
31496
26627
21525
98474
19158
19129
1605
9879
18977
13231
23526
32407
24555
545
29878
17942
14315
4450
27495
26684
29281
14571
9634
567
23354
29865
16701
9253
99659
24967
15034
21569
24440
31288
10498
24651
12926
16456
98973
18748
1058
15716
24260
21801
6912
2279
2864
4982
27720
15783
17028
24381
5526
3073
12145
11264
15887
21537
23481
10381
23231
29846
98964
1072
4656
99225
11468
25118
15182
5514
2818
18207
13177
6502
22172
3452
2025
18214
26860
11050
11849
15393
3066
22071
18573
21654
16001
21363
12310
14324
21804
31585
17415
31082
5392
16735
99866
14513
9068
18707
22395
28439
26270
22040
98701
99551
13416
8680
7648
2677
26979
25611
11174
29414
17857
6271
26495
26945
11081
20585
13318
16184
6286
6396
377
12187
32113
17576
98494
12581
17625
8837
19776
21895
12207
28672
26888
99098
23839
4294
10267
1134
99554
22768
9750
27664
99830
30064
8868
1180
577
16057
24729
11526
1240
436
2124
15041
13120
2784
18744
32394
15627
32714
14036
13683
3245
21167
7344
21041
10681
23662
17875
19112
17503
26803
29523
21942
17956
16479
32308
17726
994
99137
24709
26743
27905
14817
8631
99474
21494
21730
25151
8439
11259
30267
622
24433
22543
32764
8334
25179
26415
2871
27200
22203
22996
13865
32019
496
19631
20647
21095
11711
9379
13002
99712
31905
6145
18908
27379
21069
12553
10116
17446
15491
9632
7983
98651
2075
8269
15808
32090
28236
22136
10106
23705
1599
2020
10284
16655
26325
17260
414
19317
9399
3324
17466
26955
6302
16593
15869
21816
6627
20467
19358
30373
6472
12786
6143
7319
18439
10207
98795
20428
14107
11404
16271
14359
6860
98550
27028
20735
7807
27729
12956
27029
29886
6501
24165
11156
3973
5736
9883
9662
11469
27180
19977
5492
9053
19689
514
27542
7119
25918
22027
18587
8671
4708
26061
27635
14842
24499
26937
21147
26373
32089
18170
256
19564
98478
28962
13336
22637
15294
6159
30141
8869
27946
32669
20555
27354
26238
657
7547
25609
736
4163
11393
14258
9463
12428
15203
28001
25697
23025
32666
98579
8313
9744
14830
98604
5193
12362
4493
3696
18380
10928
12908
30466
31335
30001
27361
9175
25256
17155
17535
25935
24384
6737
21556
9643
30013
14885
15775
99422
14219
12951
9654
22277
99971
15157
4247
16670
16307
5044
26284
28837
99397
31447
7428
2428
26458
1950
15599
9836
6496
28849
18139
18488
3283
3598
11373
15586
2094
8432
24033
11067
2214
11777
9893
11951
2278
30146
99278
12113
2318
22329
27181
25124
13293
10459
19133
7594
15740
21435
12845
28337
22173
15603
24261
6492
21011
18769
99737
29294
22211
1860
23391
15581
15148
19208
30752
30613
26147
18703
11257
18315
20689
31409
26311
27141
1520
22805
9423
23334
14916
14945
19027
7359
23127
23840
6773
98488
10615
28147
1360
24425
19955
4986
18771
28953
26260
19587
9183
9168
1368
11378
3362
11365
11125
16883
15156
13152
8843
13277
26738
19847
20266
24680
6425
98819
22662
99337
23589
99446
16760
25035
17258
16618
20151
28649
3827
17797
22102
14666
18329
18806
21631
6982
99568
25717
24944
13527
23082
3405
25781
99264
9949
25701
8615
11943
17974
24209
31011
669
23051
31770
31885
20146
11499
30730
99941
19178
26488
7099
2539
23607
5384
8864
13712
5345
99794
23125
98900
7990
19042
27364
7015
7797
17737
29528
2865
20982
3428
26247
22565
1693
7777
21530
28974
8831
99519
2527
13528
22229
25113
14673
13514
17440
20962
3431
32385
7324
3358
23707
1361
4328
9876
25405
2456
4853
31982
12792
6466
99935
15961
15524
1412
23528
1885
13645
27091
3851
22780
8066
8229
18945
25104
18401
15979
17373
22496
3041
31052
14798
23043
7649
2085
24004
7544
12656
26176
31587
23300
15326
3410
7975
15566
13570
1337
19415
18232
1099
25845
2606
30974
1547
8422
24262
7827
21762
16967
29255
5306
17448
25577
30671
30306
13502
4146
7587
29126
13462
23639
5142
16579
4256
23768
30392
123
18359
20283
9154
25641
2476
5387
19903
99498
11923
23570
21373
8923
21067
4052
10805
2599
82
28750
26105
21108
7114
27119
11357
31285
28613
2774
7527
25443
5079
12620
32442
5399
4317
20354
13568
14442
29193
99886
22423
3211
11824
27297
27262
20000
5462
10893
2689
19937
11897
17525
6050
12913
12700
5589
10697
8574
2582
1204
23470
19483
3356
26662
14340
6747
20618
26119
21737
29233
19960
25076
27021
21894
15867
22924
27168
21402
22458
18919
30208
2462
24756
31318
9250
11921
14542
18523
31167
26201
20130
20713
5954
22564
10245
4831
26479
17408
27352
26305
23767
5047
4627
26551
2426
8943
15117
10698
7356
14976
14095
22876
5004
31511
19739
8167
9938
99226
22519
27129
17432
23422
11392
27246
7291
14518
29740
30446
99399
22972
26590
6568
10783
29492
5872
29775
309
20861
9853
20563
20650
24076
13549
30819
19965
29700
19910
14114
16138
24
99377
5927
29868
10148
14023
16442
15282
29449
25895
3531
4103
14151
29620
15028
7708
15072
6441
15922
24215
20970
99928
13856
22593
28020
14060
31349
21547
23069
24780
13822
4129
10737
27791
8286
15186
1413
9361
13637
18751
24660
21136
1263
26339
19547
24178
31198
7716
26866
14676
12250
29560
10476
214
14376
2521
27633
1700
26376
6381
10009
10311
1652
16751
6348
9005
2581
3043
17367
20725
8328
7545
11729
30717
15825
28481
7343
99741
31517
5007
20388
31755
26558
21935
28476
9712
10083
16331
12475
20910
31126
21275
26802
27214
1659
32334
2273
29730
3269
7734
17747
15114
19705
5305
23734
29960
19945
16886
16378
17670
22122
27574
99350
18917
14423
24341
20882
9672
18634
22639
26377
10656
8599
32142
16542
4346
2059
30227
2666
31238
5348
28196
177
1514
31123
3927
16956
19784
32431
15325
25077
5388
6076
6129
13251
28538
10268
11649
4262
13686
21844
13852
3605
1043
642
22302
25750
10849
20764
23577
99503
13170
17132
15237
169
30892
22859
29098
1947
26709
19868
32204
16984
99492
16139
3479
31136
7522
29061
8907
304
11794
31225
16171
30997
15008
29647
25250
7762
26780
7079
26550
9907
764
27477
2608
25586
32360
4891
9226
10762
4551
27687
27803
13530
20233
16463
17920
2301
26676
779
25805
3047
3252
22449
24051
20290
2781
246
26354
19337
8643
5539
21570
1508
12094
5781
8701
23877
9782
16890
4816
31427
31030
16329
12579
8501
25903
897
16006
22545
18571
32548
23901
11652
29300
885
205
3028
5732
26992
28392
24053
20463
24840
24854
32616
99974
294
3782
13147
9006
29921
11860
7932
12858
25081
14396
799
31461
25752
30846
12563
6908
15435
14931
30399
9322
1596
6673
32259
25291
8372
18778
23372
4406
5071
20874
18295
11334
7040
8288
99313
19561
11974
27373
4078
13419
8239
12989
27217
68
13196
31043
99714
8224
17653
28040
3152
2990
23807
8214
18694
22956
20026
2336
23879
10162
14319
27893
26184
32316
2585
27302
29866
7421
26276
16628
6865
99586
31715
5502
31363
2402
13398
18987
19908
31887
99504
11476
9967
13656
30900
3380
25622
18590
19834
1299
4510
31097
19296
32432
14357
12106
99626
17774
20821
13315
1904
11457
24797
99362
10894
6489
27501
20057
7917
30862
18914
14561
26295
29198
99752
21121
15957
24516
6764
99476
11757
22539
14856
4261
16411
22034
27924
31239
31213
19600
28065
21652
28708
11946
22345
31229
5543
15139
2247
11072
8009
5573
16592
16815
6334
31503
12853
14399
1754
6686
2878
14612
13067
24799
11327
6988
31767
18036
2430
32011
18456
24549
29767
26054
29623
19210
18255
7378
23207
15287
12872
8238
21859
14120
8388
26511
18474
18862
30798
24492
7993
17049
10692
18889
21578
16999
20985
27528
22860
10029
25994
15086
1123
9028
9215
29363
22817
2615
20005
15053
19204
8171
23465
20797
21810
30222
11255
24346
882
9156
28243
26078
18540
25486
99432
28911
15652
25468
10479
30576
9651
21398
11634
6728
22342
32391
20353
10865
23387
30858
23812
9092
27704
12439
3234
1668
9902
28624
30881
16617
3342
4904
12543
3055
14187
2901
24784
28702
19728
28406
17113
22812
9027
11015
24940
26033
7482
7555
23941
24602
10588
9818
14628
2705
30651
31380
24811
11291
17872
17861
28922
2451
23415
26035
28937
14069
5420
19524
965
27887
6023
21421
17775
20132
2036
4311
21937
19393
26293
28690
18626
2756
26140
10240
31676
1930
23299
20154
2108
21018
8846
7494
21305
6575
6436
11581
29480
28682
32425
15542
26959
28920
25599
17528
27240
14880
32190
27742
12921
24336
30769
10764
8177
17801
10387
5587
4614
5641
14218
16864
17996
11417
8419
8107
12696
13783
9357
16285
4117
25669
1241
30465
10406
27090
11762
14383
32638
8616
8858
10486
29692
5686
18982
17225
1482
20352
31674
3116
15672
5541
25287
11487
29396
5040
6340
31307
29261
1698
4139
13995
13448
25790
11445
6526
11522
10517
9432
27051
26215
12116
2175
13812
27249
19404
2315
30624
12549
3009
24201
11106
4747
18934
26163
11406
31116
887
22059
24190
20369
6312
8821
28736
24889
26253
28468
18052
13722
25690
11304
22468
5340
12604
99967
1715
14866
15976
5464
18153
27738
356
17398
6094
31543
23188
32581
8646
23084
7174
6415
413
22428
23680
21987
3636
10975
714
14670
9324
21927
13623
23386
17745
5269
6520
9029
4745
23317
4260
901
29949
5760
23425
4859
31176
13427
21271
8053
12639
10348
8565
5480
7424
27813
9924
22765
30303
14900
30349
27644
23949
29793
6469
32230
14635
841
32289
16406
99806
6579
18710
7179
2484
8753
26928
9871
32167
20345
8983
27707
17456
3075
31709
29487
28158
17638
12299
3596
21143
19438
8942
23604
8256
19712
29213
4933
32297
4786
6477
28113
19675
5668
21080
23393
20709
5667
7561
19882
21443
12671
7724
16144
1809
16555
14164
20059
13808
27285
5358
2999
4279
12486
3333
21232
7900
28348
1366
20205
8996
2182
18709
621
32264
17568
31488
29183
23145
3343
4004
19269
12406
5054
31726
9579
27355
5658
1012
14052
14893
15339
22019
7271
25237
19828
24042
3368
4026
15565
31879
6233
31475
15998
3986
18402
28588
27998
30120
17502
31255
13740
31386
22103
19478
878
22517
24773
9318
28681
13779
12483
17422
27424
22499
16018
15882
6832
25269
15315
11570
28266
25930
2814
99951
8786
4826
31784
11552
11415
22759
27380
18376
21172
15745
6617
25339
25031
12761
26261
11401
17968
17675
13295
8427
32363
25382
9395
23789
9521
3199
1001
13723
3788
12598
30294
25200
13753
7431
20791
17851
29315
8021
12860
8019
15069
23410
13505
13694
25600
27955
24659
16413
9286
19890
11360
8731
20486
9317
13631
15638
3504
28766
32354
27470
32043
13795
24024
27597
3693
7216
27912
19670
858
10121
6827
8337
22753
31622
14857
2038
4947
20889
11127
24569
10756
4066
31247
7415
3623
11318
2736
8287
2277
18284
14391
5282
27839
11497
30973
7006
22052
8813
27027
22984
30548
13341
22715
12122
11126
26835
12457
8892
19702
2724
22906
20726
2851
28594
28915
27350
15111
28466
29565
3229
24456
28351
12895
31728
25791
13280
13116
6141
19095
26069
21710
2026
15016
27560
21731
29573
17748
4723
5015
21032
16930
10221
12243
7148
3929
30010
22788
26897
11486
17906
29214
19371
28241
26481
25042
28559
16485
19552
11277
19583
15742
16514
12467
30356
3472
22722
11164
22763
19765
2940
20941
26257
30735
7435
10234
3506
4702
19602
28219
30975
3556
27917
15628
27487
9719
22168
12169
16856
12007
23553
14056
26559
5265
12427
29497
18717
1090
27139
11613
3939
32207
2824
20035
13392
18420
16789
28520
14113
1004
17874
24718
32761
23632
1306
16062
15761
2868
1358
30843
18723
13182
11355
23366
23699
18823
22536
1625
9950
1783
29188
24222
2758
9692
27694
24559
5052
24331
20773
26515
27920
26554
21778
21496
26454
27228
4787
5548
22554
14014
24746
3488
24519
9570
27398
21662
25043
27162
32017
18442
15150
20967
10075
30679
747
10258
11782
20939
24878
16010
27474
9718
18519
21887
4714
24686
7279
24126
32367
5198
5330
21838
31172
13296
25629
12234
10650
4713
29272
6144
2494
2628
13670
30025
9377
25985
29611
31530
29607
25294
31998
15274
5043
29702
9680
30964
14834
4586
4252
12847
5350
16669
4496
10140
1460
9316
14460
20976
23984
14365
19706
2290
3111
4863
18653
21846
